{
    "molecule": "VEC",
    "atoms": [
        {
            "index": 0,
            "element": "C",
            "charge": -0.3465485235125634,
            "dipole": [
                0.03911849432626167,
                0.005259528666712463,
                -0.013986902602591186
            ],
            "quadrupole": [
                [
                    -5.092052574438087,
                    -4.89698840239694,
                    -0.042620500195428346
                ],
                [
                    -4.89698840239694,
                    0.023869567200437633,
                    -4.998182961447022
                ],
                [
                    -0.042620500195428346,
                    -4.998182961447022,
                    0.016212541217385357
                ]
            ],
            "volume_eff": 37.63105546783064,
            "alpha_iso": 11.821273968952033,
            "c6_ii": 45.22223160003104,
            "c8_ii": 1297.0454644227748,
            "c10_ii": 46609.33091685669,
            "slater_b_init": 35.17550697264659
        },
        {
            "index": 1,
            "element": "C",
            "charge": -0.19598356256844873,
            "dipole": [
                -0.04147079717930861,
                0.024583923533942932,
                -0.02145659766370673
            ],
            "quadrupole": [
                [
                    -4.808853044047699,
                    -4.568561131901045,
                    -0.059217960346335446
                ],
                [
                    -4.568561131901045,
                    0.01629421239109106,
                    -4.70368158452096
                ],
                [
                    -0.059217960346335446,
                    -4.70368158452096,
                    -0.01675943222147093
                ]
            ],
            "volume_eff": 34.904840921075056,
            "alpha_iso": 10.96487149353143,
            "c6_ii": 38.90724833420883,
            "c8_ii": 1061.353123119682,
            "c10_ii": 36274.69312920058,
            "slater_b_init": 36.06843324225986
        },
        {
            "index": 2,
            "element": "C",
            "charge": 0.15140404286189746,
            "dipole": [
                -0.022516327595164014,
                0.12091823521940218,
                -0.0046184527082207
            ],
            "quadrupole": [
                [
                    -4.051656086338832,
                    -3.9365077423228625,
                    -0.040599711310493475
                ],
                [
                    -3.9365077423228625,
                    -0.06151582997216062,
                    -4.046680029115025
                ],
                [
                    -0.040599711310493475,
                    -4.046680029115025,
                    -0.01838416439790535
                ]
            ],
            "volume_eff": 28.566167543267813,
            "alpha_iso": 8.973665196838056,
            "c6_ii": 26.059324202960585,
            "c8_ii": 621.9709175347228,
            "c10_ii": 18599.080200471108,
            "slater_b_init": 38.560131442289205
        },
        {
            "index": 3,
            "element": "C",
            "charge": -0.03867814404010694,
            "dipole": [
                -0.10558636307909156,
                0.06312690870049868,
                0.07595679486220304
            ],
            "quadrupole": [
                [
                    -4.265083059974753,
                    -4.404067826750175,
                    0.03459474839450003
                ],
                [
                    -4.404067826750175,
                    -0.07005581918006476,
                    -4.309995671361464
                ],
                [
                    0.03459474839450003,
                    -4.309995671361464,
                    -0.03298577391297787
                ]
            ],
            "volume_eff": 31.283335572368088,
            "alpha_iso": 9.827225834251754,
            "c6_ii": 31.252538403042674,
            "c8_ii": 792.500618055212,
            "c10_ii": 25178.414647694342,
            "slater_b_init": 37.40975071385159
        },
        {
            "index": 4,
            "element": "O",
            "charge": -0.39259801950143114,
            "dipole": [
                0.027220654971830405,
                -0.09333249845159801,
                0.004984046014148655
            ],
            "quadrupole": [
                [
                    -4.039894987091171,
                    -4.002486430139531,
                    0.01570855764465343
                ],
                [
                    -4.002486430139531,
                    -0.03991263883219944,
                    -4.065169476720712
                ],
                [
                    0.01570855764465343,
                    -4.065169476720712,
                    0.007066200797617575
                ]
            ],
            "volume_eff": 22.863121275374837,
            "alpha_iso": 6.821041706465421,
            "c6_ii": 24.890778991663748,
            "c8_ii": 1006.8055793414653,
            "c10_ii": 39215.91226576891,
            "slater_b_init": 34.22809607539967
        },
        {
            "index": 5,
            "element": "C",
            "charge": 0.9661263782615901,
            "dipole": [
                0.0218067922257402,
                -0.026358339797650124,
                -0.005581031394024821
            ],
            "quadrupole": [
                [
                    -2.9197323694674866,
                    -2.9437984945186635,
                    0.02173378547781201
                ],
                [
                    -2.9437984945186635,
                    0.05350705814359264,
                    -2.8312195709132566
                ],
                [
                    0.02173378547781201,
                    -2.8312195709132566,
                    0.051042069250936926
                ]
            ],
            "volume_eff": 19.56310049099057,
            "alpha_iso": 6.145476594028452,
            "c6_ii": 12.221782830952929,
            "c8_ii": 226.63760017199115,
            "c10_ii": 5265.550993515494,
            "slater_b_init": 43.746495733492665
        },
        {
            "index": 6,
            "element": "O",
            "charge": -0.6049553271879944,
            "dipole": [
                -0.11446926961037313,
                0.12945368718241004,
                0.019690033928514015
            ],
            "quadrupole": [
                [
                    -4.40470668544509,
                    -4.414188733005296,
                    0.03494765427757572
                ],
                [
                    -4.414188733005296,
                    -0.009843118767311573,
                    -4.34348210518962
                ],
                [
                    0.03494765427757572,
                    -4.34348210518962,
                    0.05185888019946321
                ]
            ],
            "volume_eff": 25.653487112497412,
            "alpha_iso": 7.653526541850057,
            "c6_ii": 31.33720538470957,
            "c8_ii": 1368.6990967953168,
            "c10_ii": 57565.89764505886,
            "slater_b_init": 32.93915443857755
        },
        {
            "index": 7,
            "element": "O",
            "charge": -0.3965058321132098,
            "dipole": [
                0.0848550581646605,
                -0.021764515398500956,
                -0.014902814435619348
            ],