{
    "molecule": "DFP",
    "atoms": [
        {
            "index": 0,
            "element": "O",
            "charge": -0.9774156165805259,
            "dipole": [
                0.0010571116561163218,
                -0.1783488266899467,
                -0.24411622406932143
            ],
            "quadrupole": [
                [
                    -4.985550084175843,
                    -5.003421137491941,
                    -0.01886195051190309
                ],
                [
                    -5.003421137491941,
                    0.000168484790509655,
                    -5.042363234362835
                ],
                [
                    -0.01886195051190309,
                    -5.042363234362835,
                    0.003967072240439908
                ]
            ],
            "volume_eff": 30.560439700158092,
            "alpha_iso": 9.117479247560977,
            "c6_ii": 44.47199842741424,
            "c8_ii": 2182.7792815984044,
            "c10_ii": 103167.42334504791,
            "slater_b_init": 31.072394074057822
        },
        {
            "index": 1,
            "element": "P",
            "charge": 1.822756248185744,
            "dipole": [
                0.010599499490580089,
                0.06359858054019368,
                -0.0036451064722451197
            ],
            "quadrupole": [
                [
                    -6.173223907320973,
                    -6.240152891158634,
                    -0.01939952624776646
                ],
                [
                    -6.240152891158634,
                    -0.012256306583736328,
                    -6.397765503136737
                ],
                [
                    -0.01939952624776646,
                    -6.397765503136737,
                    0.02640865922655323
                ]
            ],
            "volume_eff": 50.50135716967522,
            "alpha_iso": 19.423598911413546,
            "c6_ii": 111.67375362275378,
            "c8_ii": 3571.115424562707,
            "c10_ii": 64673.08359579057,
            "slater_b_init": 35.896384540434134
        },
        {
            "index": 2,
            "element": "O",
            "charge": -0.979284062733246,
            "dipole": [
                -0.05339930006067927,
                -0.13843022836004265,
                0.26880581692841127
            ],
            "quadrupole": [
                [
                    -4.98938734055692,
                    -4.999220627792089,
                    0.017164477929737562
                ],
                [
                    -4.999220627792089,
                    -0.004276416460831179,
                    -5.055576112837241
                ],
                [
                    0.017164477929737562,
                    -5.055576112837241,
                    0.009838239397565474
                ]
            ],
            "volume_eff": 30.595634107695133,
            "alpha_iso": 9.12797923654993,
            "c6_ii": 44.57448824105046,
            "c8_ii": 2189.489077528688,
            "c10_ii": 103563.99238125652,
            "slater_b_init": 31.0604752266344
        },
        {
            "index": 3,
            "element": "F",
            "charge": -0.43279596024629896,
            "dipole": [
                0.12744388332568438,
                0.03754849879652256,
                0.010153427975650284
            ],
            "quadrupole": [
                [
                    -3.7829561741109137,
                    -3.7657042876545006,
                    -0.0018562690041368784
                ],
                [
                    -3.7657042876545006,
                    -0.021672012993845,
                    -3.763303471307707
                ],
                [
                    -0.0018562690041368784,
                    -3.763303471307707,
                    0.00042350345591090754
                ]
            ],
            "volume_eff": 19.38192644986433,
            "alpha_iso": 6.086885992519377,
            "c6_ii": 24.375119135479345,
            "c8_ii": 1124.0375870085816,
            "c10_ii": 48088.205354567384,
            "slater_b_init": 32.47728673804588
        },
        {
            "index": 4,
            "element": "F",
            "charge": -0.4325186109977821,
            "dipole": [
                -0.10794384464324186,
                0.07483359691368913,
                -0.017935978049263727
            ],
            "quadrupole": [
                [
                    -3.764503775533548,
                    -3.7810013057053458,
                    0.004680564601161565
                ],
                [
                    -3.7810013057053458,
                    0.022110202204712954,
                    -3.7640938249606735
                ],
                [
                    0.004680564601161565,
                    -3.7640938249606735,
                    -0.0027067159909284935
                ]
            ],
            "volume_eff": 19.37539692073823,
            "alpha_iso": 6.0848353965954765,
            "c6_ii": 24.358698555040288,
            "c8_ii": 1123.0280725187363,
            "c10_ii": 48034.22552164338,
            "slater_b_init": 32.48093462155131
        }
    ]
}