{
    "molecule": "DFEC",
    "atoms": [
        {
            "index": 0,
            "element": "O",
            "charge": -0.5747779673942279,
            "dipole": [
                0.17921324881485914,
                -0.0095371330879461,
                -0.0035055982071535144
            ],
            "quadrupole": [
                [
                    -4.354447971337557,
                    -4.387974448122954,
                    -0.037312809813267706
                ],
                [
                    -4.387974448122954,
                    -0.0030659028096232475,
                    -4.2499275195577555
                ],
                [
                    -0.037312809813267706,
                    -4.2499275195577555,
                    -0.00042675417868530597
                ]
            ],
            "volume_eff": 25.160528965746636,
            "alpha_iso": 7.50645615552662,
            "c6_ii": 30.144423547035604,
            "c8_ii": 1299.6815076681999,
            "c10_ii": 53960.56395369567,
            "slater_b_init": 33.15288495589885
        },
        {
            "index": 1,
            "element": "C",
            "charge": 0.9671114125297695,
            "dipole": [
                -0.03427637883342566,
                0.0018133393978857688,
                0.0005763819638027547
            ],
            "quadrupole": [
                [
                    -2.990824373814894,
                    -2.871948301758021,
                    -0.025893874517822074
                ],
                [
                    -2.871948301758021,
                    0.004496074420787473,
                    -2.781896866162542
                ],
                [
                    -0.025893874517822074,
                    -2.781896866162542,
                    0.0022551365004830886
                ]
            ],
            "volume_eff": 19.368057786152935,
            "alpha_iso": 6.084206634393592,
            "c6_ii": 11.97929707806912,
            "c8_ii": 220.66205576372644,
            "c10_ii": 5092.586850024389,
            "slater_b_init": 43.89285273437453
        },
        {
            "index": 2,
            "element": "O",
            "charge": -0.4020782838506065,
            "dipole": [
                -0.02929639884320607,
                0.07119790459536625,
                0.009176436946312509
            ],
            "quadrupole": [
                [
                    -3.979080508890557,
                    -4.057730997810612,
                    -0.014220965580525501
                ],
                [
                    -4.057730997810612,
                    -0.025740884713186706,
                    -4.0397235512743475
                ],
                [
                    -0.014220965580525501,
                    -4.0397235512743475,
                    0.010651588479140382
                ]
            ],
            "volume_eff": 22.739784155482987,
            "alpha_iso": 6.784244996663432,
            "c6_ii": 24.62295235686364,
            "c8_ii": 992.3871413977174,
            "c10_ii": 38515.16083764273,
            "slater_b_init": 34.28986718761131
        },
        {
            "index": 3,
            "element": "C",
            "charge": 0.3007475866300293,
            "dipole": [
                0.09601823287656665,
                0.13469666212499998,
                -0.10181178071193096
            ],
            "quadrupole": [
                [
                    -3.82870527293535,
                    -3.9149405851641066,
                    -0.023569192770736786
                ],
                [
                    -3.9149405851641066,
                    0.03441097533167303,
                    -3.8011291972698595
                ],
                [
                    -0.023569192770736786,
                    -3.8011291972698595,
                    0.04187215787436832
                ]
            ],
            "volume_eff": 27.347867235483463,
            "alpha_iso": 8.590953058267056,
            "c6_ii": 23.883947981525147,
            "c8_ii": 553.7248766683656,
            "c10_ii": 16084.086988749397,
            "slater_b_init": 39.124428884721624
        },
        {
            "index": 4,
            "element": "F",
            "charge": -0.2169451307075878,
            "dipole": [
                0.019428076315841834,
                0.006538608499776245,
                0.0031329128620776517
            ],
            "quadrupole": [
                [
                    -3.5518999857388076,
                    -3.545201118117341,
                    -0.03145753681345573
                ],
                [
                    -3.545201118117341,
                    -0.005232196358275338,
                    -3.4849147273837997
                ],
                [
                    -0.03145753681345573,
                    -3.4849147273837997,
                    0.024609454242256423
                ]
            ],
            "volume_eff": 17.77209949025427,
            "alpha_iso": 5.581320501071589,
            "c6_ii": 20.494170089264482,
            "c8_ii": 891.9878791264573,
            "c10_ii": 36017.305393610775,
            "slater_b_init": 33.42969965822423
        },
        {
            "index": 5,
            "element": "C",
            "charge": 0.30796741233462477,
            "dipole": [
                0.08824968410459694,
                -0.14370653232672206,
                0.09705323880066809
            ],
            "quadrupole": [
                [
                    -3.8215330999505275,
                    -3.8913254347327375,
                    -0.018612457950249725
                ],
                [
                    -3.8913254347327375,
                    -0.038904900823600985,
                    -3.7834295776050295
                ],
                [
                    -0.018612457950249725,
                    -3.7834295776050295,
                    -0.04285400494306007
                ]
            ],
            "volume_eff": 27.194446680218487,
            "alpha_iso": 8.542758119440363,
            "c6_ii": 23.616723465184123,
            "c8_ii": 545.4798830379008,
            "c10_ii": 15785.280107648901,
            "slater_b_init": 39.19786592388843
        },
        {
            "index": 6,
            "element": "F",
            "charge": -0.21803461232649113,
            "dipole": [
                0.01842248115108492,
                -0.008786866558944884,
                -0.0031807894390851314
            ],
            "quadrupole": [
                [
                    -3.554116903624714,
                    -3.5477972502430504,
                    -0.02894334570851749
                ],
                [
                    -3.5477972502430504,
                    0.004885774134823332,
                    -3.4843827882387046
                ],
                [
                    -0.02894334570851749,
                    -3.4843827882387046,
                    -0.02494077554365372
                ]
            ],
            "volume_eff": 17.782903951903652,
            "alpha_iso": 5.584713637787924,
            "c6_ii": 20.519096326377912,
            "c8_ii": 893.4346910472298,
            "c10_ii": 36090.34566291818,
            "slater_b_init": 33.42292792803391
        },
        {
            "index": 7,
            "element": "O",
            "charge": -0.4075028023697467,
            "dipole": [
                -0.035720764943713186,
                -0.07195676261930174,
                -0.00998049149707156
            ],