{
    "molecule": "Est_331",
    "atoms": [
        {
            "index": 0,
            "element": "C",
            "charge": -0.23756431700071623,
            "dipole": [
                0.007053959026912029,
                0.003379934709390413,
                -0.002657258581392923
            ],
            "quadrupole": [
                [
                    -4.8617156985839625,
                    -4.736906572089576,
                    0.09218912386353043
                ],
                [
                    -4.736906572089576,
                    -0.0037359021761484805,
                    -4.666412090546831
                ],
                [
                    0.09218912386353043,
                    -4.666412090546831,
                    0.08875736261565939
                ]
            ],
            "volume_eff": 35.29924781829408,
            "alpha_iso": 11.088768948155206,
            "c6_ii": 39.791480070886216,
            "c8_ii": 1093.6356799224457,
            "c10_ii": 37659.08014069769,
            "slater_b_init": 35.93359606938639
        },
        {
            "index": 1,
            "element": "C",
            "charge": -0.36254273570252593,
            "dipole": [
                -0.0021267704315768225,
                -0.026578933956834243,
                0.015511648509395758
            ],
            "quadrupole": [
                [
                    -5.071295970663276,
                    -4.943802978627532,
                    0.09374283957152088
                ],
                [
                    -4.943802978627532,
                    0.029919897218876577,
                    -4.849658279217299
                ],
                [
                    0.09374283957152088,
                    -4.849658279217299,
                    0.07725927656946123
                ]
            ],
            "volume_eff": 37.101680628446765,
            "alpha_iso": 11.654978207889036,
            "c6_ii": 43.95885342658864,
            "c8_ii": 1248.9575794281602,
            "c10_ii": 44459.38790936696,
            "slater_b_init": 35.34201480096961
        },
        {
            "index": 2,
            "element": "C",
            "charge": 0.8040874587748501,
            "dipole": [
                -0.0688465756959361,
                0.02129995404506647,
                0.004846555729601931
            ],
            "quadrupole": [
                [
                    -3.1063439277462064,
                    -3.107326711922467,
                    0.09624085986184396
                ],
                [
                    -3.107326711922467,
                    0.06871253534640162,
                    -2.9764957424208323
                ],
                [
                    0.09624085986184396,
                    -2.9764957424208323,
                    0.029436655212965547
                ]
            ],
            "volume_eff": 20.720584237374073,
            "alpha_iso": 6.5090840536253625,
            "c6_ii": 13.710812257775382,
            "c8_ii": 264.1821427406004,
            "c10_ii": 6377.613441613575,
            "slater_b_init": 42.91625658092594
        },
        {
            "index": 3,
            "element": "O",
            "charge": -0.5834333945212045,
            "dipole": [
                0.011207538726697087,
                0.08887721220261549,
                -0.06149344467146762
            ],
            "quadrupole": [
                [
                    -4.411440992983316,
                    -4.376043170878416,
                    0.04704822282332656
                ],
                [
                    -4.376043170878416,
                    0.031621664553127544,
                    -4.31305747727223
                ],
                [
                    0.04704822282332656,
                    -4.31305747727223,
                    0.03785895352554217
                ]
            ],
            "volume_eff": 25.539523718043032,
            "alpha_iso": 7.619526413117811,
            "c6_ii": 31.05939818446911,
            "c8_ii": 1352.5448568628049,
            "c10_ii": 56717.868576017434,
            "slater_b_init": 32.98807584314895
        },
        {
            "index": 4,
            "element": "O",
            "charge": -0.4024116665313038,
            "dipole": [
                -0.08682425526753271,
                0.011748895869307684,
                0.006108439169320623
            ],
            "quadrupole": [
                [
                    -4.02583646418777,
                    -4.100510304375236,
                    0.022277752366958146
                ],
                [
                    -4.100510304375236,
                    0.010912813350837295,
                    -4.041009517502504
                ],
                [
                    0.022277752366958146,
                    -4.041009517502504,
                    -0.006244109613623781
                ]
            ],
            "volume_eff": 23.060828538635104,
            "alpha_iso": 6.880026193846937,
            "c6_ii": 25.323122862726727,
            "c8_ii": 1030.1899563490367,
            "c10_ii": 40357.74990342091,
            "slater_b_init": 34.129999357944804
        },
        {
            "index": 5,
            "element": "C",
            "charge": 0.2996890637531484,
            "dipole": [
                0.06941819427951185,
                -0.10030445192537195,
                -0.0010904890286731002
            ],
            "quadrupole": [
                [
                    -3.760986380965753,
                    -3.7963998490222304,
                    0.0010962436230880534
                ],
                [
                    -3.7963998490222304,
                    -0.06728987701170143,
                    -3.8731703466638905
                ],
                [
                    0.0010962436230880534,
                    -3.8731703466638905,
                    0.006953668718971592
                ]
            ],
            "volume_eff": 26.96384104353888,
            "alpha_iso": 8.470316558179753,
            "c6_ii": 23.217887756688008,
            "c8_ii": 533.2319409131218,
            "c10_ii": 15343.486813957468,
            "slater_b_init": 39.30929418142549
        },
        {
            "index": 6,
            "element": "C",
            "charge": -0.5322729382824622,
            "dipole": [
                0.012443110587014274,
                -2.4368876499535296e-05,
                0.03751588790829603
            ],
            "quadrupole": [
                [
                    -5.257463942767711,
                    -5.256398935721138,
                    -0.019524068941714712
                ],
                [
                    -5.256398935721138,
                    -0.031486068124789504,
                    -5.279781911643553
                ],
                [
                    -0.019524068941714712,
                    -5.279781911643553,
                    -0.02839154484062362
                ]
            ],
            "volume_eff": 40.0293485218414,
            "alpha_iso": 12.57466445712295,
            "c6_ii": 51.17009637048733,
            "c8_ii": 1529.3522490845214,
            "c10_ii": 57268.16624836281,
            "slater_b_init": 34.45849652757541
        },
        {
            "index": 7,
            "element": "C",
            "charge": -0.5227796951231332,
            "dipole": [
                0.016364223631889722,
                -0.004597152648563178,
                -0.03801405172324706
            ],