{
    "molecule": "FRAG_C",
    "atoms": [
        {
            "index": 0,
            "element": "C",
            "charge": -0.6404313945552058,
            "dipole": [
                0.0004440198331909551,
                0.00015046963983040632,
                0.00020643296601404593
            ],
            "quadrupole": [
                [
                    -5.465951509913645,
                    -5.4664620780531115,
                    -0.0005039694020634158
                ],
                [
                    -5.4664620780531115,
                    0.00021992871399652297,
                    -5.4660193790273635
                ],
                [
                    -0.0005039694020634158,
                    -5.4660193790273635,
                    -0.00017351096846591584
                ]
            ],
            "volume_eff": 41.65564105054309,
            "alpha_iso": 13.085541691270079,
            "c6_ii": 55.41238404927001,
            "c8_ii": 1700.7024093530836,
            "c10_ii": 65397.97156593181,
            "slater_b_init": 34.00409529050478
        },
        {
            "index": 1,
            "element": "H",
            "charge": 0.16014309769220447,
            "dipole": [
                -0.02749635190860641,
                0.03456694882954256,
                -0.003562919766196454
            ],
            "quadrupole": [
                [
                    -0.48125350588859306,
                    -0.4826728839437527,
                    0.0005961636318660582
                ],
                [
                    -0.4826728839437527,
                    0.0037584895321180504,
                    -0.47818769313853005
                ],
                [
                    0.0005961636318660582,
                    -0.47818769313853005,
                    -0.000505415920243479
                ]
            ],
            "volume_eff": 2.7057283824107605,
            "alpha_iso": 0.8635303348119449,
            "c6_ii": 0.2393555631808786,
            "c8_ii": 1.524031485829788,
            "c10_ii": 13.393204741913596,
            "slater_b_init": 69.34869555684688
        },
        {
            "index": 2,
            "element": "H",
            "charge": 0.16007542919206608,
            "dipole": [
                -0.016009745702398707,
                -0.0340153348602989,
                -0.02354067969454395
            ],
            "quadrupole": [
                [
                    -0.4791744635027759,
                    -0.4829208280990538,
                    -0.0030293235972686703
                ],
                [
                    -0.4829208280990538,
                    -0.0020914985049653705,
                    -0.4802623645966845
                ],
                [
                    -0.0030293235972686703,
                    -0.4802623645966845,
                    -0.0013778533849257042
                ]
            ],
            "volume_eff": 2.7060924461241327,
            "alpha_iso": 0.8636465253587657,
            "c6_ii": 0.23941997950458022,
            "c8_ii": 1.524578381599323,
            "c10_ii": 13.399212668594194,
            "slater_b_init": 69.3455854788254
        },
        {
            "index": 3,
            "element": "H",
            "charge": 0.16005829169609131,
            "dipole": [
                0.0032968367497573925,
                -0.012083350511046208,
                0.042624423741038336
            ],
            "quadrupole": [
                [
                    -0.47813945597798246,
                    -0.4788891971115046,
                    0.002284815189433364
                ],
                [
                    -0.4788891971115046,
                    0.00011758037817241272,
                    -0.4854339568462758
                ],
                [
                    0.002284815189433364,
                    -0.4854339568462758,
                    -0.0003224206404772314
                ]
            ],
            "volume_eff": 2.7066166925887734,
            "alpha_iso": 0.8638138380602469,
            "c6_ii": 0.23951275330165103,
            "c8_ii": 1.5253661190275498,
            "c10_ii": 13.407867309675318,
            "slater_b_init": 69.34110799154602
        },
        {
            "index": 4,
            "element": "H",
            "charge": 0.1599516622208459,
            "dipole": [
                0.040154789721909265,
                0.01132194701693037,
                -0.015630403077881584
            ],
            "quadrupole": [
                [
                    -0.4848101335556383,
                    -0.4788725142159018,
                    0.000831346653975528
                ],
                [
                    -0.4788725142159018,
                    -0.0020278575266798257,
                    -0.47928312631583986
                ],
                [
                    0.000831346653975528,
                    -0.47928312631583986,
                    0.002694645618257476
                ]
            ],
            "volume_eff": 2.7079595555780984,
            "alpha_iso": 0.8642424113547122,
            "c6_ii": 0.23975047636036295,
            "c8_ii": 1.5273850771856696,
            "c10_ii": 13.430054114494926,
            "slater_b_init": 69.32964413204361
        }
    ]
}