{
    "molecule": "LCarb_17",
    "atoms": [
        {
            "index": 0,
            "element": "C",
            "charge": -0.09588790321630469,
            "dipole": [
                0.052855397118383406,
                0.12155035925510137,
                0.10201486714001679
            ],
            "quadrupole": [
                [
                    -4.5194990401684505,
                    -4.477451412093908,
                    0.05320311758925068
                ],
                [
                    -4.477451412093908,
                    0.017250349373384034,
                    -4.4821526298813525
                ],
                [
                    0.05320311758925068,
                    -4.4821526298813525,
                    0.04003949993271934
                ]
            ],
            "volume_eff": 33.006720275735105,
            "alpha_iso": 10.368603227979614,
            "c6_ii": 34.79076161879131,
            "c8_ii": 914.3331401689611,
            "c10_ii": 30106.44286674414,
            "slater_b_init": 36.74698463494142
        },
        {
            "index": 1,
            "element": "O",
            "charge": -0.3729280520267224,
            "dipole": [
                0.001229773758242599,
                -0.07324122193151943,
                -0.056550094751609284
            ],
            "quadrupole": [
                [
                    -3.9989037600899584,
                    -4.061391865193347,
                    0.024601707815119278
                ],
                [
                    -4.061391865193347,
                    0.042463085550853555,
                    -4.1191855429733835
                ],
                [
                    0.024601707815119278,
                    -4.1191855429733835,
                    0.018508101684877872
                ]
            ],
            "volume_eff": 23.143033405441816,
            "alpha_iso": 6.904551402728497,
            "c6_ii": 25.503983166582742,
            "c8_ii": 1040.0119099939923,
            "c10_ii": 40839.2912334936,
            "slater_b_init": 34.08954109853597
        },
        {
            "index": 2,
            "element": "C",
            "charge": 0.3142673765871091,
            "dipole": [
                -0.036905186410707745,
                -0.16758238128551375,
                0.07634441051072947
            ],
            "quadrupole": [
                [
                    -3.854442733332778,
                    -3.84916184276531,
                    -0.01546345923344735
                ],
                [
                    -3.84916184276531,
                    -0.030606615777957247,
                    -3.8855265072735414
                ],
                [
                    -0.01546345923344735,
                    -3.8855265072735414,
                    0.0014752599848760148
                ]
            ],
            "volume_eff": 27.648068522636454,
            "alpha_iso": 8.685257127529775,
            "c6_ii": 24.411180679881216,
            "c8_ii": 570.0823471999579,
            "c10_ii": 16680.184912948524,
            "slater_b_init": 38.98230959223069
        },
        {
            "index": 3,
            "element": "O",
            "charge": -0.45733815031640646,
            "dipole": [
                -0.08060251397509283,
                -0.005849344893086075,
                0.02514851336863042
            ],
            "quadrupole": [
                [
                    -4.074745072849948,
                    -4.162167202631442,
                    0.01188336610198221
                ],
                [
                    -4.162167202631442,
                    -0.02748771121764062,
                    -4.137773569508027
                ],
                [
                    0.01188336610198221,
                    -4.137773569508027,
                    -0.0005582816922325988
                ]
            ],
            "volume_eff": 23.572337658808088,
            "alpha_iso": 7.032631124727275,
            "c6_ii": 26.458959134743885,
            "c8_ii": 1092.2564954719069,
            "c10_ii": 43419.62821161321,
            "slater_b_init": 33.88132332678387
        },
        {
            "index": 4,
            "element": "C",
            "charge": 1.0010615149249347,
            "dipole": [
                -0.01323465245088147,
                -0.0388141563726346,
                0.021342817388838902
            ],
            "quadrupole": [
                [
                    -2.873760586951991,
                    -2.889865095759418,
                    0.05866709318117797
                ],
                [
                    -2.889865095759418,
                    0.004100880554190741,
                    -2.767619872024877
                ],
                [
                    0.05866709318117797,
                    -2.767619872024877,
                    0.021237416549728994
                ]
            ],
            "volume_eff": 19.102195324234113,
            "alpha_iso": 6.000689630649459,
            "c6_ii": 11.652678219595083,
            "c8_ii": 212.67684942454562,
            "c10_ii": 4863.278516579423,
            "slater_b_init": 44.095547386544006
        },
        {
            "index": 5,
            "element": "O",
            "charge": -0.6507818492034829,
            "dipole": [
                0.05535119690676789,
                0.14470000523440824,
                -0.06935669662842836
            ],
            "quadrupole": [
                [
                    -4.500780157309061,
                    -4.461295120572199,
                    0.026356097528406223
                ],
                [
                    -4.461295120572199,
                    0.009166524871768996,
                    -4.401569059111954
                ],
                [
                    0.026356097528406223,
                    -4.401569059111954,
                    0.01680686709569064
                ]
            ],
            "volume_eff": 26.194343270578912,
            "alpha_iso": 7.814886942603653,
            "c6_ii": 32.67250835530049,
            "c8_ii": 1447.0080003066448,
            "c10_ii": 61711.90751646502,
            "slater_b_init": 32.71086867792718
        },
        {
            "index": 6,
            "element": "O",
            "charge": -0.403822726472125,
            "dipole": [
                0.11068976894079761,
                -0.028645204955454296,
                -0.007763365043807664
            ],
            "quadrupole": [
                [
                    -4.00151934104686,
                    -4.0967758290686564,
                    0.016142820493149822
                ],
                [
                    -4.0967758290686564,
                    -0.01437738240430246,
                    -4.067842545541018
                ],
                [
                    0.016142820493149822,
                    -4.067842545541018,
                    -0.008220518308863575
                ]
            ],
            "volume_eff": 23.01702875077946,
            "alpha_iso": 6.866958853823706,
            "c6_ii": 25.22702101651857,
            "c8_ii": 1024.980462795979,
            "c10_ii": 40102.80860273394,
            "slater_b_init": 34.151634636869275
        },
        {
            "index": 7,
            "element": "C",
            "charge": -0.10644482437076341,
            "dipole": [
                -0.1606672340151744,
                -0.04310855047135735,
                0.04790050669286219
            ],