{
    "molecule": "VC",
    "atoms": [
        {
            "index": 0,
            "element": "C",
            "charge": -0.06963335453024655,
            "dipole": [
                0.12856928433777684,
                0.14558334470919337,
                0.005217193377016549
            ],
            "quadrupole": [
                [
                    -4.3937602111771445,
                    -4.482399847418194,
                    -0.0010340054072217135
                ],
                [
                    -4.482399847418194,
                    0.06505534993453813,
                    -4.391847059615374
                ],
                [
                    -0.0010340054072217135,
                    -4.391847059615374,
                    0.0017131880382489021
                ]
            ],
            "volume_eff": 32.15524428199252,
            "alpha_iso": 10.101123858217546,
            "c6_ii": 33.01891645191535,
            "c8_ii": 852.7786182240178,
            "c10_ii": 27594.609195516954,
            "slater_b_init": 37.06851836667863
        },
        {
            "index": 1,
            "element": "C",
            "charge": -0.07129328108170974,
            "dipole": [
                0.12499597321561767,
                -0.148832697649414,
                -0.002276937581903661
            ],
            "quadrupole": [
                [
                    -4.401332744963451,
                    -4.483046894514323,
                    -0.002457101804359645
                ],
                [
                    -4.483046894514323,
                    -0.06630001051390164,
                    -4.395053450994949
                ],
                [
                    -0.002457101804359645,
                    -4.395053450994949,
                    -0.0019646875508654836
                ]
            ],
            "volume_eff": 32.19295207785374,
            "alpha_iso": 10.112969239116357,
            "c6_ii": 33.09640307180012,
            "c8_ii": 855.4479876329495,
            "c10_ii": 27702.62228788931,
            "slater_b_init": 37.05403985375168
        },
        {
            "index": 2,
            "element": "O",
            "charge": -0.2895876016072805,
            "dipole": [
                -0.0736940886095231,
                -0.044872582871367236,
                -0.0020010161019446524
            ],
            "quadrupole": [
                [
                    -3.8498957548935095,
                    -3.931439122123899,
                    -0.0006755621360995499
                ],
                [
                    -3.931439122123899,
                    0.029750404695891176,
                    -3.8878644197904966
                ],
                [
                    -0.0006755621360995499,
                    -3.8878644197904966,
                    0.001220306919187037
                ]
            ],
            "volume_eff": 21.7158205521146,
            "alpha_iso": 6.478753092896068,
            "c6_ii": 22.455355609186615,
            "c8_ii": 877.6490318666649,
            "c10_ii": 33031.73631056193,
            "slater_b_init": 34.82056664869596
        },
        {
            "index": 3,
            "element": "C",
            "charge": 0.9425860379382378,
            "dipole": [
                -0.04985896638814984,
                0.000948375212999985,
                -0.0005210568821212787
            ],
            "quadrupole": [
                [
                    -2.990957202192167,
                    -2.923065617151084,
                    -0.003698741184912538
                ],
                [
                    -2.923065617151084,
                    0.0004286423723806382,
                    -2.786594965025141
                ],
                [
                    -0.003698741184912538,
                    -2.786594965025141,
                    -0.0023081495044624846
                ]
            ],
            "volume_eff": 19.430565992529342,
            "alpha_iso": 6.103842720166285,
            "c6_ii": 12.056745495748308,
            "c8_ii": 222.56626494479758,
            "c10_ii": 5147.579248711604,
            "slater_b_init": 43.84573434552354
        },
        {
            "index": 4,
            "element": "O",
            "charge": -0.595763783743946,
            "dipole": [
                0.17972181861540276,
                -0.0021564933922854244,
                0.0019445521343223532
            ],
            "quadrupole": [
                [
                    -4.395582888021509,
                    -4.439157921019794,
                    -0.00395297310090742
                ],
                [
                    -4.439157921019794,
                    -0.0005538195305029736,
                    -4.291113643448934
                ],
                [
                    -0.00395297310090742,
                    -4.291113643448934,
                    -0.0009633656367039687
                ]
            ],
            "volume_eff": 25.533895492035494,
            "alpha_iso": 7.617847273866943,
            "c6_ii": 31.045710376275967,
            "c8_ii": 1351.7501638671592,
            "c10_ii": 56676.215630279024,
            "slater_b_init": 32.990499428256825
        },
        {
            "index": 5,
            "element": "O",
            "charge": -0.2907668003676225,
            "dipole": [
                -0.07272118981334498,
                0.04827060830909775,
                0.00017476953105917008
            ],
            "quadrupole": [
                [
                    -3.8534820030028745,
                    -3.933921926655369,
                    -0.0012227042932949096
                ],
                [
                    -3.933921926655369,
                    -0.03103727825536304,
                    -3.888960070818058
                ],
                [
                    -0.0012227042932949096,
                    -3.888960070818058,
                    -4.5241619688543206e-05
                ]
            ],
            "volume_eff": 21.735658579416594,
            "alpha_iso": 6.484671620378431,
            "c6_ii": 22.49640157670117,
            "c8_ii": 879.7886802412144,
            "c10_ii": 33132.42836288651,
            "slater_b_init": 34.80996990494005
        },
        {
            "index": 6,
            "element": "H",
            "charge": 0.18262107303386443,
            "dipole": [
                -0.045977723315111955,
                0.044219077216983406,
                0.0006339412387379504
            ],
            "quadrupole": [
                [
                    -0.41726917668074304,
                    -0.42138431363740203,
                    0.0006946004200226917
                ],
                [
                    -0.42138431363740203,
                    0.007473056072397901,
                    -0.44523344875328424
                ],
                [
                    0.0006946004200226917,
                    -0.44523344875328424,
                    0.0005368623599842708
                ]
            ],
            "volume_eff": 2.2846566454448354,
            "alpha_iso": 0.7291457379079263,
            "c6_ii": 0.1706542121585389,
            "c8_ii": 0.9707154033425788,
            "c10_ii": 7.6209126706890595,
            "slater_b_init": 73.37127207730533
        },
        {
            "index": 7,
            "element": "H",
            "charge": 0.1831190650983413,
            "dipole": [
                -0.04680806533136707,
                -0.04286835609270305,
                -0.0017304690872636884
            ],