{
    "molecule": "Phos_848",
    "atoms": [
        {
            "index": 0,
            "element": "C",
            "charge": -0.4907895904549946,
            "dipole": [
                0.10857169589502891,
                0.176699972158581,
                -0.015643995150272403
            ],
            "quadrupole": [
                [
                    -5.160276736069795,
                    -5.338878073711115,
                    0.02589688954083739
                ],
                [
                    -5.338878073711115,
                    -0.17435237621087385,
                    -5.061680941969061
                ],
                [
                    0.02589688954083739,
                    -5.061680941969061,
                    -0.02412288782071268
                ]
            ],
            "volume_eff": 38.79838532415095,
            "alpha_iso": 12.187974447377261,
            "c6_ii": 48.071369476766115,
            "c8_ii": 1407.131026552493,
            "c10_ii": 51605.6251332771,
            "slater_b_init": 34.8191326057714
        },
        {
            "index": 1,
            "element": "C",
            "charge": 0.30733170150202316,
            "dipole": [
                -0.19046542467346142,
                -0.22533979126623008,
                0.034563170376068784
            ],
            "quadrupole": [
                [
                    -3.7760946996666904,
                    -3.9417420091541806,
                    -0.04041915881127219
                ],
                [
                    -3.9417420091541806,
                    -0.07727633701216169,
                    -3.759623887387804
                ],
                [
                    -0.04041915881127219,
                    -3.759623887387804,
                    -0.010416553112711552
                ]
            ],
            "volume_eff": 27.01313939213718,
            "alpha_iso": 8.485802950409585,
            "c6_ii": 23.302864512737425,
            "c8_ii": 535.8356769562447,
            "c10_ii": 15437.195435995382,
            "slater_b_init": 39.28536677187671
        },
        {
            "index": 2,
            "element": "O",
            "charge": -0.45097640595380994,
            "dipole": [
                -0.04054611733688618,
                0.15390051860726858,
                0.10892624041448463
            ],
            "quadrupole": [
                [
                    -4.0230606450307835,
                    -4.040319786664327,
                    -0.03298188158261191
                ],
                [
                    -4.040319786664327,
                    0.003352764799704153,
                    -4.056717819428286
                ],
                [
                    -0.03298188158261191,
                    -4.056717819428286,
                    0.017770149300291454
                ]
            ],
            "volume_eff": 22.66107422734201,
            "alpha_iso": 6.760762476665572,
            "c6_ii": 24.452790965290514,
            "c8_ii": 983.2535937790482,
            "c10_ii": 38072.573464252295,
            "slater_b_init": 34.32952159182429
        },
        {
            "index": 3,
            "element": "P",
            "charge": 1.7563793253675009,
            "dipole": [
                0.014070118290022304,
                -0.011318508623589373,
                0.09963027871485726
            ],
            "quadrupole": [
                [
                    -6.161258272664049,
                    -6.155940763527243,
                    0.011017609939677696
                ],
                [
                    -6.155940763527243,
                    -0.0009266346109662088,
                    -6.182790454367518
                ],
                [
                    0.011017609939677696,
                    -6.182790454367518,
                    0.0022872988692008715
                ]
            ],
            "volume_eff": 48.60744637191291,
            "alpha_iso": 18.695171681504963,
            "c6_ii": 103.45479548347976,
            "c8_ii": 3225.0508810639863,
            "c10_ii": 56936.3237832487,
            "slater_b_init": 36.356672117483214
        },
        {
            "index": 4,
            "element": "O",
            "charge": -0.8092493943333139,
            "dipole": [
                0.01057022833138046,
                0.07309848101145464,
                -0.3575023062740959
            ],
            "quadrupole": [
                [
                    -4.669245968566347,
                    -4.670466514031488,
                    0.011891087905623224
                ],
                [
                    -4.670466514031488,
                    -0.006442576311282422,
                    -4.71853586529851
                ],
                [
                    0.011891087905623224,
                    -4.71853586529851,
                    -0.003206389352518049
                ]
            ],
            "volume_eff": 27.778018232347634,
            "alpha_iso": 8.287364555507029,
            "c6_ii": 36.74260685540596,
            "c8_ii": 1692.2099715176287,
            "c10_ii": 75049.55433598692,
            "slater_b_init": 32.07703092335069
        },
        {
            "index": 5,
            "element": "O",
            "charge": -0.44328029518367273,
            "dipole": [
                0.16344724160288304,
                -0.06479000398219169,
                0.0654290918338463
            ],
            "quadrupole": [
                [
                    -4.031683633691538,
                    -4.0097328255459885,
                    0.005032214733089935
                ],
                [
                    -4.0097328255459885,
                    0.022349354520439693,
                    -4.02044052848233
                ],
                [
                    0.005032214733089935,
                    -4.02044052848233,
                    -0.030858634645195792
                ]
            ],
            "volume_eff": 22.48337394058429,
            "alpha_iso": 6.707746921500285,
            "c6_ii": 24.07079398838087,
            "c8_ii": 962.8268289507021,
            "c10_ii": 37086.473123225005,
            "slater_b_init": 34.419726978954436
        },
        {
            "index": 6,
            "element": "C",
            "charge": 0.31162064173244275,
            "dipole": [
                -0.08834899039094068,
                0.24680437557991952,
                0.14294810362373897
            ],
            "quadrupole": [
                [
                    -3.8340623910068166,
                    -3.881585079086754,
                    -0.041837860983901264
                ],
                [
                    -3.881585079086754,
                    0.11441476431215433,
                    -3.7524868073276285
                ],
                [
                    -0.041837860983901264,
                    -3.7524868073276285,
                    0.026210772220184614
                ]
            ],
            "volume_eff": 26.990155128975125,
            "alpha_iso": 8.478582763028836,
            "c6_ii": 23.26322666805613,
            "c8_ii": 534.6207563478557,
            "c10_ii": 15393.456167643028,
            "slater_b_init": 39.296515145735
        },
        {
            "index": 7,
            "element": "C",
            "charge": -0.5006613802642974,
            "dipole": [
                0.09819867491360987,
                -0.1646575877490829,
                -0.09480206068579411
            ],