{
    "molecule": "EMC",
    "atoms": [
        {
            "index": 0,
            "element": "C",
            "charge": -0.49030178202875163,
            "dipole": [
                0.05085692711252281,
                0.007389882759570262,
                0.00660288726192886
            ],
            "quadrupole": [
                [
                    -5.161543180598763,
                    -5.154079650682336,
                    -0.011935851023399335
                ],
                [
                    -5.154079650682336,
                    -0.0473812376471569,
                    -5.1486344713865515
                ],
                [
                    -0.011935851023399335,
                    -5.1486344713865515,
                    -0.03574079877486506
                ]
            ],
            "volume_eff": 38.82605587934457,
            "alpha_iso": 12.196666768380492,
            "c6_ii": 48.13996180601065,
            "c8_ii": 1409.808749055137,
            "c10_ii": 51728.40900676539,
            "slater_b_init": 34.81085900633672
        },
        {
            "index": 1,
            "element": "C",
            "charge": 0.10907633026466268,
            "dipole": [
                0.05407567252811425,
                -0.12143444979598934,
                -0.08061647144798315
            ],
            "quadrupole": [
                [
                    -4.146259009090925,
                    -4.129220976027058,
                    -0.018117306083051215
                ],
                [
                    -4.129220976027058,
                    -0.0924514859116997,
                    -4.125241967702496
                ],
                [
                    -0.018117306083051215,
                    -4.125241967702496,
                    -0.06666831488080187
                ]
            ],
            "volume_eff": 29.786695785428194,
            "alpha_iso": 9.357077210082153,
            "c6_ii": 28.333736503190618,
            "c8_ii": 695.3834450482718,
            "c10_ii": 21382.54050905771,
            "slater_b_init": 38.02609440028563
        },
        {
            "index": 2,
            "element": "O",
            "charge": -0.42312600549211155,
            "dipole": [
                -0.10908649977974641,
                0.010677991541346176,
                0.0013738384421018298
            ],
            "quadrupole": [
                [
                    -4.026887985593896,
                    -4.1184018425627995,
                    -0.01673722747320535
                ],
                [
                    -4.1184018425627995,
                    -0.021144114363711344,
                    -4.109011909531009
                ],
                [
                    -0.01673722747320535,
                    -4.109011909531009,
                    -0.012685182972234895
                ]
            ],
            "volume_eff": 23.274949716803434,
            "alpha_iso": 6.943907650317047,
            "c6_ii": 25.795559462128015,
            "c8_ii": 1055.8953984642353,
            "c10_ii": 41620.41697526258,
            "slater_b_init": 34.02501551343228
        },
        {
            "index": 3,
            "element": "C",
            "charge": 0.9946364951777706,
            "dipole": [
                -0.0035755247671659537,
                -0.0322428350402048,
                -0.02290086385425084
            ],
            "quadrupole": [
                [
                    -2.8897209340085053,
                    -2.8694202789213055,
                    -0.08110533552633592
                ],
                [
                    -2.8694202789213055,
                    0.0001179433548281964,
                    -2.8090490708864237
                ],
                [
                    -0.08110533552633592,
                    -2.8090490708864237,
                    -0.005847693135426791
                ]
            ],
            "volume_eff": 19.220341164594576,
            "alpha_iso": 6.037803507202485,
            "c6_ii": 11.797266093944003,
            "c8_ii": 216.20266683280414,
            "c10_ii": 4964.267525471019,
            "slater_b_init": 44.00501107048064
        },
        {
            "index": 4,
            "element": "O",
            "charge": -0.6518425005556949,
            "dipole": [
                0.03758666812157161,
                0.1288835060900604,
                0.09333748799665521
            ],
            "quadrupole": [
                [
                    -4.514329762801316,
                    -4.448746112007313,
                    -0.03804783585444342
                ],
                [
                    -4.448746112007313,
                    0.00859041367422579,
                    -4.42595904496364
                ],
                [
                    -0.03804783585444342,
                    -4.42595904496364,
                    -0.0009125528515322622
                ]
            ],
            "volume_eff": 26.29315792045294,
            "alpha_iso": 7.844367556378225,
            "c6_ii": 32.91947862857081,
            "c8_ii": 1461.6101820684685,
            "c10_ii": 62491.32816333067,
            "slater_b_init": 32.66983936357165
        },
        {
            "index": 5,
            "element": "O",
            "charge": -0.4031374560996781,
            "dipole": [
                0.11000854085708298,
                -0.010391188989009356,
                -0.0013432566780448474
            ],
            "quadrupole": [
                [
                    -3.999271339849446,
                    -4.091766431776971,
                    -0.017732026007783196
                ],
                [
                    -4.091766431776971,
                    -0.007996171584791576,
                    -4.078959151415312
                ],
                [
                    -0.017732026007783196,
                    -4.078959151415312,
                    -0.0010481715616011162
                ]
            ],
            "volume_eff": 23.04141131000734,
            "alpha_iso": 6.874233208510478,
            "c6_ii": 25.280496652874376,
            "c8_ii": 1027.8784579274143,
            "c10_ii": 40244.59031599103,
            "slater_b_init": 34.13958389715167
        },
        {
            "index": 6,
            "element": "C",
            "charge": -0.10648501433079538,
            "dipole": [
                -0.15623701356066666,
                -0.05322793992822141,
                -0.04605680682103363
            ],
            "quadrupole": [
                [
                    -4.421851148749419,
                    -4.533504388921539,
                    -0.00011817211538162302
                ],
                [
                    -4.533504388921539,
                    0.05986199632165488,
                    -4.527263312036606
                ],
                [
                    -0.00011817211538162302,
                    -4.527263312036606,
                    0.048619773510183054
                ]
            ],
            "volume_eff": 32.89425311339329,
            "alpha_iso": 10.333273229338205,
            "c6_ii": 34.554073336517675,
            "c8_ii": 906.04871153579,
            "c10_ii": 29765.850988359907,
            "slater_b_init": 36.788816946089916
        },
        {
            "index": 7,
            "element": "H",
            "charge": 0.15028680814473416,
            "dipole": [
                0.00476004149616364,
                -0.043747508570049706,
                0.015832170854121214
            ],