{
    "molecule": "FRAG_CCtriN",
    "atoms": [
        {
            "index": 0,
            "element": "C",
            "charge": -0.5033116213400337,
            "dipole": [
                0.04246033668524341,
                -0.0007393374999151442,
                0.002921820916789001
            ],
            "quadrupole": [
                [
                    -5.090329998645134,
                    -5.033919812033218,
                    -8.830956378458111e-05
                ],
                [
                    -5.033919812033218,
                    0.0002943956796354896,
                    -5.031063721565669
                ],
                [
                    -8.830956378458111e-05,
                    -5.031063721565669,
                    -0.00164659773780987
                ]
            ],
            "volume_eff": 37.20578208655077,
            "alpha_iso": 11.687680236612806,
            "c6_ii": 44.205882708334904,
            "c8_ii": 1258.3244509705805,
            "c10_ii": 44876.57086385754,
            "slater_b_init": 35.30902179266626
        },
        {
            "index": 1,
            "element": "C",
            "charge": 0.38843848323431285,
            "dipole": [
                -0.09445668638041252,
                0.0013378153795919126,
                -0.0020957867083004366
            ],
            "quadrupole": [
                [
                    -3.783705381549391,
                    -3.446108481571984,
                    0.00015238468230619511
                ],
                [
                    -3.446108481571984,
                    0.005029465935098985,
                    -3.4455299961246255
                ],
                [
                    0.00015238468230619511,
                    -3.4455299961246255,
                    -0.0041140406925441264
                ]
            ],
            "volume_eff": 24.36230967958143,
            "alpha_iso": 7.653081574737621,
            "c6_ii": 18.953791969964048,
            "c8_ii": 406.8309883718917,
            "c10_ii": 10940.732548776672,
            "slater_b_init": 40.66146409402437
        },
        {
            "index": 2,
            "element": "N",
            "charge": -0.46313302788009736,
            "dipole": [
                0.12373229108182175,
                -0.001717891002500938,
                0.0019075881860206067
            ],
            "quadrupole": [
                [
                    -4.9926467156130006,
                    -4.615578722424568,
                    0.00011054772151509874
                ],
                [
                    -4.615578722424568,
                    0.005491859602117594,
                    -4.615479857457663
                ],
                [
                    0.00011054772151509874,
                    -4.615479857457663,
                    -0.006017412863030902
                ]
            ],
            "volume_eff": 31.24764664095394,
            "alpha_iso": 9.103645084372408,
            "c6_ii": 36.62541567745934,
            "c8_ii": 1320.5956249568512,
            "c10_ii": 51870.28990745246,
            "slater_b_init": 33.59757778074831
        },
        {
            "index": 3,
            "element": "H",
            "charge": 0.19123025859799436,
            "dipole": [
                -0.015592625259388674,
                -0.0002290023360826184,
                0.047459726886020424
            ],
            "quadrupole": [
                [
                    -0.4347815630386394,
                    -0.4425357068696119,
                    -6.0191969233759326e-05
                ],
                [
                    -0.4425357068696119,
                    -0.00015254758371955362,
                    -0.4417918107528011
                ],
                [
                    -6.0191969233759326e-05,
                    -0.4417918107528011,
                    0.004040337148683565
                ]
            ],
            "volume_eff": 2.3982395742279876,
            "alpha_iso": 0.7653956087961662,
            "c6_ii": 0.18804433811204696,
            "c8_ii": 1.1047981042469142,
            "c10_ii": 8.958715274822868,
            "slater_b_init": 72.19417765529775
        },
        {
            "index": 4,
            "element": "H",
            "charge": 0.19123465036444043,
            "dipole": [
                -0.01371455068784921,
                0.04182194343987606,
                -0.023651574021577155
            ],
            "quadrupole": [
                [
                    -0.4345503290288933,
                    -0.4422136132193342,
                    -0.00011223274586202749
                ],
                [
                    -0.4422136132193342,
                    0.003419980068685128,
                    -0.44229171033412495
                ],
                [
                    -0.00011223274586202749,
                    -0.44229171033412495,
                    -0.0017387224127402732
                ]
            ],
            "volume_eff": 2.3979182630697657,
            "alpha_iso": 0.76529306268184,
            "c6_ii": 0.18799395390756446,
            "c8_ii": 1.104403432165913,
            "c10_ii": 8.954714999924017,
            "slater_b_init": 72.19740208530747
        },
        {
            "index": 5,
            "element": "H",
            "charge": 0.19122612295438013,
            "dipole": [
                -0.014976861831552817,
                -0.040928616616567985,
                -0.024463603410430735
            ],
            "quadrupole": [
                [
                    -0.4347704038506752,
                    -0.44212385558411704,
                    0.00016960039505445375
                ],
                [
                    -0.44212385558411704,
                    -0.0035996324500533,
                    -0.4422736903388871
                ],
                [
                    0.00016960039505445375,
                    -0.4422736903388871,
                    -0.0017876714923012673
                ]
            ],
            "volume_eff": 2.3983051669358235,
            "alpha_iso": 0.7654165426390926,
            "c6_ii": 0.18805462441216209,
            "c8_ii": 1.1048786837427709,
            "c10_ii": 8.959532047746048,
            "slater_b_init": 72.19351948846132
        }
    ]
}