{
    "molecule": "Est_344",
    "atoms": [
        {
            "index": 0,
            "element": "C",
            "charge": -0.4959131152758971,
            "dipole": [
                0.1977913487623369,
                -0.012091040760084002,
                -0.07010704536442526
            ],
            "quadrupole": [
                [
                    -5.450811641718694,
                    -5.127068239687844,
                    -0.008403066235593577
                ],
                [
                    -5.127068239687844,
                    0.020019801806051982,
                    -5.106191881466166
                ],
                [
                    -0.008403066235593577,
                    -5.106191881466166,
                    0.11063705751446022
                ]
            ],
            "volume_eff": 39.33509947732396,
            "alpha_iso": 12.356575752038939,
            "c6_ii": 49.4105509522212,
            "c8_ii": 1459.639054433047,
            "c10_ii": 54023.87266454688,
            "slater_b_init": 34.66004171290803
        },
        {
            "index": 1,
            "element": "C",
            "charge": 0.27372871263493526,
            "dipole": [
                -0.2659276324725391,
                0.016163919438480095,
                0.0988322655218803
            ],
            "quadrupole": [
                [
                    -4.044399731755686,
                    -3.8097112119172496,
                    -0.00014914797823439342
                ],
                [
                    -3.8097112119172496,
                    0.017023310049359003,
                    -3.843974087903701
                ],
                [
                    -0.00014914797823439342,
                    -3.843974087903701,
                    0.03177145879781624
                ]
            ],
            "volume_eff": 27.73726175871905,
            "alpha_iso": 8.713275945147345,
            "c6_ii": 24.56893667115837,
            "c8_ii": 574.9998006009212,
            "c10_ii": 16860.229698270858,
            "slater_b_init": 38.94048027811144
        },
        {
            "index": 2,
            "element": "O",
            "charge": -0.2938084219148429,
            "dipole": [
                0.07103402842240128,
                -0.006854491347088571,
                0.006033088121108913
            ],
            "quadrupole": [
                [
                    -3.8489524495120455,
                    -3.8323977179393105,
                    0.0033427680571447116
                ],
                [
                    -3.8323977179393105,
                    0.0016691642301247692,
                    -3.8987678123363207
                ],
                [
                    0.0033427680571447116,
                    -3.8987678123363207,
                    0.008730733930777716
                ]
            ],
            "volume_eff": 21.43009252474785,
            "alpha_iso": 6.393508267051844,
            "c6_ii": 21.86832606959603,
            "c8_ii": 847.1916821516793,
            "c10_ii": 31605.117500200886,
            "slater_b_init": 34.974638448271705
        },
        {
            "index": 3,
            "element": "C",
            "charge": 0.7878954685552157,
            "dipole": [
                0.08681295518094655,
                -0.006397578587672008,
                0.002472670240521823
            ],
            "quadrupole": [
                [
                    -3.1387233603773153,
                    -2.8987197925716397,
                    0.005291738066315782
                ],
                [
                    -2.8987197925716397,
                    0.016619013150948707,
                    -3.15253861400108
                ],
                [
                    0.005291738066315782,
                    -3.15253861400108,
                    0.056596427622109306
                ]
            ],
            "volume_eff": 20.587115983694748,
            "alpha_iso": 6.467156853516674,
            "c6_ii": 13.534749222140462,
            "c8_ii": 259.668636447815,
            "c10_ii": 6241.705033127462,
            "slater_b_init": 43.008800285051045
        },
        {
            "index": 4,
            "element": "O",
            "charge": -0.525989260950233,
            "dipole": [
                0.005072432767918093,
                0.003706977745264732,
                -0.12218071841269736
            ],
            "quadrupole": [
                [
                    -4.338115477272179,
                    -4.161783014532381,
                    0.004352865089647095
                ],
                [
                    -4.161783014532381,
                    0.013561604376064877,
                    -4.309674844140295
                ],
                [
                    0.004352865089647095,
                    -4.309674844140295,
                    0.004383606653105383
                ]
            ],
            "volume_eff": 24.709772176354672,
            "alpha_iso": 7.371976229409682,
            "c6_ii": 29.074009705792506,
            "c8_ii": 1238.5138573252784,
            "c10_ii": 50804.99266327035,
            "slater_b_init": 33.35326355786837
        },
        {
            "index": 5,
            "element": "C",
            "charge": -0.37364847750401875,
            "dipole": [
                -0.009167604471938868,
                -0.0009521059100109292,
                0.03166851276015715
            ],
            "quadrupole": [
                [
                    -5.091366637314789,
                    -4.776686577616654,
                    0.010339622541202808
                ],
                [
                    -4.776686577616654,
                    0.02332121349219639,
                    -5.007369331288393
                ],
                [
                    0.010339622541202808,
                    -5.007369331288393,
                    -0.02001552846771983
                ]
            ],
            "volume_eff": 37.011608024373174,
            "alpha_iso": 11.626683149017751,
            "c6_ii": 43.745672672365586,
            "c8_ii": 1240.8882672186824,
            "c10_ii": 44100.62224280948,
            "slater_b_init": 35.37066138508579
        },
        {
            "index": 6,
            "element": "C",
            "charge": -0.20185972770028648,
            "dipole": [
                -0.0015309825639054366,
                0.00012739214800548945,
                -0.0024979586323062397
            ],
            "quadrupole": [
                [
                    -4.766663935095063,
                    -4.489328379965191,
                    0.013104218624967297
                ],
                [
                    -4.489328379965191,
                    0.02394414445648499,
                    -4.726402017489483
                ],
                [
                    0.013104218624967297,
                    -4.726402017489483,
                    -0.05564692093487724
                ]
            ],
            "volume_eff": 34.32668799119542,
            "alpha_iso": 10.783252772103271,
            "c6_ii": 37.62902764009443,
            "c8_ii": 1015.1180284750995,
            "c10_ii": 34310.30237909636,
            "slater_b_init": 36.26980309098548
        },
        {
            "index": 7,
            "element": "H",
            "charge": 0.29804816677376045,
            "dipole": [
                0.04842315003079516,
                -0.003083297306311091,
                -0.01683087915389899
            ],