{
    "molecule": "FRAG_FC1COC_eqO_O1",
    "atoms": [
        {
            "index": 0,
            "element": "F",
            "charge": -0.2406061147524028,
            "dipole": [
                0.017453548720475602,
                -0.0034487041339615124,
                0.00829117636022319
            ],
            "quadrupole": [
                [
                    -3.5740677819518787,
                    -3.5691872423340687,
                    -0.025331657760629272
                ],
                [
                    -3.5691872423340687,
                    0.010015818851134013,
                    -3.5273354266968484
                ],
                [
                    -0.025331657760629272,
                    -3.5273354266968484,
                    -0.02862787776621786
                ]
            ],
            "volume_eff": 17.98365277376199,
            "alpha_iso": 5.647758722338476,
            "c6_ii": 20.984985911677853,
            "c8_ii": 920.5839818648029,
            "c10_ii": 37466.38525236508,
            "slater_b_init": 33.29809723471694
        },
        {
            "index": 1,
            "element": "C",
            "charge": 0.41186765691411154,
            "dipole": [
                0.06890863811813566,
                -0.11750212387096436,
                0.09783843891674864
            ],
            "quadrupole": [
                [
                    -3.660780104893511,
                    -3.7083251001279645,
                    -0.012920893907476205
                ],
                [
                    -3.7083251001279645,
                    -0.04039505851847799,
                    -3.6385546789723806
                ],
                [
                    -0.012920893907476205,
                    -3.6385546789723806,
                    -0.043517906117744094
                ]
            ],
            "volume_eff": 25.800712841323964,
            "alpha_iso": 8.104935971096532,
            "c6_ii": 21.258009712873413,
            "c8_ii": 474.07750418996056,
            "c10_ii": 13246.177005554977,
            "slater_b_init": 39.891337418096484
        },
        {
            "index": 2,
            "element": "C",
            "charge": -0.12315842429199009,
            "dipole": [
                0.13556355353634633,
                0.06220112756052707,
                0.06261986502547691
            ],
            "quadrupole": [
                [
                    -4.371370286620609,
                    -4.50848689030032,
                    0.01338711200598033
                ],
                [
                    -4.50848689030032,
                    0.06673347561864514,
                    -4.4339867118979495
                ],
                [
                    0.01338711200598033,
                    -4.4339867118979495,
                    0.03769417110783444
                ]
            ],
            "volume_eff": 32.11620255758044,
            "alpha_iso": 10.088859442171866,
            "c6_ii": 32.93878440087333,
            "c8_ii": 850.0203106681894,
            "c10_ii": 27483.08608368313,
            "slater_b_init": 37.0835329359284
        },
        {
            "index": 3,
            "element": "O",
            "charge": -0.3817254279029605,
            "dipole": [
                -0.07536698571377155,
                0.06605226295248462,
                0.007582303833713718
            ],
            "quadrupole": [
                [
                    -3.9763819496675223,
                    -4.042841048997,
                    -0.017854279821917264
                ],
                [
                    -4.042841048997,
                    -0.035853915274434545,
                    -4.039700526229901
                ],
                [
                    -0.017854279821917264,
                    -4.039700526229901,
                    0.002177684702289716
                ]
            ],
            "volume_eff": 22.72241931346723,
            "alpha_iso": 6.779064325564809,
            "c6_ii": 24.585360933822667,
            "c8_ii": 990.3675758649363,
            "c10_ii": 38417.2100340264,
            "slater_b_init": 34.29859992129669
        },
        {
            "index": 4,
            "element": "C",
            "charge": 0.9805877675514498,
            "dipole": [
                -0.03483612120148996,
                -0.0003247094371566423,
                -0.00603559926870014
            ],
            "quadrupole": [
                [
                    -2.9429842544351947,
                    -2.8588093428799164,
                    -0.03460713284561308
                ],
                [
                    -2.8588093428799164,
                    0.01773720542886853,
                    -2.7745729444881393
                ],
                [
                    -0.03460713284561308,
                    -2.7745729444881393,
                    -0.023387357104169736
                ]
            ],
            "volume_eff": 19.170254359575473,
            "alpha_iso": 6.022069432327373,
            "c6_ii": 11.735860580181685,
            "c8_ii": 214.70350532912883,
            "c10_ii": 4921.276745987465,
            "slater_b_init": 44.043302227158954
        },
        {
            "index": 5,
            "element": "O",
            "charge": -0.5915363921442705,
            "dipole": [
                0.1714167110695379,
                -0.02843855183527906,
                0.014971841410654501
            ],
            "quadrupole": [
                [
                    -4.371510233016942,
                    -4.41359327066731,
                    -0.04609215635362858
                ],
                [
                    -4.41359327066731,
                    -0.0013123401121323789,
                    -4.296954503325966
                ],
                [
                    -0.04609215635362858,
                    -4.296954503325966,
                    -0.011839121359440999
                ]
            ],
            "volume_eff": 25.4185574728428,
            "alpha_iso": 7.583437036096747,
            "c6_ii": 30.765873442212733,
            "c8_ii": 1335.5289122245024,
            "c10_ii": 55827.33841043376,
            "slater_b_init": 33.040322844443196
        },
        {
            "index": 6,
            "element": "O",
            "charge": -0.4297175899981518,
            "dipole": [
                -0.031739087492775236,
                -0.0567298634978814,
                -0.0188817675623345
            ],
            "quadrupole": [
                [
                    -4.025594947653012,
                    -4.098901877979275,
                    -0.012927881942338036
                ],
                [
                    -4.098901877979275,
                    0.009253822393673212,
                    -4.082872712206472
                ],
                [
                    -0.012927881942338036,
                    -4.082872712206472,
                    -0.006926853384563379
                ]
            ],
            "volume_eff": 23.086427815805553,
            "alpha_iso": 6.887663547256905,
            "c6_ii": 25.37937526019549,
            "c8_ii": 1033.2423497283776,
            "c10_ii": 40507.27732657339,
            "slater_b_init": 34.117379729168576
        },
        {
            "index": 7,
            "element": "H",
            "charge": 0.08947135879750401,
            "dipole": [
                -0.05498494965594157,
                -0.019787001853146854,
                -0.0541100462884419
            ],