{
    "molecule": "DOL",
    "atoms": [
        {
            "index": 0,
            "element": "C",
            "charge": 0.40469603163031387,
            "dipole": [
                -0.12934849547828395,
                0.00045629498656113573,
                -0.010008541593840337
            ],
            "quadrupole": [
                [
                    -3.7437930895018954,
                    -3.505325272131377,
                    0.07976583100192859
                ],
                [
                    -3.505325272131377,
                    0.0019798226764520034,
                    -3.6579235476582803
                ],
                [
                    0.07976583100192859,
                    -3.6579235476582803,
                    -0.004450305466106
                ]
            ],
            "volume_eff": 25.36339704503866,
            "alpha_iso": 7.967559281163976,
            "c6_ii": 20.543480846437358,
            "c8_ii": 452.95103346352454,
            "c10_ii": 12512.466796309709,
            "slater_b_init": 40.119301079865494
        },
        {
            "index": 1,
            "element": "O",
            "charge": -0.4897380045495794,
            "dipole": [
                -0.0026775413198289505,
                -0.018912665577762295,
                -0.00941988486736968
            ],
            "quadrupole": [
                [
                    -4.074537418983848,
                    -4.281382638736671,
                    0.0058421056540589105
                ],
                [
                    -4.281382638736671,
                    0.00021720989406178888,
                    -4.286759730496617
                ],
                [
                    0.0058421056540589105,
                    -4.286759730496617,
                    0.0187622286068445
                ]
            ],
            "volume_eff": 24.28289947487546,
            "alpha_iso": 7.244621942780524,
            "c6_ii": 28.078152766239572,
            "c8_ii": 1182.2763590870602,
            "c10_ii": 47937.906297708665,
            "slater_b_init": 33.54757004639966
        },
        {
            "index": 2,
            "element": "C",
            "charge": 0.40469605720095814,
            "dipole": [
                0.12934896047751004,
                -0.0004554652124429298,
                0.010006310873502974
            ],
            "quadrupole": [
                [
                    -3.7437920924256853,
                    -3.505323965995216,
                    0.07976587264001633
                ],
                [
                    -3.505323965995216,
                    0.0019794602128498477,
                    -3.6579228551808693
                ],
                [
                    0.07976587264001633,
                    -3.6579228551808693,
                    -0.004450508360549426
                ]
            ],
            "volume_eff": 25.36338566256381,
            "alpha_iso": 7.967555705517427,
            "c6_ii": 20.54346240761379,
            "c8_ii": 452.950491401349,
            "c10_ii": 12512.448078685018,
            "slater_b_init": 40.11930708138902
        },
        {
            "index": 3,
            "element": "O",
            "charge": -0.48973768195632417,
            "dipole": [
                0.002678136174259649,
                0.018913794135220742,
                0.009419540939240892
            ],
            "quadrupole": [
                [
                    -4.0745346250563115,
                    -4.281380742547733,
                    0.0058428973619791226
                ],
                [
                    -4.281380742547733,
                    0.00021761125226827508,
                    -4.286756016476967
                ],
                [
                    0.0058428973619791226,
                    -4.286756016476967,
                    0.018762410193793863
                ]
            ],
            "volume_eff": 24.282874880725235,
            "alpha_iso": 7.244614605299241,
            "c6_ii": 28.078095890168562,
            "c8_ii": 1182.2731659419833,
            "c10_ii": 47937.74445670104,
            "slater_b_init": 33.547581372264816
        },
        {
            "index": 4,
            "element": "H",
            "charge": 0.0413417767800095,
            "dipole": [
                0.024617356564300405,
                -0.028833279595756045,
                0.0681679892216421
            ],
            "quadrupole": [
                [
                    -0.5636542574006912,
                    -0.5509354071866527,
                    0.009484254284833321
                ],
                [
                    -0.5509354071866527,
                    0.0010697624016550978,
                    -0.5689135185920355
                ],
                [
                    0.009484254284833321,
                    -0.5689135185920355,
                    -0.002987338773975947
                ]
            ],
            "volume_eff": 3.1950332634110548,
            "alpha_iso": 1.0196914670460813,
            "c6_ii": 0.33375355416211516,
            "c8_ii": 2.3741260343748887,
            "c10_ii": 23.308900970234507,
            "slater_b_init": 65.61068433329922
        },
        {
            "index": 5,
            "element": "H",
            "charge": 0.04106383313059947,
            "dipole": [
                0.03591117626142523,
                0.027602038063222135,
                -0.06390040144688822
            ],
            "quadrupole": [
                [
                    -0.5660399638496317,
                    -0.5510581779172542,
                    0.008830178932814757
                ],
                [
                    -0.5510581779172542,
                    -0.0018892066295363998,
                    -0.5683355591626034
                ],
                [
                    0.008830178932814757,
                    -0.5683355591626034,
                    0.004569266508658937
                ]
            ],
            "volume_eff": 3.2010736815318803,
            "alpha_iso": 1.021619260063366,
            "c6_ii": 0.3350167126647273,
            "c8_ii": 2.386114071725184,
            "c10_ii": 23.456115207716774,
            "slater_b_init": 65.56938928148261
        },
        {
            "index": 6,
            "element": "H",
            "charge": 0.041063547924934385,
            "dipole": [
                -0.03591020711820105,
                -0.027602072244112708,
                0.06390074949856402
            ],
            "quadrupole": [
                [
                    -0.5660391243697601,
                    -0.5510577572901881,
                    0.008830164254636601
                ],
                [
                    -0.5510577572901881,
                    -0.0018891986973393416,
                    -0.5683351258142895
                ],
                [
                    0.008830164254636601,
                    -0.5683351258142895,
                    0.00456913802968706
                ]
            ],
            "volume_eff": 3.2010687257595154,
            "alpha_iso": 1.021617678433888,
            "c6_ii": 0.3350156753469731,
            "c8_ii": 2.3861042208446386,
            "c10_ii": 23.455994161916585,
            "slater_b_init": 65.56942311880671
        },
        {
            "index": 7,
            "element": "H",
            "charge": 0.04134267113602863,
            "dipole": [
                -0.024618143797349893,
                0.028833247538282356,
                -0.06816794202614071
            ],