{
    "molecule": "EP",
    "atoms": [
        {
            "index": 0,
            "element": "C",
            "charge": -0.4901974285641355,
            "dipole": [
                0.05177509720206494,
                0.01581234778459158,
                0.0030314767286224787
            ],
            "quadrupole": [
                [
                    -5.174106723995507,
                    -5.17378346790656,
                    -0.0011356602383112073
                ],
                [
                    -5.17378346790656,
                    -0.0536958708675676,
                    -5.147575134453897
                ],
                [
                    -0.0011356602383112073,
                    -5.147575134453897,
                    0.0024300393064953423
                ]
            ],
            "volume_eff": 38.97733872331177,
            "alpha_iso": 12.244190174862336,
            "c6_ii": 48.515840247082664,
            "c8_ii": 1424.50492809893,
            "c10_ii": 52403.32144358581,
            "slater_b_init": 34.76576345421016
        },
        {
            "index": 1,
            "element": "C",
            "charge": 0.10007626975614414,
            "dipole": [
                0.05397141266278828,
                -0.14557823740652034,
                0.009037106760400778
            ],
            "quadrupole": [
                [
                    -4.155956001686074,
                    -4.172780389750191,
                    -0.004099513115955902
                ],
                [
                    -4.172780389750191,
                    -0.10971929815703756,
                    -4.132799302082457
                ],
                [
                    -0.004099513115955902,
                    -4.132799302082457,
                    0.003933226868348239
                ]
            ],
            "volume_eff": 29.99987004360309,
            "alpha_iso": 9.424042945634477,
            "c6_ii": 28.740739455265235,
            "c8_ii": 708.7337751155454,
            "c10_ii": 21896.907394297745,
            "slater_b_init": 37.93581110876448
        },
        {
            "index": 2,
            "element": "O",
            "charge": -0.4024824951283854,
            "dipole": [
                -0.09333924362270501,
                0.026489769686122197,
                -0.005973906162740805
            ],
            "quadrupole": [
                [
                    -4.026993308430094,
                    -4.113855289702916,
                    0.002155150922526987
                ],
                [
                    -4.113855289702916,
                    -0.01322126420078011,
                    -4.070530224534818
                ],
                [
                    0.002155150922526987,
                    -4.070530224534818,
                    0.002843677209786006
                ]
            ],
            "volume_eff": 23.196849648487216,
            "alpha_iso": 6.920607077449224,
            "c6_ii": 25.622733751675874,
            "c8_ii": 1046.473528890325,
            "c10_ii": 41156.70654227653,
            "slater_b_init": 34.06315832657345
        },
        {
            "index": 3,
            "element": "C",
            "charge": 0.7874117612566369,
            "dipole": [
                -0.05941550023706696,
                0.03671984226702459,
                -0.005944890389637481
            ],
            "quadrupole": [
                [
                    -3.1353933386689827,
                    -3.232196352561109,
                    0.01689053893468451
                ],
                [
                    -3.232196352561109,
                    0.038074652465384856,
                    -2.9337970446113677
                ],
                [
                    0.01689053893468451,
                    -2.9337970446113677,
                    -0.016179641895758885
                ]
            ],
            "volume_eff": 21.048964253216248,
            "alpha_iso": 6.612240079544371,
            "c6_ii": 14.14883402305719,
            "c8_ii": 275.49480613736006,
            "c10_ii": 6720.794849521208,
            "slater_b_init": 42.6919103202904
        },
        {
            "index": 4,
            "element": "O",
            "charge": -0.5699254965878033,
            "dipole": [
                0.040132221290440896,
                0.10286838314638101,
                -0.0015719286347976107
            ],
            "quadrupole": [
                [
                    -4.410181431419936,
                    -4.3909546602224525,
                    0.006215932704242035
                ],
                [
                    -4.3909546602224525,
                    0.016567264112481436,
                    -4.256814246130368
                ],
                [
                    0.006215932704242035,
                    -4.256814246130368,
                    -0.010716892846101594
                ]
            ],
            "volume_eff": 25.447784948143482,
            "alpha_iso": 7.592156835357724,
            "c6_ii": 30.836666270152136,
            "c8_ii": 1339.6279175187985,
            "c10_ii": 56041.60209979094,
            "slater_b_init": 33.02766876127926
        },
        {
            "index": 5,
            "element": "C",
            "charge": -0.42952187632048044,
            "dipole": [
                0.10507645173628063,
                0.016476174947563312,
                0.006325711326540659
            ],
            "quadrupole": [
                [
                    -5.100407483955464,
                    -5.065850800479751,
                    0.005985458570914245
                ],
                [
                    -5.065850800479751,
                    -0.01961610207676084,
                    -4.931884546834143
                ],
                [
                    0.005985458570914245,
                    -4.931884546834143,
                    -0.01039419980818611
                ]
            ],
            "volume_eff": 37.68006402052033,
            "alpha_iso": 11.836669325817903,
            "c6_ii": 45.340098041389886,
            "c8_ii": 1301.554883769793,
            "c10_ii": 46811.97635870022,
            "slater_b_init": 35.16025002206356
        },
        {
            "index": 6,
            "element": "C",
            "charge": -0.3904745177622395,
            "dipole": [
                -0.08948517611445653,
                -0.03721978421944948,
                -0.004067481338727593
            ],
            "quadrupole": [
                [
                    -5.0721996020405475,
                    -5.006765279799341,
                    0.0007534162500312075
                ],
                [
                    -5.006765279799341,
                    -0.0230406340793135,
                    -4.97514575822392
                ],
                [
                    0.0007534162500312075,
                    -4.97514575822392,
                    -0.0038918224505884846
                ]
            ],
            "volume_eff": 37.756629381699035,
            "alpha_iso": 11.860721271737916,
            "c6_ii": 45.524546134728496,
            "c8_ii": 1308.6194748991554,
            "c10_ii": 47129.79963149209,
            "slater_b_init": 35.13646718755283
        },
        {
            "index": 7,
            "element": "H",
            "charge": 0.14793294134219304,
            "dipole": [
                0.0040786226711479814,
                -0.024600538131819658,
                0.03872783406986321
            ],