{
    "molecule": "PC",
    "atoms": [
        {
            "index": 0,
            "element": "C",
            "charge": -0.5169362170365508,
            "dipole": [
                0.0341932977900241,
                0.015412508650489947,
                0.016683020167864097
            ],
            "quadrupole": [
                [
                    -5.183979655737527,
                    -5.212005070016195,
                    -0.0048153988289748135
                ],
                [
                    -5.212005070016195,
                    -0.032489634833241576,
                    -5.193431986740383
                ],
                [
                    -0.0048153988289748135,
                    -5.193431986740383,
                    -0.007644629176735324
                ]
            ],
            "volume_eff": 39.19491225126852,
            "alpha_iso": 12.31253787997964,
            "c6_ii": 49.05898784403126,
            "c8_ii": 1445.8081151127208,
            "c10_ii": 53384.74738209301,
            "slater_b_init": 34.70131504338919
        },
        {
            "index": 1,
            "element": "C",
            "charge": 0.17920624061133061,
            "dipole": [
                0.06748282932521184,
                -0.10777187958288928,
                0.015448076145941065
            ],
            "quadrupole": [
                [
                    -3.9467995240561264,
                    -4.00033906962867,
                    -0.023588666656152366
                ],
                [
                    -4.00033906962867,
                    -0.0885209966748434,
                    -3.9950987364723103
                ],
                [
                    -0.023588666656152366,
                    -3.9950987364723103,
                    0.02068945095712021
                ]
            ],
            "volume_eff": 28.32756228871738,
            "alpha_iso": 8.89871066661279,
            "c6_ii": 25.62580973061744,
            "c8_ii": 608.2134350538455,
            "c10_ii": 18086.264628653764,
            "slater_b_init": 38.66809387474619
        },
        {
            "index": 2,
            "element": "C",
            "charge": -0.03666051019880179,
            "dipole": [
                0.09833139301012733,
                -0.04668856060262422,
                -0.10061415458769084
            ],
            "quadrupole": [
                [
                    -4.257620318176686,
                    -4.401683827951165,
                    0.055035140410736795
                ],
                [
                    -4.401683827951165,
                    -0.002693979393661858,
                    -4.301823651362667
                ],
                [
                    0.055035140410736795,
                    -4.301823651362667,
                    -0.056306612183787
                ]
            ],
            "volume_eff": 31.228360100148947,
            "alpha_iso": 9.809956052402809,
            "c6_ii": 31.142792216343558,
            "c8_ii": 788.7922055499422,
            "c10_ii": 25031.22664205369,
            "slater_b_init": 37.431690312303694
        },
        {
            "index": 3,
            "element": "O",
            "charge": -0.3948372879191204,
            "dipole": [
                -0.06356747624852961,
                0.06799217447664102,
                -0.010880556986359072
            ],
            "quadrupole": [
                [
                    -4.010329845337349,
                    -4.030206640554075,
                    0.010297427465189496
                ],
                [
                    -4.030206640554075,
                    -0.04364563947083061,
                    -4.083128316763515
                ],
                [
                    0.010297427465189496,
                    -4.083128316763515,
                    -0.0006203878938518789
                ]
            ],
            "volume_eff": 22.91889173709161,
            "alpha_iso": 6.837680407751089,
            "c6_ii": 25.012360232965435,
            "c8_ii": 1013.3680211659733,
            "c10_ii": 39535.68786064132,
            "slater_b_init": 34.20031015951169
        },
        {
            "index": 4,
            "element": "C",
            "charge": 0.9773424503739321,
            "dipole": [
                -0.02834221938750407,
                0.0168351073123521,
                0.008732563333483663
            ],
            "quadrupole": [
                [
                    -2.915245266412638,
                    -2.8540400522712943,
                    0.033671359822212706
                ],
                [
                    -2.8540400522712943,
                    0.0642094479427945,
                    -2.8664931022977793
                ],
                [
                    0.033671359822212706,
                    -2.8664931022977793,
                    0.03796892711519797
                ]
            ],
            "volume_eff": 19.395379134791337,
            "alpha_iso": 6.092789257002514,
            "c6_ii": 12.013117856593253,
            "c8_ii": 221.49309751026667,
            "c10_ii": 5116.572298817856,
            "slater_b_init": 43.87223312431207
        },
        {
            "index": 5,
            "element": "O",
            "charge": -0.6064459584223805,
            "dipole": [
                0.1478852118079505,
                -0.07941676661099478,
                -0.03231598306204297
            ],
            "quadrupole": [
                [
                    -4.379299788658296,
                    -4.381103144719409,
                    0.060384096147543156
                ],
                [
                    -4.381103144719409,
                    0.019702812876108887,
                    -4.40886569207569
                ],
                [
                    0.060384096147543156,
                    -4.40886569207569,
                    0.031436756050841196
                ]
            ],
            "volume_eff": 25.677260851631495,
            "alpha_iso": 7.660619259602766,
            "c6_ii": 31.395314268632042,
            "c8_ii": 1372.0841315412251,
            "c10_ii": 57743.915925475965,
            "slater_b_init": 32.92898553632017
        },
        {
            "index": 6,
            "element": "O",
            "charge": -0.4098048856497911,
            "dipole": [
                -0.08172349843719683,
                -0.007720255903637392,
                0.03854798765916767
            ],
            "quadrupole": [
                [
                    -4.004799160791031,
                    -4.078575072781265,
                    0.017270018020726568
                ],
                [
                    -4.078575072781265,
                    -0.005177525839575485,
                    -4.09333267647209
                ],
                [
                    0.017270018020726568,
                    -4.09333267647209,
                    -0.013313225126246345
                ]
            ],
            "volume_eff": 23.053304342039553,
            "alpha_iso": 6.877781405912353,
            "c6_ii": 25.30660090031597,
            "c8_ii": 1029.293863151,
            "c10_ii": 40313.87404831149,
            "slater_b_init": 34.13371209962373
        },
        {
            "index": 7,
            "element": "H",
            "charge": 0.16443074376419553,
            "dipole": [
                -0.0017311422316451243,
                -0.034929875534394104,
                0.03205672315535807
            ],