{
    "molecule": "FRAG_CCOC_eqO_C",
    "atoms": [
        {
            "index": 0,
            "element": "C",
            "charge": -0.5054494988795444,
            "dipole": [
                0.02689581855985987,
                -0.03727691537446495,
                0.00035757255778849065
            ],
            "quadrupole": [
                [
                    -5.1830023434166135,
                    -5.250115474801139,
                    0.008486354426352198
                ],
                [
                    -5.250115474801139,
                    0.032023515061909966,
                    -5.169810433417596
                ],
                [
                    0.008486354426352198,
                    -5.169810433417596,
                    -0.019014474461771798
                ]
            ],
            "volume_eff": 39.321639119329326,
            "alpha_iso": 12.352347367328584,
            "c6_ii": 49.37674044107472,
            "c8_ii": 1458.3074761256398,
            "c10_ii": 53962.27454922421,
            "slater_b_init": 34.66399613729193
        },
        {
            "index": 1,
            "element": "C",
            "charge": 0.10124085787000414,
            "dipole": [
                0.10398691746323925,
                0.07689746567746042,
                -0.07812964005088012
            ],
            "quadrupole": [
                [
                    -4.079134530159814,
                    -4.252201794699266,
                    0.014930360671113427
                ],
                [
                    -4.252201794699266,
                    0.0203147928948597,
                    -4.117962113774288
                ],
                [
                    0.014930360671113427,
                    -4.117962113774288,
                    -0.049058855874795367
                ]
            ],
            "volume_eff": 29.946683533728834,
            "alpha_iso": 9.407335141485497,
            "c6_ii": 28.638921375229327,
            "c8_ii": 705.3880355723276,
            "c10_ii": 21767.77204488428,
            "slater_b_init": 37.95825633298497
        },
        {
            "index": 2,
            "element": "O",
            "charge": -0.40330088009093323,
            "dipole": [
                -0.08798919858461329,
                0.005477808446692831,
                0.014044687547923094
            ],
            "quadrupole": [
                [
                    -4.020007262736859,
                    -4.060820755874203,
                    -0.00744703152834413
                ],
                [
                    -4.060820755874203,
                    -0.006261283305649958,
                    -4.103285600866343
                ],
                [
                    -0.00744703152834413,
                    -4.103285600866343,
                    -0.0028104002024565834
                ]
            ],
            "volume_eff": 23.090508288678308,
            "alpha_iso": 6.888880925904025,
            "c6_ii": 25.388347545131513,
            "c8_ii": 1033.729416666919,
            "c10_ii": 40531.14747425921,
            "slater_b_init": 34.11536990992354
        },
        {
            "index": 3,
            "element": "C",
            "charge": 0.8404713881840173,
            "dipole": [
                -0.06641032934258151,
                -0.01033865713288105,
                0.005055108121624816
            ],
            "quadrupole": [
                [
                    -3.064079589573116,
                    -2.8779577523418314,
                    -0.052456377338765126
                ],
                [
                    -2.8779577523418314,
                    -0.04033166031790631,
                    -3.086730517897042
                ],
                [
                    -0.052456377338765126,
                    -3.086730517897042,
                    0.049063109833981815
                ]
            ],
            "volume_eff": 20.247982790988736,
            "alpha_iso": 6.360622866279184,
            "c6_ii": 13.092504050776158,
            "c8_ii": 248.41787102450579,
            "c10_ii": 5905.510061613096,
            "slater_b_init": 43.24758998420073
        },
        {
            "index": 4,
            "element": "O",
            "charge": -0.5916784851733343,
            "dipole": [
                -0.005806939786415224,
                0.03582989740806466,
                0.1148426836604049
            ],
            "quadrupole": [
                [
                    -4.438692593736607,
                    -4.2973610848395705,
                    -0.029849361782966273
                ],
                [
                    -4.2973610848395705,
                    -0.040651490646604616,
                    -4.402203206206627
                ],
                [
                    -0.029849361782966273,
                    -4.402203206206627,
                    0.019539838737626786
                ]
            ],
            "volume_eff": 25.612135408248445,
            "alpha_iso": 7.641189569311691,
            "c6_ii": 31.23625985366465,
            "c8_ii": 1362.8236600181542,
            "c10_ii": 57257.17099550737,
            "slater_b_init": 32.956872052513
        },
        {
            "index": 5,
            "element": "C",
            "charge": -0.6634163968691169,
            "dipole": [
                0.02273164305508255,
                0.0023548654773847574,
                -0.009423693635347062
            ],
            "quadrupole": [
                [
                    -5.441047104931695,
                    -5.3595429687541305,
                    -0.011833438057368768
                ],
                [
                    -5.3595429687541305,
                    -0.013449183056361787,
                    -5.416676114535692
                ],
                [
                    -0.011833438057368768,
                    -5.416676114535692,
                    0.025177676438123808
                ]
            ],
            "volume_eff": 40.80883961494871,
            "alpha_iso": 12.819530769093834,
            "c6_ii": 53.18236945772258,
            "c8_ii": 1610.0627036592089,
            "c10_ii": 61070.62389890922,
            "slater_b_init": 34.23768695027885
        },
        {
            "index": 6,
            "element": "H",
            "charge": 0.1467828037217941,
            "dipole": [
                0.002224982357964284,
                0.009728374628749174,
                -0.0448910064198315
            ],
            "quadrupole": [
                [
                    -0.48805030076093137,
                    -0.4833765545534653,
                    0.00583907505541471
                ],
                [
                    -0.4833765545534653,
                    -0.004424688321675917,
                    -0.4951067274107551
                ],
                [
                    0.00583907505541471,
                    -0.4951067274107551,
                    -0.0018717323426982054
                ]
            ],
            "volume_eff": 2.7567622292091474,
            "alpha_iso": 0.8798177327263237,
            "c6_ii": 0.24846988041125811,
            "c8_ii": 1.6018957141827272,
            "c10_ii": 14.253938575583623,
            "slater_b_init": 68.91809413572338
        },
        {
            "index": 7,
            "element": "H",
            "charge": 0.15957193117935442,
            "dipole": [
                0.028636991724616066,
                0.02896932020232618,
                0.025032333666327154
            ],