{
    "molecule": "DME",
    "atoms": [
        {
            "index": 0,
            "element": "C",
            "charge": -0.08888674016831644,
            "dipole": [
                -0.11764926886083796,
                -0.008293323253967795,
                0.11154801007963112
            ],
            "quadrupole": [
                [
                    -4.477445156821445,
                    -4.54251885219357,
                    -0.012865414776840698
                ],
                [
                    -4.54251885219357,
                    -0.00709893113410405,
                    -4.497913758366676
                ],
                [
                    -0.012865414776840698,
                    -4.497913758366676,
                    -0.05006667377113838
                ]
            ],
            "volume_eff": 33.23803993010994,
            "alpha_iso": 10.441269087992652,
            "c6_ii": 35.280115748769326,
            "c8_ii": 931.5207812584877,
            "c10_ii": 30815.52381221614,
            "slater_b_init": 36.66153940774488
        },
        {
            "index": 1,
            "element": "O",
            "charge": -0.3488926455522563,
            "dipole": [
                -0.004644899816902351,
                -0.02921763846846599,
                -0.09514489355634004
            ],
            "quadrupole": [
                [
                    -3.9574741319199407,
                    -4.081309588633699,
                    -0.010413850468578614
                ],
                [
                    -4.081309588633699,
                    0.041393681685091346,
                    -4.079299715442778
                ],
                [
                    -0.010413850468578614,
                    -4.079299715442778,
                    -0.020975952751820973
                ]
            ],
            "volume_eff": 23.040762108087208,
            "alpha_iso": 6.87403952395972,
            "c6_ii": 25.279072094670152,
            "c8_ii": 1027.801230597686,
            "c10_ii": 40240.81074332769,
            "slater_b_init": 34.1399045357827
        },
        {
            "index": 2,
            "element": "C",
            "charge": -0.007351538123479884,
            "dipole": [
                0.10327038675681006,
                0.08169670077502872,
                0.0395648845872507
            ],
            "quadrupole": [
                [
                    -4.325937879597362,
                    -4.424128613919401,
                    0.05910831998824306
                ],
                [
                    -4.424128613919401,
                    0.062266696548323015,
                    -4.3728410898518515
                ],
                [
                    0.05910831998824306,
                    -4.3728410898518515,
                    0.004140610046762064
                ]
            ],
            "volume_eff": 32.15350208746704,
            "alpha_iso": 10.100576571979174,
            "c6_ii": 33.015338571020266,
            "c8_ii": 852.6554126780431,
            "c10_ii": 27589.625857200277,
            "slater_b_init": 37.069187857290906
        },
        {
            "index": 3,
            "element": "C",
            "charge": -0.007350634282623503,
            "dipole": [
                -0.10327011484979891,
                -0.081696751620098,
                -0.039565025490476836
            ],
            "quadrupole": [
                [
                    -4.325935363111552,
                    -4.424124803271889,
                    0.05910855380424915
                ],
                [
                    -4.424124803271889,
                    0.062266586653572695,
                    -4.37283801973427
                ],
                [
                    0.05910855380424915,
                    -4.37283801973427,
                    0.004140393688492366
                ]
            ],
            "volume_eff": 32.15347074769964,
            "alpha_iso": 10.100566727026065,
            "c6_ii": 33.01527421146626,
            "c8_ii": 852.6531964756506,
            "c10_ii": 27589.53621932596,
            "slater_b_init": 37.069199900981374
        },
        {
            "index": 4,
            "element": "O",
            "charge": -0.34889246354563497,
            "dipole": [
                0.004644350112528649,
                0.029218001484261236,
                0.09514521902358525
            ],
            "quadrupole": [
                [
                    -3.957471981637331,
                    -4.081309102619924,
                    -0.01041365001122533
                ],
                [
                    -4.081309102619924,
                    0.04139256101315349,
                    -4.079298855698415
                ],
                [
                    -0.01041365001122533,
                    -4.079298855698415,
                    -0.020976284310904432
                ]
            ],
            "volume_eff": 23.04075179945261,
            "alpha_iso": 6.874036448455475,
            "c6_ii": 25.27904947452784,
            "c8_ii": 1027.8000043392458,
            "c10_ii": 40240.75072974605,
            "slater_b_init": 34.13990962727959
        },
        {
            "index": 5,
            "element": "C",
            "charge": -0.08888609391189917,
            "dipole": [
                0.11764988946627049,
                0.008291568348450292,
                -0.1115475743993
            ],
            "quadrupole": [
                [
                    -4.477444882393985,
                    -4.542517663566692,
                    -0.012864317924422391
                ],
                [
                    -4.542517663566692,
                    -0.007099824896945011,
                    -4.497914090961062
                ],
                [
                    -0.012864317924422391,
                    -4.497914090961062,
                    -0.05006728554466054
                ]
            ],
            "volume_eff": 33.23803948254972,
            "alpha_iso": 10.441268947397818,
            "c6_ii": 35.280114798654566,
            "c8_ii": 931.5207478099336,
            "c10_ii": 30815.522429081797,
            "slater_b_init": 36.66153957229778
        },
        {
            "index": 6,
            "element": "H",
            "charge": 0.0772041825689842,
            "dipole": [
                0.01447720742566075,
                -0.05633127945443759,
                -0.007661854754053267
            ],
            "quadrupole": [
                [
                    -0.549957574962128,
                    -0.5659245527385814,
                    -0.00951382875594994
                ],
                [
                    -0.5659245527385814,
                    0.003579322434449326,
                    -0.5523792576656437
                ],
                [
                    -0.00951382875594994,
                    -0.5523792576656437,
                    -0.013526134386334517
                ]
            ],
            "volume_eff": 3.2334991948587835,
            "alpha_iso": 1.0319678281464204,
            "c6_ii": 0.3418382414390152,
            "c8_ii": 2.4511135586377817,
            "c10_ii": 24.25751865599869,
            "slater_b_init": 65.34947603910297
        },
        {
            "index": 7,
            "element": "H",
            "charge": 0.10891571898260932,
            "dipole": [
                0.04161935281518591,
                0.027745128484423304,
                0.034642730322874904
            ],