{
    "molecule": "DMC",
    "atoms": [
        {
            "index": 0,
            "element": "C",
            "charge": -0.10513112694534144,
            "dipole": [
                0.13471812680169737,
                -0.10128885833436509,
                -0.03852857020280208
            ],
            "quadrupole": [
                [
                    -4.456719144707189,
                    -4.4903648609916935,
                    0.017176149183057023
                ],
                [
                    -4.4903648609916935,
                    -0.08871164305734307,
                    -4.520182260639128
                ],
                [
                    0.017176149183057023,
                    -4.520182260639128,
                    -0.03263221402900498
                ]
            ],
            "volume_eff": 32.840113838273275,
            "alpha_iso": 10.316266127206264,
            "c6_ii": 34.440424730709715,
            "c8_ii": 902.0775565269349,
            "c10_ii": 29602.863095012777,
            "slater_b_init": 36.80902217838169
        },
        {
            "index": 1,
            "element": "O",
            "charge": -0.4027412030733455,
            "dipole": [
                -0.10857785875795267,
                0.016389007534456736,
                0.00926928828623264
            ],
            "quadrupole": [
                [
                    -3.9954059245649733,
                    -4.097203871138285,
                    -0.009874645473524488
                ],
                [
                    -4.097203871138285,
                    -0.01660417796099747,
                    -4.070251482089193
                ],
                [
                    -0.009874645473524488,
                    -4.070251482089193,
                    -0.007383126199496565
                ]
            ],
            "volume_eff": 23.014752734855477,
            "alpha_iso": 6.866279821448595,
            "c6_ii": 25.22203216558098,
            "c8_ii": 1024.710207279433,
            "c10_ii": 40089.59170687832,
            "slater_b_init": 34.15276039452239
        },
        {
            "index": 2,
            "element": "C",
            "charge": 0.9981325973351733,
            "dipole": [
                -0.0009718307021173059,
                -0.04067306054210224,
                -0.014166729471563404
            ],
            "quadrupole": [
                [
                    -2.8666506506511595,
                    -2.8991977083347407,
                    -0.05641451945504538
                ],
                [
                    -2.8991977083347407,
                    -0.00391634190584508,
                    -2.7593133356334785
                ],
                [
                    -0.05641451945504538,
                    -2.7593133356334785,
                    0.003718085142691995
                ]
            ],
            "volume_eff": 19.06035141916962,
            "alpha_iso": 5.987544948430246,
            "c6_ii": 11.601683084315427,
            "c8_ii": 211.4367835381429,
            "c10_ii": 4827.858677305842,
            "slater_b_init": 44.127792005662684
        },
        {
            "index": 3,
            "element": "O",
            "charge": -0.6499097259975173,
            "dipole": [
                0.008378338526151255,
                0.15626339698818872,
                0.05468626153809969
            ],
            "quadrupole": [
                [
                    -4.494971422608743,
                    -4.466377616382653,
                    -0.02829041370948239
                ],
                [
                    -4.466377616382653,
                    0.001859431867346616,
                    -4.399999614023001
                ],
                [
                    -0.02829041370948239,
                    -4.399999614023001,
                    0.004264457120275688
                ]
            ],
            "volume_eff": 26.18538433952328,
            "alpha_iso": 7.812214112343963,
            "c6_ii": 32.650163019851036,
            "c8_ii": 1445.6886365312625,
            "c10_ii": 61641.58035398162,
            "slater_b_init": 32.714598761325824
        },
        {
            "index": 4,
            "element": "O",
            "charge": -0.40787053639154003,
            "dipole": [
                0.10999971476900895,
                0.0017413019934595408,
                -0.0023250873197652204
            ],
            "quadrupole": [
                [
                    -4.012057696520916,
                    -4.108305869964256,
                    -0.01232719059274612
                ],
                [
                    -4.108305869964256,
                    0.008814948274713501,
                    -4.074873907965701
                ],
                [
                    -0.01232719059274612,
                    -4.074873907965701,
                    0.0006810499178266471
                ]
            ],
            "volume_eff": 23.101810203930466,
            "alpha_iso": 6.892252768023454,
            "c6_ii": 25.413206865771624,
            "c8_ii": 1035.0792224542035,
            "c10_ii": 40597.313367485236,
            "slater_b_init": 34.10980567189054
        },
        {
            "index": 5,
            "element": "C",
            "charge": -0.10546138009282213,
            "dipole": [
                -0.14591016474104215,
                -0.09013199374071314,
                -0.02608102381616295
            ],
            "quadrupole": [
                [
                    -4.438368050935246,
                    -4.506709094344312,
                    0.004651145688464605
                ],
                [
                    -4.506709094344312,
                    0.08746836204584585,
                    -4.528428400558907
                ],
                [
                    0.004651145688464605,
                    -4.528428400558907,
                    0.026076969260494295
                ]
            ],
            "volume_eff": 32.864047147286726,
            "alpha_iso": 10.32378444417384,
            "c6_ii": 34.49064219888253,
            "c8_ii": 903.831737605938,
            "c10_ii": 29674.837780580165,
            "slater_b_init": 36.80008459339769
        },
        {
            "index": 6,
            "element": "H",
            "charge": 0.11051637849632345,
            "dipole": [
                0.004656504363178883,
                0.013718104006116526,
                0.061890574012672415
            ],
            "quadrupole": [
                [
                    -0.50396242024996,
                    -0.5166927086714522,
                    -0.00031036160016643266
                ],
                [
                    -0.5166927086714522,
                    -0.013699115318956838,
                    -0.5194069467879395
                ],
                [
                    -0.00031036160016643266,
                    -0.5194069467879395,
                    -0.00010947472353231471
                ]
            ],
            "volume_eff": 2.9047190333307786,
            "alpha_iso": 0.9270379893608869,
            "c6_ii": 0.27585660835401443,
            "c8_ii": 1.8415369099981422,
            "c10_ii": 16.96749064751706,
            "slater_b_init": 67.72749071143276
        },
        {
            "index": 7,
            "element": "H",
            "charge": 0.11554327362040451,
            "dipole": [
                -0.044990787806677784,
                -0.0403603487789586,
                -0.012455841088418029
            ],