{
    "molecule": "FSI",
    "atoms": [
        {
            "index": 0,
            "element": "N",
            "charge": -0.8646491470245223,
            "dipole": [
                -0.13650357098904078,
                0.08385305710817849,
                0.20681363330348745
            ],
            "quadrupole": [
                [
                    -5.2126099601377485,
                    -5.083524618441067,
                    -0.04028833943677073
                ],
                [
                    -5.083524618441067,
                    -0.020156817651624786,
                    -5.1505946345500835
                ],
                [
                    -0.04028833943677073,
                    -5.1505946345500835,
                    -0.03070070039520891
                ]
            ],
            "volume_eff": 34.07597194360613,
            "alpha_iso": 9.927645369397062,
            "c6_ii": 43.555643726230166,
            "c8_ii": 1663.8685770137743,
            "c10_ii": 69239.69283407941,
            "slater_b_init": 32.64106515058386
        },
        {
            "index": 1,
            "element": "S",
            "charge": 1.5996177880540614,
            "dipole": [
                0.010558144409726987,
                0.04128491644958871,
                0.09187269301534967
            ],
            "quadrupole": [
                [
                    -7.058376921828997,
                    -7.012214616426352,
                    0.06011696636036529
                ],
                [
                    -7.012214616426352,
                    -0.017887377511462015,
                    -6.890940858522913
                ],
                [
                    0.06011696636036529,
                    -6.890940858522913,
                    -0.03484070877047716
                ]
            ],
            "volume_eff": 53.06424962058108,
            "alpha_iso": 13.830575698981239,
            "c6_ii": 66.72263233585888,
            "c8_ii": 1578.6450389786328,
            "c10_ii": 37537.199480981304,
            "slater_b_init": 38.19010521025969
        },
        {
            "index": 2,
            "element": "O",
            "charge": -0.6756366478380542,
            "dipole": [
                0.0962348688568572,
                0.16289133849916382,
                -0.14521445677375489
            ],
            "quadrupole": [
                [
                    -4.444234025131165,
                    -4.464664788127685,
                    0.0349345147823886
                ],
                [
                    -4.464664788127685,
                    -0.005314024247514965,
                    -4.447422205760854
                ],
                [
                    0.0349345147823886,
                    -4.447422205760854,
                    0.01167127258682019
                ]
            ],
            "volume_eff": 25.953990490969847,
            "alpha_iso": 7.743179483493766,
            "c6_ii": 32.0756695751763,
            "c8_ii": 1411.8718196669347,
            "c10_ii": 59844.52067026039,
            "slater_b_init": 32.81153402749814
        },
        {
            "index": 3,
            "element": "O",
            "charge": -0.674379988652074,
            "dipole": [
                0.1271106441705533,
                -0.1976557172583986,
                0.02092410127481948
            ],
            "quadrupole": [
                [
                    -4.444045873259816,
                    -4.481414766499494,
                    0.012028760581659777
                ],
                [
                    -4.481414766499494,
                    0.016525246665162866,
                    -4.422831172340158
                ],
                [
                    0.012028760581659777,
                    -4.422831172340158,
                    0.00288995173030157
                ]
            ],
            "volume_eff": 25.932889056091618,
            "alpha_iso": 7.736884027784239,
            "c6_ii": 32.02353366139823,
            "c8_ii": 1408.8128331957896,
            "c10_ii": 59682.489341464796,
            "slater_b_init": 32.820431130315306
        },
        {
            "index": 4,
            "element": "F",
            "charge": -0.3165710222519884,
            "dipole": [
                0.01928494388008402,
                0.03233740565799135,
                0.06751363569485935
            ],
            "quadrupole": [
                [
                    -3.612604627969529,
                    -3.6393110061218437,
                    -0.0011985617080133364
                ],
                [
                    -3.6393110061218437,
                    0.005983158113689741,
                    -3.6460047335918953
                ],
                [
                    -0.0011985617080133364,
                    -3.6460047335918953,
                    0.006371282543210594
                ]
            ],
            "volume_eff": 18.424866345561316,
            "alpha_iso": 5.786321662242397,
            "c6_ii": 22.02731472298396,
            "c8_ii": 982.0507098616301,
            "c10_ii": 40619.06473888077,
            "slater_b_init": 33.03015446512223
        },
        {
            "index": 5,
            "element": "S",
            "charge": 1.5961467234767408,
            "dipole": [
                -0.0952861162440783,
                0.007593427064699413,
                0.04025031413358052
            ],
            "quadrupole": [
                [
                    -6.957288915107377,
                    -7.043363440533458,
                    0.014525629258350818
                ],
                [
                    -7.043363440533458,
                    -0.032713259724664816,
                    -6.995761198171564
                ],
                [
                    0.014525629258350818,
                    -6.995761198171564,
                    -0.10799465589536837
                ]
            ],
            "volume_eff": 53.19749455475693,
            "alpha_iso": 13.865304431824944,
            "c6_ii": 67.05813561089835,
            "c8_ii": 1589.2378255630085,
            "c10_ii": 37852.30870806842,
            "slater_b_init": 38.15819335325385
        },
        {
            "index": 6,
            "element": "O",
            "charge": -0.673540715956026,
            "dipole": [
                -0.015153926293456958,
                0.12420929646222365,
                -0.19913319899727866
            ],
            "quadrupole": [
                [
                    -4.417601428905598,
                    -4.460056372095054,
                    0.022131064126414527
                ],
                [
                    -4.460056372095054,
                    -0.001934247990990064,
                    -4.466571558511518
                ],
                [
                    0.022131064126414527,
                    -4.466571558511518,
                    -0.004539535629567369
                ]
            ],
            "volume_eff": 25.921856561417393,
            "alpha_iso": 7.733592565284747,
            "c6_ii": 31.9962922450929,
            "c8_ii": 1407.215149230248,
            "c10_ii": 59597.89663244273,
            "slater_b_init": 32.82508665943799
        },
        {
            "index": 7,
            "element": "O",
            "charge": -0.6737998505469989,
            "dipole": [
                0.015271657043487031,
                -0.23285067208793214,
                -0.03349011798563909
            ],