{
    "molecule": "FRAG_C_F_F",
    "atoms": [
        {
            "index": 0,
            "element": "C",
            "charge": 0.39056019490007277,
            "dipole": [
                0.006558647321731644,
                0.18189794675323553,
                -0.008761463101626722
            ],
            "quadrupole": [
                [
                    -3.686771052996351,
                    -3.760811961314,
                    -0.00057415440016472
                ],
                [
                    -3.760811961314,
                    -0.006074594068396112,
                    -3.8030250038354128
                ],
                [
                    -0.00057415440016472,
                    -3.8030250038354128,
                    -0.016371988926843717
                ]
            ],
            "volume_eff": 26.611884570187133,
            "alpha_iso": 8.359754315242032,
            "c6_ii": 22.615721785015847,
            "c8_ii": 514.8726429095857,
            "c10_ii": 14686.003939382428,
            "slater_b_init": 39.48183128311416
        },
        {
            "index": 1,
            "element": "F",
            "charge": -0.25212947396861196,
            "dipole": [
                0.0053835427329502646,
                0.01582906230228505,
                -0.0010101061477630893
            ],
            "quadrupole": [
                [
                    -3.542523099143227,
                    -3.577909397684816,
                    0.003050799325838219
                ],
                [
                    -3.577909397684816,
                    -0.0388826197745555,
                    -3.61328926744402
                ],
                [
                    0.003050799325838219,
                    -3.61328926744402,
                    -0.007290614934992858
                ]
            ],
            "volume_eff": 18.13861315037602,
            "alpha_iso": 5.696423964580898,
            "c6_ii": 21.34818814753392,
            "c8_ii": 941.8893078085397,
            "c10_ii": 38553.371278961815,
            "slater_b_init": 33.20300268645605
        },
        {
            "index": 2,
            "element": "F",
            "charge": -0.25102732599830446,
            "dipole": [
                -0.0060123286268079995,
                0.015034828038563255,
                0.0003155154910683123
            ],
            "quadrupole": [
                [
                    -3.532243389040439,
                    -3.5826413644530244,
                    -0.0064620399975608995
                ],
                [
                    -3.5826413644530244,
                    0.03684013573850047,
                    -3.611450014828564
                ],
                [
                    -0.0064620399975608995,
                    -3.611450014828564,
                    -0.01280254631190145
                ]
            ],
            "volume_eff": 18.117846135742887,
            "alpha_iso": 5.689902092216775,
            "c6_ii": 21.29933277566634,
            "c8_ii": 939.0163837789839,
            "c10_ii": 38406.43436764843,
            "slater_b_init": 33.215683810460206
        },
        {
            "index": 3,
            "element": "H",
            "charge": 0.05689575402115232,
            "dipole": [
                -0.011249705176458532,
                -0.04372049749435499,
                -0.06908413315216211
            ],
            "quadrupole": [
                [
                    -0.5269051149418646,
                    -0.5353241727385188,
                    -0.0036543868068073504
                ],
                [
                    -0.5353241727385188,
                    -0.0011439947785134624,
                    -0.5471087733165101
                ],
                [
                    -0.0036543868068073504,
                    -0.5471087733165101,
                    -0.0029606491361539138
                ]
            ],
            "volume_eff": 3.0056204624618363,
            "alpha_iso": 0.959240573126118,
            "c6_ii": 0.2953543753754865,
            "c8_ii": 2.0170985475536947,
            "c10_ii": 19.013014503336766,
            "slater_b_init": 66.96095659327906
        },
        {
            "index": 4,
            "element": "H",
            "charge": 0.05713835126178046,
            "dipole": [
                0.007753191015677685,
                -0.03728586318022662,
                0.0728749326258576
            ],
            "quadrupole": [
                [
                    -0.5264931138938214,
                    -0.533986148248932,
                    0.0021777139647045462
                ],
                [
                    -0.533986148248932,
                    3.06769581239353e-05,
                    -0.5476110117465012
                ],
                [
                    0.0021777139647045462,
                    -0.5476110117465012,
                    -0.0026319316276131608
                ]
            ],
            "volume_eff": 3.002187740727651,
            "alpha_iso": 0.9581450236364845,
            "c6_ii": 0.29468011165806596,
            "c8_ii": 2.010961112944166,
            "c10_ii": 18.940728299532807,
            "slater_b_init": 66.98646807571583
        }
    ]
}