{
    "molecule": "CCarb_940",
    "atoms": [
        {
            "index": 0,
            "element": "O",
            "charge": -0.5832011270186861,
            "dipole": [
                0.13806725086632485,
                0.10716172597391334,
                0.0189612366219204
            ],
            "quadrupole": [
                [
                    -4.352688577883485,
                    -4.363757166854569,
                    0.05629603272975825
                ],
                [
                    -4.363757166854569,
                    -0.003667855830024759,
                    -4.325381192691793
                ],
                [
                    0.05629603272975825,
                    -4.325381192691793,
                    -0.046197185069012034
                ]
            ],
            "volume_eff": 25.31508318703766,
            "alpha_iso": 7.552566254696319,
            "c6_ii": 30.515898823477713,
            "c8_ii": 1321.0802007324257,
            "c10_ii": 55073.386837213686,
            "slater_b_init": 33.085278602447445
        },
        {
            "index": 1,
            "element": "C",
            "charge": 0.9696504049205945,
            "dipole": [
                -0.02703717748196316,
                -0.023879446011161796,
                -0.006766396099789762
            ],
            "quadrupole": [
                [
                    -2.921569447451729,
                    -2.8996838913088356,
                    0.03936028148905096
                ],
                [
                    -2.8996838913088356,
                    -0.05535151676062915,
                    -2.8356550830390557
                ],
                [
                    0.03936028148905096,
                    -2.8356550830390557,
                    -0.03764480768695555
                ]
            ],
            "volume_eff": 19.43597788034297,
            "alpha_iso": 6.1055427896365355,
            "c6_ii": 12.06346262801009,
            "c8_ii": 222.73161037625403,
            "c10_ii": 5152.359890870955,
            "slater_b_init": 43.841664398124834
        },
        {
            "index": 2,
            "element": "O",
            "charge": -0.3917035485999403,
            "dipole": [
                -0.03603885739108936,
                -0.07643757947666033,
                0.02094086147593953
            ],
            "quadrupole": [
                [
                    -4.025824397434943,
                    -4.010346562554744,
                    0.004552408485752612
                ],
                [
                    -4.010346562554744,
                    0.04190654596572894,
                    -4.0623772134022635
                ],
                [
                    0.004552408485752612,
                    -4.0623772134022635,
                    -0.003060966187934328
                ]
            ],
            "volume_eff": 22.8394921658024,
            "alpha_iso": 6.8139921378637,
            "c6_ii": 24.83935617750156,
            "c8_ii": 1004.033203730953,
            "c10_ii": 39080.97584803647,
            "slater_b_init": 34.239895822278285
        },
        {
            "index": 3,
            "element": "C",
            "charge": 0.009155707613187403,
            "dipole": [
                0.10732320962877528,
                0.06638332764505654,
                0.05267457178380646
            ],
            "quadrupole": [
                [
                    -4.1685758495201615,
                    -4.300021474470598,
                    0.013523254853707046
                ],
                [
                    -4.300021474470598,
                    0.028655282686814273,
                    -4.204194381258626
                ],
                [
                    0.013523254853707046,
                    -4.204194381258626,
                    0.05881876615191358
                ]
            ],
            "volume_eff": 30.30609840646285,
            "alpha_iso": 9.520240337108747,
            "c6_ii": 29.33048531358446,
            "c8_ii": 728.1902811686183,
            "c10_ii": 22650.87415931889,
            "slater_b_init": 37.80760401297054
        },
        {
            "index": 4,
            "element": "C",
            "charge": -0.134415784983009,
            "dipole": [
                0.12644920795685696,
                0.08108266581233554,
                -0.0794731672889268
            ],
            "quadrupole": [
                [
                    -4.575644677670616,
                    -4.46810001435233,
                    -0.04836348645541173
                ],
                [
                    -4.46810001435233,
                    0.08340020380819786,
                    -4.517654939077964
                ],
                [
                    -0.04836348645541173,
                    -4.517654939077964,
                    0.002057483195280608
                ]
            ],
            "volume_eff": 33.113734757926935,
            "alpha_iso": 10.402220342804272,
            "c6_ii": 35.01672474727568,
            "c8_ii": 922.2597234717476,
            "c10_ii": 30433.04602640943,
            "slater_b_init": 36.70735653305865
        },
        {
            "index": 5,
            "element": "C",
            "charge": 0.8057547835396566,
            "dipole": [
                -0.08947776436462554,
                0.06097204532146824,
                0.09296420676523937
            ],
            "quadrupole": [
                [
                    -3.2440090949983804,
                    -3.2141013147827833,
                    -0.04360125070274881
                ],
                [
                    -3.2141013147827833,
                    0.047400377620840636,
                    -3.2630201514063373
                ],
                [
                    -0.04360125070274881,
                    -3.2630201514063373,
                    0.050053919446653
                ]
            ],
            "volume_eff": 22.761698890297758,
            "alpha_iso": 7.150271902711337,
            "c6_ii": 16.545067319263676,
            "c8_ii": 339.3990307050536,
            "c10_ii": 8723.024986893548,
            "slater_b_init": 41.59306652513645
        },
        {
            "index": 6,
            "element": "F",
            "charge": -0.2464729272666375,
            "dipole": [
                -0.023556740743315603,
                0.04788218609033048,
                -0.023744638349264276
            ],
            "quadrupole": [
                [
                    -3.5530802040234377,
                    -3.53654313965634,
                    -0.0314891739108283
                ],
                [
                    -3.53654313965634,
                    -0.02780172727496502,
                    -3.556270962415088
                ],
                [
                    -0.0314891739108283,
                    -3.556270962415088,
                    0.013779016254722994
                ]
            ],
            "volume_eff": 17.894999094096935,
            "alpha_iso": 5.619917070873417,
            "c6_ii": 20.77859729177267,
            "c8_ii": 908.5318137464969,
            "c10_ii": 36854.26051158353,
            "slater_b_init": 33.35299408731278
        },
        {
            "index": 7,
            "element": "F",
            "charge": -0.25558211240213957,
            "dipole": [
                -0.042466837939944053,
                -0.03453986673515257,
                0.016625006123405655
            ],