{
    "molecule": "FRAG_CF",
    "atoms": [
        {
            "index": 0,
            "element": "C",
            "charge": -0.034082603546147894,
            "dipole": [
                0.16494965314198531,
                0.016302308915797613,
                0.013489815279836377
            ],
            "quadrupole": [
                [
                    -4.255173719410659,
                    -4.4239064184952985,
                    0.0009224036386692026
                ],
                [
                    -4.4239064184952985,
                    0.014709388913207845,
                    -4.424779057331792
                ],
                [
                    0.0009224036386692026,
                    -4.424779057331792,
                    0.01280523883477371
                ]
            ],
            "volume_eff": 31.739388887481503,
            "alpha_iso": 9.970488655753352,
            "c6_ii": 32.17038897227773,
            "c8_ii": 823.6846302414633,
            "c10_ii": 26422.87511942693,
            "slater_b_init": 37.22970929957197
        },
        {
            "index": 1,
            "element": "F",
            "charge": -0.22587864739197805,
            "dipole": [
                -0.05257193593829163,
                -0.005402005588591768,
                -0.0048076512332908316
            ],
            "quadrupole": [
                [
                    -3.4937476254346578,
                    -3.5793458799016746,
                    0.000594996235647169
                ],
                [
                    -3.5793458799016746,
                    0.009087256560472438,
                    -3.579610440199984
                ],
                [
                    0.000594996235647169,
                    -3.579610440199984,
                    0.008296791964954387
                ]
            ],
            "volume_eff": 17.94653780088589,
            "alpha_iso": 5.636102780443502,
            "c6_ii": 20.898456941923012,
            "c8_ii": 915.5262457691578,
            "c10_ii": 37209.25937270723,
            "slater_b_init": 33.321035865250344
        },
        {
            "index": 2,
            "element": "H",
            "charge": 0.08639650811895794,
            "dipole": [
                -0.017737230925296284,
                -0.008939894634364762,
                0.06157062667642473
            ],
            "quadrupole": [
                [
                    -0.5131032802876836,
                    -0.5389665544216731,
                    0.0006192740808780039
                ],
                [
                    -0.5389665544216731,
                    0.002100604681011823,
                    -0.5385857420583747
                ],
                [
                    0.0006192740808780039,
                    -0.5385857420583747,
                    0.0065079583541520535
                ]
            ],
            "volume_eff": 3.0053871185018703,
            "alpha_iso": 0.9591661016495331,
            "c6_ii": 0.29530851696781013,
            "c8_ii": 2.01668097670122,
            "c10_ii": 19.00809464256143,
            "slater_b_init": 66.96268954034964
        },
        {
            "index": 3,
            "element": "H",
            "charge": 0.08706613250633732,
            "dipole": [
                -0.016416280481103898,
                0.056132496741228825,
                -0.025827165889552767
            ],
            "quadrupole": [
                [
                    -0.5119244569326711,
                    -0.5371121348136901,
                    0.00010176693140468141
                ],
                [
                    -0.5371121348136901,
                    0.0062427026398124055,
                    -0.5383246876484306
                ],
                [
                    0.00010176693140468141,
                    -0.5383246876484306,
                    0.0007621260745011555
                ]
            ],
            "volume_eff": 2.997112057800122,
            "alpha_iso": 0.9565251248298262,
            "c6_ii": 0.29368454537282196,
            "c8_ii": 2.0019076032708143,
            "c10_ii": 18.834197487720317,
            "slater_b_init": 67.0242611592193
        },
        {
            "index": 4,
            "element": "H",
            "charge": 0.08687231561438669,
            "dipole": [
                -0.0050741645679005035,
                -0.05107523316494981,
                -0.03844971850716564
            ],
            "quadrupole": [
                [
                    -0.5109667000192246,
                    -0.5385419542546447,
                    -0.0002625378797630922
                ],
                [
                    -0.5385419542546447,
                    -0.0005262526363354748,
                    -0.5388123494338722
                ],
                [
                    -0.0002625378797630922,
                    -0.5388123494338722,
                    -0.00018693071400394752
                ]
            ],
            "volume_eff": 2.999314468781967,
            "alpha_iso": 0.9572280219516917,
            "c6_ii": 0.29411632884257105,
            "c8_ii": 2.005832914126419,
            "c10_ii": 18.880371066726646,
            "slater_b_init": 67.00785173004579
        }
    ]
}