{
    "molecule": "Phos_663",
    "atoms": [
        {
            "index": 0,
            "element": "O",
            "charge": -0.8207257122418348,
            "dipole": [
                0.0985965921951089,
                0.04500313576007673,
                -0.37543230058923915
            ],
            "quadrupole": [
                [
                    -4.682961569834265,
                    -4.676362737910064,
                    0.002081348500982504
                ],
                [
                    -4.676362737910064,
                    -0.00044914580749934416,
                    -4.712653775567094
                ],
                [
                    0.002081348500982504,
                    -4.712653775567094,
                    0.010902245093966772
                ]
            ],
            "volume_eff": 27.833053661868835,
            "alpha_iso": 8.30378396541943,
            "c6_ii": 36.8883442747588,
            "c8_ii": 1701.1652861520934,
            "c10_ii": 75546.34284978782,
            "slater_b_init": 32.05587456662697
        },
        {
            "index": 1,
            "element": "P",
            "charge": 1.7696322125348907,
            "dipole": [
                -0.03771610119400906,
                -0.024950927803146915,
                0.16059322199695383
            ],
            "quadrupole": [
                [
                    -6.253130526259359,
                    -6.26278516203304,
                    -0.01962884431419695
                ],
                [
                    -6.26278516203304,
                    -0.0039432769552466395,
                    -6.14204916719174
                ],
                [
                    -0.01962884431419695,
                    -6.14204916719174,
                    -0.035250635078354374
                ]
            ],
            "volume_eff": 49.65511450842941,
            "alpha_iso": 19.098120964780545,
            "c6_ii": 107.96251441807549,
            "c8_ii": 3413.760557663105,
            "c10_ii": 61130.79297418211,
            "slater_b_init": 36.09915721737709
        },
        {
            "index": 2,
            "element": "O",
            "charge": -0.656435306742642,
            "dipole": [
                -0.07524569296583435,
                -0.13928546196072922,
                0.13215381571442275
            ],
            "quadrupole": [
                [
                    -4.304310959240548,
                    -4.313466615046119,
                    0.04572401945799765
                ],
                [
                    -4.313466615046119,
                    0.026122894799816724,
                    -4.2881677665233076
                ],
                [
                    0.04572401945799765,
                    -4.2881677665233076,
                    -0.01007162073498752
                ]
            ],
            "volume_eff": 24.62244790847631,
            "alpha_iso": 7.345923685401772,
            "c6_ii": 28.868877872127886,
            "c8_ii": 1226.8764579502242,
            "c10_ii": 50208.97397515191,
            "slater_b_init": 33.392646494824
        },
        {
            "index": 3,
            "element": "C",
            "charge": 1.1494203397014964,
            "dipole": [
                -0.0033242861252789444,
                -0.017762947253667588,
                0.013335946587364214
            ],
            "quadrupole": [
                [
                    -2.776176497563711,
                    -2.7908695041388225,
                    0.0015943966695178245
                ],
                [
                    -2.7908695041388225,
                    0.036157792263911026,
                    -2.7578398212604927
                ],
                [
                    0.0015943966695178245,
                    -2.7578398212604927,
                    -0.01368585726556458
                ]
            ],
            "volume_eff": 18.94716372967197,
            "alpha_iso": 5.951988606179676,
            "c6_ii": 11.464301708007772,
            "c8_ii": 208.1050833729288,
            "c10_ii": 4732.953421397067,
            "slater_b_init": 44.215488680565294
        },
        {
            "index": 4,
            "element": "F",
            "charge": -0.26685769358339684,
            "dipole": [
                -0.014789444467305728,
                -0.033373914121370564,
                -0.11736882691725871
            ],
            "quadrupole": [
                [
                    -3.576329532139474,
                    -3.5749346247909584,
                    0.012770566749120704
                ],
                [
                    -3.5749346247909584,
                    -0.0021090556212159262,
                    -3.525634604775728
                ],
                [
                    0.012770566749120704,
                    -3.525634604775728,
                    0.0024572571575701458
                ]
            ],
            "volume_eff": 17.914618078375604,
            "alpha_iso": 5.626078404779115,
            "c6_ii": 20.82418303731705,
            "c8_ii": 911.1903978514263,
            "c10_ii": 36989.11539879445,
            "slater_b_init": 33.340814259684244
        },
        {
            "index": 5,
            "element": "F",
            "charge": -0.27606351731288825,
            "dipole": [
                0.018462969912599134,
                -0.07870156864295128,
                0.07177109998900044
            ],
            "quadrupole": [
                [
                    -3.576719258607049,
                    -3.5653067711630775,
                    -0.030110119842301553
                ],
                [
                    -3.5653067711630775,
                    -0.025095842042854134,
                    -3.5825452013250683
                ],
                [
                    -0.030110119842301553,
                    -3.5825452013250683,
                    0.011813257470278662
                ]
            ],
            "volume_eff": 18.040701368744838,
            "alpha_iso": 5.6656748100190395,
            "c6_ii": 21.11833621900282,
            "c8_ii": 928.3921032664863,
            "c10_ii": 37864.02901981232,
            "slater_b_init": 33.26296158090765
        },
        {
            "index": 6,
            "element": "F",
            "charge": -0.26932948801316314,
            "dipole": [
                0.07586943042786441,
                0.09039894867794733,
                0.00744705659152498
            ],
            "quadrupole": [
                [
                    -3.5578483762023434,
                    -3.533258703329926,
                    0.0036091537344601983
                ],
                [
                    -3.533258703329926,
                    0.02396531515091499,
                    -3.5775119899936723
                ],
                [
                    0.0036091537344601983,
                    -3.5775119899936723,
                    -0.005422795955964109
                ]
            ],
            "volume_eff": 17.882940507671414,
            "alpha_iso": 5.61613007678937,
            "c6_ii": 20.750603315406693,
            "c8_ii": 906.9001536820824,
            "c10_ii": 36771.54447645433,
            "slater_b_init": 33.360489118599446
        },
        {
            "index": 7,
            "element": "O",
            "charge": -0.6556275018067677,
            "dipole": [
                -0.12541819480997043,
                0.07479204644883365,
                0.14356474696390856
            ],