{
    "molecule": "FRAG_CCCC",
    "atoms": [
        {
            "index": 0,
            "element": "C",
            "charge": -0.41516673276100846,
            "dipole": [
                0.06818232851771984,
                -0.0424485125243667,
                -0.0344277161384005
            ],
            "quadrupole": [
                [
                    -5.068049422052937,
                    -5.077794511996586,
                    -0.04125578873305194
                ],
                [
                    -5.077794511996586,
                    0.039523799717693535,
                    -5.099031722413807
                ],
                [
                    -0.04125578873305194,
                    -5.099031722413807,
                    0.04504597109719903
                ]
            ],
            "volume_eff": 38.4858527672379,
            "alpha_iso": 12.089796680807716,
            "c6_ii": 47.30003030764131,
            "c8_ii": 1377.1072718309003,
            "c10_ii": 50232.93848475771,
            "slater_b_init": 34.91313067783428
        },
        {
            "index": 1,
            "element": "C",
            "charge": -0.17833788866607048,
            "dipole": [
                -0.001844882300334734,
                0.03831067706078377,
                0.07644135640433268
            ],
            "quadrupole": [
                [
                    -4.622052770731673,
                    -4.593368768152958,
                    -0.015566549530126178
                ],
                [
                    -4.593368768152958,
                    0.05904986302176145,
                    -4.667741678736775
                ],
                [
                    -0.015566549530126178,
                    -4.667741678736775,
                    -0.0003528787931804267
                ]
            ],
            "volume_eff": 34.267265194895785,
            "alpha_iso": 10.764585925098153,
            "c6_ii": 37.49886147547965,
            "c8_ii": 1010.4387408624475,
            "c10_ii": 34112.72047978911,
            "slater_b_init": 36.29075611520794
        },
        {
            "index": 2,
            "element": "C",
            "charge": -0.15924362778342704,
            "dipole": [
                -0.007371475896360126,
                0.08688571971834999,
                0.007220624170101667
            ],
            "quadrupole": [
                [
                    -4.561434576998442,
                    -4.62490443362524,
                    0.010720770366585149
                ],
                [
                    -4.62490443362524,
                    -0.007833673797095504,
                    -4.552614254745341
                ],
                [
                    0.010720770366585149,
                    -4.552614254745341,
                    -0.05422309526820838
                ]
            ],
            "volume_eff": 33.786561961512426,
            "alpha_iso": 10.613579673773536,
            "c6_ii": 36.45416822712296,
            "c8_ii": 973.0805773021425,
            "c10_ii": 32543.546143745454,
            "slater_b_init": 36.46205693673479
        },
        {
            "index": 3,
            "element": "C",
            "charge": -0.4127309176401912,
            "dipole": [
                -0.06003935118685596,
                -0.05623234608371494,
                -0.03384031783508602
            ],
            "quadrupole": [
                [
                    -5.047592309654615,
                    -5.12551746280256,
                    -0.026916900485158147
                ],
                [
                    -5.12551746280256,
                    -0.041083560939890774,
                    -5.049124154932536
                ],
                [
                    -0.026916900485158147,
                    -5.049124154932536,
                    -0.016066797045367086
                ]
            ],
            "volume_eff": 38.418091814045006,
            "alpha_iso": 12.068510517501046,
            "c6_ii": 47.13361728315386,
            "c8_ii": 1370.6510644821378,
            "c10_ii": 49938.73120677483,
            "slater_b_init": 34.93364494927782
        },
        {
            "index": 4,
            "element": "H",
            "charge": 0.12982100247298844,
            "dipole": [
                0.028416172111716265,
                0.03735685068579158,
                0.008432884617696803
            ],
            "quadrupole": [
                [
                    -0.4988272343102462,
                    -0.5104996285443711,
                    -0.0019304679109237687
                ],
                [
                    -0.5104996285443711,
                    -0.004568886510949095,
                    -0.5070463165496533
                ],
                [
                    -0.0019304679109237687,
                    -0.5070463165496533,
                    -0.006516043067621699
                ]
            ],
            "volume_eff": 2.8743566362238253,
            "alpha_iso": 0.9173478626246251,
            "c6_ii": 0.2701198102174218,
            "c8_ii": 1.7906518375504086,
            "c10_ii": 16.38347506724921,
            "slater_b_init": 67.96512888128925
        },
        {
            "index": 5,
            "element": "H",
            "charge": 0.12762868025582308,
            "dipole": [
                -0.0074153228367306815,
                -0.03260632342893397,
                0.03267519621647664
            ],
            "quadrupole": [
                [
                    -0.507302884032407,
                    -0.5073066234054966,
                    0.006714430669574681
                ],
                [
                    -0.5073066234054966,
                    -0.00522964960543774,
                    -0.5177728151570754
                ],
                [
                    0.006714430669574681,
                    -0.5177728151570754,
                    -0.00031900879460847724
                ]
            ],
            "volume_eff": 2.920132268068825,
            "alpha_iso": 0.9319571068304762,
            "c6_ii": 0.27879191695392125,
            "c8_ii": 1.8677101354969643,
            "c10_ii": 17.269466773126982,
            "slater_b_init": 67.60811920340369
        },
        {
            "index": 6,
            "element": "H",
            "charge": 0.1276103515803685,
            "dipole": [
                -0.03310575355273771,
                0.004146519040416702,
                -0.036008398618725304
            ],
            "quadrupole": [
                [
                    -0.5136745606050971,
                    -0.5086154176472071,
                    0.004182211223944489
                ],
                [
                    -0.5086154176472071,
                    0.00045439571662510454,
                    -0.504953878308434
                ],
                [
                    0.004182211223944489,
                    -0.504953878308434,
                    -0.005723079019469552
                ]
            ],
            "volume_eff": 2.8991893325708182,
            "alpha_iso": 0.9252731912460058,
            "c6_ii": 0.2748073140667007,
            "c8_ii": 1.832203132705804,
            "c10_ii": 16.86005978812808,
            "slater_b_init": 67.77052284442652
        },
        {
            "index": 7,
            "element": "H",
            "charge": 0.10384705294607555,
            "dipole": [
                0.017375569704232128,
                0.03587465524866,
                -0.02892335930597921
            ],