{
    "molecule": "EC",
    "atoms": [
        {
            "index": 0,
            "element": "O",
            "charge": -0.6065925958623648,
            "dipole": [
                0.1764846017179095,
                0.012776114215703979,
                0.010623848024916954
            ],
            "quadrupole": [
                [
                    -4.40495715926064,
                    -4.4482523226499815,
                    0.03313726441458383
                ],
                [
                    -4.4482523226499815,
                    0.0024925161998487644,
                    -4.31583934847257
                ],
                [
                    0.03313726441458383,
                    -4.31583934847257,
                    -0.006595280635137772
                ]
            ],
            "volume_eff": 25.667681652680635,
            "alpha_iso": 7.65776137704284,
            "c6_ii": 31.371893868332418,
            "c8_ii": 1370.7195642756672,
            "c10_ii": 57672.14038914347,
            "slater_b_init": 32.93308140125671
        },
        {
            "index": 1,
            "element": "C",
            "charge": 0.9784297872118035,
            "dipole": [
                -0.03746954957421448,
                -0.002659396404635136,
                -0.0020728204438166457
            ],
            "quadrupole": [
                [
                    -2.956620952222995,
                    -2.876845085525574,
                    0.03242249144606531
                ],
                [
                    -2.876845085525574,
                    -0.008286032305392725,
                    -2.7769526226843704
                ],
                [
                    0.03242249144606531,
                    -2.7769526226843704,
                    -0.015272714530553164
                ]
            ],
            "volume_eff": 19.28582054317813,
            "alpha_iso": 6.058372945500983,
            "c6_ii": 11.877784277776854,
            "c8_ii": 218.1723908144334,
            "c10_ii": 5020.865735553847,
            "slater_b_init": 43.95515254106862
        },
        {
            "index": 2,
            "element": "O",
            "charge": -0.39539535931719705,
            "dipole": [
                -0.07843603791291902,
                -0.04641826162091943,
                -0.001803942810260567
            ],
            "quadrupole": [
                [
                    -3.9888730528393332,
                    -4.067066272301477,
                    0.012814570291342678
                ],
                [
                    -4.067066272301477,
                    0.027943144083147114,
                    -4.061757605002562
                ],
                [
                    0.012814570291342678,
                    -4.061757605002562,
                    0.005501555731223113
                ]
            ],
            "volume_eff": 22.883976902605344,
            "alpha_iso": 6.827263827296622,
            "c6_ii": 24.936210196611842,
            "c8_ii": 1009.2565163941337,
            "c10_ii": 39335.28109460761,
            "slater_b_init": 34.21769483287691
        },
        {
            "index": 3,
            "element": "C",
            "charge": -0.015328947071544974,
            "dipole": [
                0.12684125748175967,
                -0.04077549137808638,
                0.04798079431508281
            ],
            "quadrupole": [
                [
                    -4.207888374461856,
                    -4.354720835991682,
                    -0.04363127394851521
                ],
                [
                    -4.354720835991682,
                    -0.07464840971164878,
                    -4.272165194849514
                ],
                [
                    -0.04363127394851521,
                    -4.272165194849514,
                    0.030108278012593467
                ]
            ],
            "volume_eff": 30.78767506512558,
            "alpha_iso": 9.671520962866673,
            "c6_ii": 30.270038933742352,
            "c8_ii": 759.4569934305703,
            "c10_ii": 23873.046912416838,
            "slater_b_init": 37.60944002841699
        },
        {
            "index": 4,
            "element": "C",
            "charge": -0.01358262164142321,
            "dipole": [
                0.12673026663228731,
                0.05804729478450219,
                -0.032756661924384464
            ],
            "quadrupole": [
                [
                    -4.223318016894088,
                    -4.322810187844485,
                    -0.03326902232459523
                ],
                [
                    -4.322810187844485,
                    0.08785015160847987,
                    -4.275109390287267
                ],
                [
                    -0.03326902232459523,
                    -4.275109390287267,
                    -0.01603721366783832
                ]
            ],
            "volume_eff": 30.739997874887464,
            "alpha_iso": 9.656543835043182,
            "c6_ii": 30.17636034622187,
            "c8_ii": 756.3248253600176,
            "c10_ii": 23750.038289391217,
            "slater_b_init": 37.62887384234388
        },
        {
            "index": 5,
            "element": "O",
            "charge": -0.397651774934193,
            "dipole": [
                -0.08656867832487311,
                0.0370720745778537,
                -0.009419879022109565
            ],
            "quadrupole": [
                [
                    -3.987508609997821,
                    -4.080195422698689,
                    0.010152776591762388
                ],
                [
                    -4.080195422698689,
                    -0.011416902368879408,
                    -4.0641823134546655
                ],
                [
                    0.010152776591762388,
                    -4.0641823134546655,
                    0.002427258577351369
                ]
            ],
            "volume_eff": 22.92375533127726,
            "alpha_iso": 6.83913142480095,
            "c6_ii": 25.022977053255076,
            "c8_ii": 1013.9415779787307,
            "c10_ii": 39563.66087577102,
            "slater_b_init": 34.19789129761999
        },
        {
            "index": 6,
            "element": "H",
            "charge": 0.10369050657826617,
            "dipole": [
                0.0035677267896170096,
                -0.019850332919147486,
                -0.05785509189225231
            ],
            "quadrupole": [
                [
                    -0.4963651929305927,
                    -0.5090937104859019,
                    -0.005123509719926361
                ],
                [
                    -0.5090937104859019,
                    -0.0064994189168506005,
                    -0.5159238469889833
                ],
                [
                    -0.005123509719926361,
                    -0.5159238469889833,
                    0.004070534846648809
                ]
            ],
            "volume_eff": 2.8332069527413237,
            "alpha_iso": 0.9042149849174437,
            "c6_ii": 0.26244102731704416,
            "c8_ii": 1.7231042105088654,
            "c10_ii": 15.614623365174728,
            "slater_b_init": 68.29259192530697
        },
        {
            "index": 7,
            "element": "H",
            "charge": 0.12146482223293731,
            "dipole": [
                -0.03787820165885753,
                -0.024855510265979118,
                0.04180022487188296
            ],