{
    "molecule": "FEMC",
    "atoms": [
        {
            "index": 0,
            "element": "C",
            "charge": -0.10699287465922147,
            "dipole": [
                -0.1347798504514881,
                0.0075644296482535915,
                -0.10961823211116879
            ],
            "quadrupole": [
                [
                    -4.444000044107367,
                    -4.521997228621229,
                    -0.006271899470010942
                ],
                [
                    -4.521997228621229,
                    -0.0032559267446944985,
                    -4.475128064126514
                ],
                [
                    -0.006271899470010942,
                    -4.475128064126514,
                    0.0977425270754431
                ]
            ],
            "volume_eff": 32.70547445738073,
            "alpha_iso": 10.273971033732167,
            "c6_ii": 34.15860281508118,
            "c8_ii": 892.2488788006493,
            "c10_ii": 29200.23744837051,
            "slater_b_init": 36.85946387355249
        },
        {
            "index": 1,
            "element": "O",
            "charge": -0.39510336845383875,
            "dipole": [
                0.11045770105493133,
                -0.0073824329270288465,
                0.017531103046312963
            ],
            "quadrupole": [
                [
                    -3.986625289209607,
                    -4.049804773268673,
                    -0.003025108403297397
                ],
                [
                    -4.049804773268673,
                    -0.0049177153191277325,
                    -4.08733668298514
                ],
                [
                    -0.003025108403297397,
                    -4.08733668298514,
                    0.015980382238900723
                ]
            ],
            "volume_eff": 22.910303047502524,
            "alpha_iso": 6.835118036271471,
            "c6_ii": 24.99361734184882,
            "c8_ii": 1012.3556644057215,
            "c10_ii": 39486.3237343352,
            "slater_b_init": 34.20458333374384
        },
        {
            "index": 2,
            "element": "C",
            "charge": 0.9884957492946906,
            "dipole": [
                0.002442591031914197,
                0.0002059401104201497,
                -0.04670433957001463
            ],
            "quadrupole": [
                [
                    -2.8795690686339968,
                    -2.756914457219101,
                    -0.000582896763090144
                ],
                [
                    -2.756914457219101,
                    0.013305832955685467,
                    -2.9304039921497904
                ],
                [
                    -0.000582896763090144,
                    -2.9304039921497904,
                    0.005606943823586897
                ]
            ],
            "volume_eff": 19.175218731520665,
            "alpha_iso": 6.023628920896544,
            "c6_ii": 11.741939656613994,
            "c8_ii": 214.8518042604411,
            "c10_ii": 4925.526112353975,
            "slater_b_init": 44.03950103269992
        },
        {
            "index": 3,
            "element": "O",
            "charge": -0.6371718108910986,
            "dipole": [
                -0.005580485465548565,
                0.018805922577319514,
                0.16875416221697528
            ],
            "quadrupole": [
                [
                    -4.467955242046473,
                    -4.3555435226708,
                    0.0019321305559597966
                ],
                [
                    -4.3555435226708,
                    0.003263053890117085,
                    -4.451215867097391
                ],
                [
                    0.0019321305559597966,
                    -4.451215867097391,
                    -0.0030613583300382503
                ]
            ],
            "volume_eff": 25.928772470553373,
            "alpha_iso": 7.735655875192719,
            "c6_ii": 32.01336764001016,
            "c8_ii": 1408.2165524011086,
            "c10_ii": 59650.91520477807,
            "slater_b_init": 32.822167951997095
        },
        {
            "index": 4,
            "element": "O",
            "charge": -0.37444289117855156,
            "dipole": [
                -0.10682386401915961,
                0.011752740278503858,
                0.0052986627568000835
            ],
            "quadrupole": [
                [
                    -3.9512959201519173,
                    -4.028800728173895,
                    0.004434867898228347
                ],
                [
                    -4.028800728173895,
                    -0.010767000629625746,
                    -4.058595521849307
                ],
                [
                    0.004434867898228347,
                    -4.058595521849307,
                    -0.01592271221533375
                ]
            ],
            "volume_eff": 22.7062748827798,
            "alpha_iso": 6.774247755083477,
            "c6_ii": 24.5504372186953,
            "c8_ii": 988.4922526321943,
            "c10_ii": 38326.29981600812,
            "slater_b_init": 34.306726899224664
        },
        {
            "index": 5,
            "element": "C",
            "charge": -0.2186828664223146,
            "dipole": [
                0.1697862632026697,
                -0.06283807179918297,
                -0.09935713857957484
            ],
            "quadrupole": [
                [
                    -4.632841175878594,
                    -4.74730092798491,
                    0.0030304678547977823
                ],
                [
                    -4.74730092798491,
                    0.001393900407123835,
                    -4.655010948565473
                ],
                [
                    0.0030304678547977823,
                    -4.655010948565473,
                    -0.054769146840423
                ]
            ],
            "volume_eff": 34.542763495459745,
            "alpha_iso": 10.8511298938617,
            "c6_ii": 38.10424396363326,
            "c8_ii": 1032.2471164741432,
            "c10_ii": 35035.51190550389,
            "slater_b_init": 36.19401863140427
        },
        {
            "index": 6,
            "element": "C",
            "charge": 0.8178979652618477,
            "dipole": [
                -0.02164800384918477,
                0.13415832123631374,
                0.022810956174145528
            ],
            "quadrupole": [
                [
                    -3.1793600884384197,
                    -3.3325700966551173,
                    -0.020539814361093634
                ],
                [
                    -3.3325700966551173,
                    0.016339582810387,
                    -3.198358899701522
                ],
                [
                    -0.020539814361093634,
                    -3.198358899701522,
                    -0.009504127829169647
                ]
            ],
            "volume_eff": 22.776254069319485,
            "alpha_iso": 7.154844210257429,
            "c6_ii": 16.566233877530056,
            "c8_ii": 339.9780907593979,
            "c10_ii": 8741.632259049295,
            "slater_b_init": 41.584204612307644
        },
        {
            "index": 7,
            "element": "F",
            "charge": -0.24258286930422557,
            "dipole": [
                0.043814324902142536,
                0.012488367691124354,
                0.03744951933323567
            ],