{
    "molecule": "FRAG_CCCtriN",
    "atoms": [
        {
            "index": 0,
            "element": "C",
            "charge": -0.39864275771366575,
            "dipole": [
                0.07458198126671896,
                0.05317983909578412,
                -8.902549562961064e-05
            ],
            "quadrupole": [
                [
                    -4.98814372997617,
                    -4.983261005452934,
                    2.700516141087193e-05
                ],
                [
                    -4.983261005452934,
                    -0.030420777718499385,
                    -4.953857251618575
                ],
                [
                    2.700516141087193e-05,
                    -4.953857251618575,
                    4.899789602697561e-05
                ]
            ],
            "volume_eff": 37.094869846828225,
            "alpha_iso": 11.652838695338708,
            "c6_ii": 43.9427157926151,
            "c8_ii": 1248.3462808946695,
            "c10_ii": 44432.18893149358,
            "slater_b_init": 35.344177651840525
        },
        {
            "index": 1,
            "element": "C",
            "charge": -0.2696288979359247,
            "dipole": [
                -0.04301183767421696,
                -0.0739483072022863,
                4.286912792283049e-05
            ],
            "quadrupole": [
                [
                    -4.712403555530333,
                    -4.732336893923131,
                    1.3274255573794096e-05
                ],
                [
                    -4.732336893923131,
                    -0.027674016757627304,
                    -4.630353602247096
                ],
                [
                    1.3274255573794096e-05,
                    -4.630353602247096,
                    8.522726633793526e-05
                ]
            ],
            "volume_eff": 34.32463936484271,
            "alpha_iso": 10.782609224557918,
            "c6_ii": 37.624536352303494,
            "c8_ii": 1014.9564831010089,
            "c10_ii": 34303.47735947314,
            "slater_b_init": 36.27052465036293
        },
        {
            "index": 2,
            "element": "C",
            "charge": 0.36329175439974115,
            "dipole": [
                -0.07911040349905962,
                0.022866727095841265,
                0.0001023547221304563
            ],
            "quadrupole": [
                [
                    -3.7154988327296214,
                    -3.592453891634326,
                    -0.0001680473093217349
                ],
                [
                    -3.592453891634326,
                    0.15732240898911384,
                    -3.497585847652625
                ],
                [
                    -0.0001680473093217349,
                    -3.497585847652625,
                    0.0002380454609830151
                ]
            ],
            "volume_eff": 24.812714767361285,
            "alpha_iso": 7.794570083987837,
            "c6_ii": 19.661097515344686,
            "c8_ii": 427.1983394243009,
            "c10_ii": 11629.62776388708,
            "slater_b_init": 40.41392870013988
        },
        {
            "index": 3,
            "element": "N",
            "charge": -0.45939989315402485,
            "dipole": [
                0.10069657133846227,
                -0.05655042491253192,
                -0.00011333368682311976
            ],
            "quadrupole": [
                [
                    -4.889800420087453,
                    -4.7168473154128,
                    -0.00019468773452048415
                ],
                [
                    -4.7168473154128,
                    0.1637850136972798,
                    -4.622029912125719
                ],
                [
                    -0.00019468773452048415,
                    -4.622029912125719,
                    0.0003092893422409916
                ]
            ],
            "volume_eff": 31.313835254467744,
            "alpha_iso": 9.122928381222886,
            "c6_ii": 36.780739562160576,
            "c8_ii": 1328.0682095497789,
            "c10_ii": 52237.43380518685,
            "slater_b_init": 33.57388914889599
        },
        {
            "index": 4,
            "element": "H",
            "charge": 0.14777025820374434,
            "dipole": [
                0.008284431238052678,
                -0.02667385480929433,
                0.041931423767001444
            ],
            "quadrupole": [
                [
                    -0.4758490754631299,
                    -0.4840276588806502,
                    0.0031376842947436513
                ],
                [
                    -0.4840276588806502,
                    0.004922645470008953,
                    -0.48514426196227345
                ],
                [
                    0.0031376842947436513,
                    -0.48514426196227345,
                    0.004045082806349132
                ]
            ],
            "volume_eff": 2.690382309943939,
            "alpha_iso": 0.8586326521097677,
            "c6_ii": 0.23664815818512827,
            "c8_ii": 1.5010900393130882,
            "c10_ii": 13.14166864281265,
            "slater_b_init": 69.48030176239767
        },
        {
            "index": 5,
            "element": "H",
            "charge": 0.14777098917418763,
            "dipole": [
                0.00817873556110054,
                -0.0266722447856499,
                -0.041952552795480665
            ],
            "quadrupole": [
                [
                    -0.4758671775825214,
                    -0.4840263856339776,
                    -0.0031499376431783107
                ],
                [
                    -0.4840263856339776,
                    0.004909803987210887,
                    -0.48512553592045177
                ],
                [
                    -0.0031499376431783107,
                    -0.48512553592045177,
                    -0.004072450485659681
                ]
            ],
            "volume_eff": 2.6903787286622793,
            "alpha_iso": 0.858631509147536,
            "c6_ii": 0.23664752816080684,
            "c8_ii": 1.5010847108805268,
            "c10_ii": 13.141610331467062,
            "slater_b_init": 69.48033259181429
        },
        {
            "index": 6,
            "element": "H",
            "charge": 0.14157707034316358,
            "dipole": [
                -0.03864074959469179,
                0.031852811552761456,
                4.6905029125663604e-05
            ],
            "quadrupole": [
                [
                    -0.4913531818203285,
                    -0.48365137936557334,
                    -8.62276285073448e-06
                ],
                [
                    -0.48365137936557334,
                    0.007173902405540793,
                    -0.4932455951253531
                ],
                [
                    -8.62276285073448e-06,
                    -0.4932455951253531,
                    -3.453422878713615e-06
                ]
            ],
            "volume_eff": 2.7452945594503793,
            "alpha_iso": 0.8761578381224615,
            "c6_ii": 0.2464069937023341,
            "c8_ii": 1.5841876075865362,
            "c10_ii": 14.057249341847049,
            "slater_b_init": 69.01392259368157
        },
        {
            "index": 7,
            "element": "H",
            "charge": 0.165097887649718,
            "dipole": [
                -0.010543621685035077,
                0.023699838212247047,
                0.046611297764707564
            ],