{
    "molecule": "Sulf_515",
    "atoms": [
        {
            "index": 0,
            "element": "C",
            "charge": -0.20243687470208194,
            "dipole": [
                0.010749097234057795,
                0.009586721510429995,
                -0.01333321622334838
            ],
            "quadrupole": [
                [
                    -4.665887274444777,
                    -4.707218157384721,
                    -0.1049985667792817
                ],
                [
                    -4.707218157384721,
                    -0.013208098762476025,
                    -4.571189167228818
                ],
                [
                    -0.1049985667792817,
                    -4.571189167228818,
                    -0.11355520473134077
                ]
            ],
            "volume_eff": 34.128799783742394,
            "alpha_iso": 10.721088937301275,
            "c6_ii": 37.196426783826446,
            "c8_ii": 999.5875593084431,
            "c10_ii": 33655.412844185434,
            "slater_b_init": 36.339768816512205
        },
        {
            "index": 1,
            "element": "C",
            "charge": -0.39032057467807846,
            "dipole": [
                0.04495124608700262,
                -0.028385893946410678,
                -0.023225336805338063
            ],
            "quadrupole": [
                [
                    -5.051010797341469,
                    -4.9945784976308865,
                    -0.10250443825093752
                ],
                [
                    -4.9945784976308865,
                    0.025356201225480234,
                    -4.8630803152382045
                ],
                [
                    -0.10250443825093752,
                    -4.8630803152382045,
                    -0.14882295848644506
                ]
            ],
            "volume_eff": 37.01773736866437,
            "alpha_iso": 11.628608597486188,
            "c6_ii": 43.760162963683925,
            "c8_ii": 1241.4363389546675,
            "c10_ii": 44124.9713718922,
            "slater_b_init": 35.36870906939694
        },
        {
            "index": 2,
            "element": "S",
            "charge": 1.2656616216679808,
            "dipole": [
                -0.023421294828445037,
                0.04524028436575995,
                -0.12179026362684961
            ],
            "quadrupole": [
                [
                    -7.432094264805928,
                    -7.461692540497451,
                    -0.010073478352622485
                ],
                [
                    -7.461692540497451,
                    0.012103179358538205,
                    -7.468219884717389
                ],
                [
                    -0.010073478352622485,
                    -7.468219884717389,
                    -0.016944821681498124
                ]
            ],
            "volume_eff": 56.84908952355676,
            "alpha_iso": 14.817049929012136,
            "c6_ii": 76.58013794316004,
            "c8_ii": 1897.0340198806946,
            "c10_ii": 47228.065397741535,
            "slater_b_init": 37.32304135827816
        },
        {
            "index": 3,
            "element": "O",
            "charge": -0.6086009831250259,
            "dipole": [
                -0.03682831102615986,
                -0.12186159309226027,
                -0.13116518780330505
            ],
            "quadrupole": [
                [
                    -4.3355460454283445,
                    -4.335596617414061,
                    -0.020195585912389145
                ],
                [
                    -4.335596617414061,
                    0.0010937310586675993,
                    -4.34724315402102
                ],
                [
                    -0.020195585912389145,
                    -4.34724315402102,
                    -0.01069836022237066
                ]
            ],
            "volume_eff": 25.06254565784603,
            "alpha_iso": 7.477223566429203,
            "c6_ii": 29.910096272046708,
            "c8_ii": 1286.2282478324446,
            "c10_ii": 53263.27413590886,
            "slater_b_init": 33.19603307619305
        },
        {
            "index": 4,
            "element": "O",
            "charge": -0.6069109453132118,
            "dipole": [
                -0.006779435891639151,
                0.1769210654049459,
                -0.05573345188987414
            ],
            "quadrupole": [
                [
                    -4.328134708548826,
                    -4.370716535291014,
                    0.011410414985248562
                ],
                [
                    -4.370716535291014,
                    -0.003773370985010732,
                    -4.33141229129195
                ],
                [
                    0.011410414985248562,
                    -4.33141229129195,
                    0.0010787717534921242
                ]
            ],
            "volume_eff": 25.126749091558988,
            "alpha_iso": 7.496378182012075,
            "c6_ii": 30.063535638712196,
            "c8_ii": 1295.0335955091414,
            "c10_ii": 53719.455128177804,
            "slater_b_init": 33.16773498413457
        },
        {
            "index": 5,
            "element": "C",
            "charge": -0.38259347458000725,
            "dipole": [
                -0.00895012174484015,
                -0.019003529849043622,
                0.04350706213998508
            ],
            "quadrupole": [
                [
                    -5.129102657032251,
                    -4.768023321278606,
                    0.07028916995017467
                ],
                [
                    -4.768023321278606,
                    0.008022240637543832,
                    -5.006647174972313
                ],
                [
                    0.07028916995017467,
                    -5.006647174972313,
                    0.04421483259538039
                ]
            ],
            "volume_eff": 37.08080792002107,
            "alpha_iso": 11.648421336132273,
            "c6_ii": 43.90940648945326,
            "c8_ii": 1247.0847508978165,
            "c10_ii": 44376.06922970524,
            "slater_b_init": 35.348644872258504
        },
        {
            "index": 6,
            "element": "C",
            "charge": -0.20754210737238576,
            "dipole": [
                -0.0018346985966374396,
                -0.0008930107912435981,
                -0.004479487900222751
            ],
            "quadrupole": [
                [
                    -4.803725114111751,
                    -4.500714536117873,
                    0.051033594991189035
                ],
                [
                    -4.500714536117873,
                    0.027116303002188532,
                    -4.661411933256886
                ],
                [
                    0.051033594991189035,
                    -4.661411933256886,
                    -0.01019401524122902
                ]
            ],
            "volume_eff": 34.19832792943741,
            "alpha_iso": 10.742930239613845,
            "c6_ii": 37.34813636255255,
            "c8_ii": 1005.0271498680447,
            "c10_ii": 33884.50236464412,
            "slater_b_init": 36.315124814689625
        },
        {
            "index": 7,
            "element": "H",
            "charge": 0.18322640974984794,
            "dipole": [
                -0.028391136562338846,
                0.05254334595207929,
                0.003570754506634203
            ],