{
    "molecule": "SN",
    "atoms": [
        {
            "index": 0,
            "element": "N",
            "charge": -0.42609536047754926,
            "dipole": [
                0.057050904193851774,
                0.09902860169326859,
                0.022651879793288098
            ],
            "quadrupole": [
                [
                    -4.648694571456939,
                    -4.800755487322249,
                    -0.07253122229498196
                ],
                [
                    -4.800755487322249,
                    -0.15795638416655916,
                    -4.576213939621525
                ],
                [
                    -0.07253122229498196,
                    -4.576213939621525,
                    -0.05206196711649993
                ]
            ],
            "volume_eff": 30.695568001244045,
            "alpha_iso": 8.94280327595299,
            "c6_ii": 35.34266392373944,
            "c8_ii": 1259.2892005999809,
            "c10_ii": 48877.97515766436,
            "slater_b_init": 33.797806479736884
        },
        {
            "index": 1,
            "element": "C",
            "charge": 0.35423860434307386,
            "dipole": [
                -0.05626223025242459,
                -0.06175979998941428,
                -0.018803853818145724
            ],
            "quadrupole": [
                [
                    -3.562638476476206,
                    -3.7093510288569433,
                    -0.06354507077761688
                ],
                [
                    -3.7093510288569433,
                    -0.1251285888537276,
                    -3.5199867238196214
                ],
                [
                    -0.06354507077761688,
                    -3.5199867238196214,
                    -0.046789158932127824
                ]
            ],
            "volume_eff": 24.71075827538317,
            "alpha_iso": 7.762541866612514,
            "c6_ii": 19.499852919170163,
            "c8_ii": 422.5333508069808,
            "c10_ii": 11471.101210798133,
            "slater_b_init": 40.46943500097113
        },
        {
            "index": 2,
            "element": "C",
            "charge": -0.28234052734909376,
            "dipole": [
                -0.050178066472422546,
                0.03305736327259064,
                0.04795829874530064
            ],
            "quadrupole": [
                [
                    -4.691438745590257,
                    -4.686075377894776,
                    -0.02387424158416913
                ],
                [
                    -4.686075377894776,
                    -0.010610632914132424,
                    -4.685177130440883
                ],
                [
                    -0.02387424158416913,
                    -4.685177130440883,
                    0.02950158083278482
                ]
            ],
            "volume_eff": 34.177088840198195,
            "alpha_iso": 10.73625827440781,
            "c6_ii": 37.30176017250848,
            "c8_ii": 1003.3635351707178,
            "c10_ii": 33814.405890688424,
            "slater_b_init": 36.32264584203204
        },
        {
            "index": 3,
            "element": "C",
            "charge": -0.2868591944996597,
            "dipole": [
                0.04361666690721743,
                0.03326857639443048,
                -0.053296762395758084
            ],
            "quadrupole": [
                [
                    -4.704920150923371,
                    -4.688983566609024,
                    0.031639830573413075
                ],
                [
                    -4.688983566609024,
                    0.012704936794106132,
                    -4.699871113851636
                ],
                [
                    0.031639830573413075,
                    -4.699871113851636,
                    0.017775310687177685
                ]
            ],
            "volume_eff": 34.26710214904242,
            "alpha_iso": 10.764534706505472,
            "c6_ii": 37.49850463233566,
            "c8_ii": 1010.4259202931096,
            "c10_ii": 34112.179447726885,
            "slater_b_init": 36.290813673308314
        },
        {
            "index": 4,
            "element": "C",
            "charge": 0.34595428026414243,
            "dipole": [
                0.06808708659018516,
                -0.043354694798919256,
                0.024835400061261916
            ],
            "quadrupole": [
                [
                    -3.6519304770186767,
                    -3.65606312809021,
                    0.06873454982881838
                ],
                [
                    -3.65606312809021,
                    0.14848048834607838,
                    -3.546589295034276
                ],
                [
                    0.06873454982881838,
                    -3.546589295034276,
                    -0.08080506838217694
                ]
            ],
            "volume_eff": 24.908609954567112,
            "alpha_iso": 7.824694226565583,
            "c6_ii": 19.81336202672912,
            "c8_ii": 431.6152486002881,
            "c10_ii": 11780.123508592482,
            "slater_b_init": 40.36199906166693
        },
        {
            "index": 5,
            "element": "N",
            "charge": -0.42355114418566053,
            "dipole": [
                -0.07785956097430027,
                0.07957600191495474,
                -0.030765720264255354
            ],
            "quadrupole": [
                [
                    -4.722851831581065,
                    -4.701174070771405,
                    0.07374606850397117
                ],
                [
                    -4.701174070771405,
                    0.16867226581775915,
                    -4.5852924294713
                ],
                [
                    0.07374606850397117,
                    -4.5852924294713,
                    -0.0879621060326224
                ]
            ],
            "volume_eff": 30.64149756049447,
            "alpha_iso": 8.92705047038028,
            "c6_ii": 35.218260928366426,
            "c8_ii": 1253.3825576646896,
            "c10_ii": 48591.56827239405,
            "slater_b_init": 33.81767483440119
        },
        {
            "index": 6,
            "element": "H",
            "charge": 0.1757741009119742,
            "dipole": [
                0.029000206626679504,
                -0.04338777551319757,
                0.016620336857604293
            ],
            "quadrupole": [
                [
                    -0.4422482385566259,
                    -0.44828297236897435,
                    -0.000724315326200664
                ],
                [
                    -0.44828297236897435,
                    0.0059464054672751804,
                    -0.4459971689199423
                ],
                [
                    -0.000724315326200664,
                    -0.4459971689199423,
                    -0.0031285929589569476
                ]
            ],
            "volume_eff": 2.4213533799853164,
            "alpha_iso": 0.7727723553144628,
            "c6_ii": 0.19168648076042982,
            "c8_ii": 1.1334209007637095,
            "c10_ii": 9.24977364026341,
            "slater_b_init": 71.96372524262605
        },
        {
            "index": 7,
            "element": "H",
            "charge": 0.18485798434145617,
            "dipole": [
                -0.01816133146555788,
                0.002429091041092665,
                -0.052735559244493226
            ],