{
    "molecule": "PEO",
    "atoms": [
        {
            "index": 0,
            "element": "C",
            "charge": -0.4868680408098669,
            "dipole": [
                0.05549419563813045,
                0.018455443709608083,
                -0.004485130089030118
            ],
            "quadrupole": [
                [
                    -5.173238958803661,
                    -5.182588868016059,
                    0.004144042373348852
                ],
                [
                    -5.182588868016059,
                    -0.04175475967771252,
                    -5.158238343728996
                ],
                [
                    0.004144042373348852,
                    -5.158238343728996,
                    0.013645973578901151
                ]
            ],
            "volume_eff": 39.13045650949302,
            "alpha_iso": 12.2922900029821,
            "c6_ii": 48.89776623549638,
            "c8_ii": 1439.4764789259564,
            "c10_ii": 53092.67234879393,
            "slater_b_init": 34.72035794267054
        },
        {
            "index": 1,
            "element": "C",
            "charge": 0.13120686656134506,
            "dipole": [
                0.05271954525363848,
                -0.11861049826991256,
                0.05191839018910003
            ],
            "quadrupole": [
                [
                    -4.101666984472566,
                    -4.167600489724431,
                    0.022630345171745486
                ],
                [
                    -4.167600489724431,
                    -0.07612822147249147,
                    -4.106128840832094
                ],
                [
                    0.022630345171745486,
                    -4.106128840832094,
                    0.030543139112039604
                ]
            ],
            "volume_eff": 29.904202740586722,
            "alpha_iso": 9.393990389713107,
            "c6_ii": 28.55772766387663,
            "c8_ii": 702.7228517168571,
            "c10_ii": 21665.013552759166,
            "slater_b_init": 37.976221855539386
        },
        {
            "index": 2,
            "element": "O",
            "charge": -0.3516042202308025,
            "dipole": [
                0.00971876981017271,
                0.06904757547739512,
                -0.028703972198903197
            ],
            "quadrupole": [
                [
                    -3.906844559994023,
                    -4.093906052894578,
                    -0.0010587445304986673
                ],
                [
                    -4.093906052894578,
                    0.0026905360163659124,
                    -4.1029901089431595
                ],
                [
                    -0.0010587445304986673,
                    -4.1029901089431595,
                    0.011679908510405443
                ]
            ],
            "volume_eff": 23.007454910290736,
            "alpha_iso": 6.864102569920993,
            "c6_ii": 25.20603922531472,
            "c8_ii": 1023.8439595021249,
            "c10_ii": 40047.233573531164,
            "slater_b_init": 34.15637102865258
        },
        {
            "index": 3,
            "element": "C",
            "charge": -0.03207828190066664,
            "dipole": [
                -0.10403714031268611,
                -0.08631079921617531,
                0.024288206017162705
            ],
            "quadrupole": [
                [
                    -4.4329348121278045,
                    -4.527765248593134,
                    0.03859323512065694
                ],
                [
                    -4.527765248593134,
                    0.06903945795031557,
                    -4.4579320280275265
                ],
                [
                    0.03859323512065694,
                    -4.4579320280275265,
                    -0.043143009258426804
                ]
            ],
            "volume_eff": 33.336969414581425,
            "alpha_iso": 10.472346412957513,
            "c6_ii": 35.49044330356291,
            "c8_ii": 938.9326580358011,
            "c10_ii": 31122.317264454578,
            "slater_b_init": 36.62523835945845
        },
        {
            "index": 4,
            "element": "C",
            "charge": 0.04125389955233416,
            "dipole": [
                0.11440525380870592,
                0.0735427765225362,
                -0.0425434824295833
            ],
            "quadrupole": [
                [
                    -4.207215358239971,
                    -4.370057105157539,
                    0.006263094423944475
                ],
                [
                    -4.370057105157539,
                    0.05547262560642623,
                    -4.272232592026124
                ],
                [
                    0.006263094423944475,
                    -4.272232592026124,
                    -0.05498042689504486
                ]
            ],
            "volume_eff": 31.312111282634014,
            "alpha_iso": 9.836265324387647,
            "c6_ii": 31.310059609580474,
            "c8_ii": 794.4460416676693,
            "c10_ii": 25255.698031347536,
            "slater_b_init": 37.39828739570758
        },
        {
            "index": 5,
            "element": "O",
            "charge": -0.6150496007766506,
            "dipole": [
                -0.06378605914343266,
                -0.08709383098183698,
                -0.06462366907519172
            ],
            "quadrupole": [
                [
                    -4.415449562516877,
                    -4.426469152166853,
                    0.087573032832417
                ],
                [
                    -4.426469152166853,
                    0.062499006836066594,
                    -4.443326447591485
                ],
                [
                    0.087573032832417,
                    -4.443326447591485,
                    0.002173560212857436
                ]
            ],
            "volume_eff": 26.091234799052163,
            "alpha_iso": 7.784125299164734,
            "c6_ii": 32.41579780865242,
            "c8_ii": 1431.8688738041756,
            "c10_ii": 60905.90010584928,
            "slater_b_init": 32.753901450466934
        },
        {
            "index": 6,
            "element": "H",
            "charge": 0.14926767081740333,
            "dipole": [
                0.010650701798010942,
                -0.03809777150954416,
                -0.023842252810204485
            ],
            "quadrupole": [
                [
                    -0.47953153536570003,
                    -0.492287139078475,
                    -0.0037306731355153085
                ],
                [
                    -0.492287139078475,
                    0.0026727738209843307,
                    -0.48624891821016286
                ],
                [
                    -0.0037306731355153085,
                    -0.48624891821016286,
                    -0.0037618418326585304
                ]
            ],
            "volume_eff": 2.7378947101963735,
            "alpha_iso": 0.8737961841052256,
            "c6_ii": 0.24508042043553316,
            "c8_ii": 1.5728261713921223,
            "c10_ii": 13.931343240835357,
            "slater_b_init": 69.07604249181037
        },
        {
            "index": 7,
            "element": "H",
            "charge": 0.14790014188714862,
            "dipole": [
                0.005740190975952439,
                -0.01041640350798092,
                0.04482485581090945
            ],