{
    "molecule": "FRAG_COP_eqO__OC_OC",
    "atoms": [
        {
            "index": 0,
            "element": "C",
            "charge": -0.06593581028457685,
            "dipole": [
                0.1786545069588711,
                -0.016643919372413996,
                -0.06326471377484691
            ],
            "quadrupole": [
                [
                    -4.3299815169355185,
                    -4.471576873445966,
                    -0.004405126751966197
                ],
                [
                    -4.471576873445966,
                    -0.0434065667600539,
                    -4.425174709805695
                ],
                [
                    -0.004405126751966197,
                    -4.425174709805695,
                    -0.04812102320947327
                ]
            ],
            "volume_eff": 32.06116336142961,
            "alpha_iso": 10.071569642333907,
            "c6_ii": 32.82598334592916,
            "c8_ii": 846.1412596178884,
            "c10_ii": 27326.402458047025,
            "slater_b_init": 37.10474115994647
        },
        {
            "index": 1,
            "element": "O",
            "charge": -0.5582595386464515,
            "dipole": [
                -0.12773217622825975,
                -0.15632399721594978,
                -0.016305348364096594
            ],
            "quadrupole": [
                [
                    -4.216658414626455,
                    -4.281882890711217,
                    -0.02447542474220244
                ],
                [
                    -4.281882890711217,
                    -0.011799356764732248,
                    -4.231576746919234
                ],
                [
                    -0.02447542474220244,
                    -4.231576746919234,
                    -0.007787012554290842
                ]
            ],
            "volume_eff": 24.34018902931062,
            "alpha_iso": 7.261713854048471,
            "c6_ii": 28.21079610185323,
            "c8_ii": 1189.7291011666064,
            "c10_ii": 48315.93754412003,
            "slater_b_init": 33.521229040409395
        },
        {
            "index": 2,
            "element": "P",
            "charge": 1.7752559997557107,
            "dipole": [
                0.008469489750582856,
                -0.02708973745590389,
                -0.07668598696415094
            ],
            "quadrupole": [
                [
                    -6.201859417784348,
                    -6.187656949033777,
                    -0.015285011994671905
                ],
                [
                    -6.187656949033777,
                    -3.0688465153825276e-05,
                    -6.2258298193516595
                ],
                [
                    -0.015285011994671905,
                    -6.2258298193516595,
                    -0.002433299905459422
                ]
            ],
            "volume_eff": 49.51220022071242,
            "alpha_iso": 19.04315393104324,
            "c6_ii": 107.34194664585664,
            "c8_ii": 3387.6226250613695,
            "c10_ii": 60546.28348339934,
            "slater_b_init": 36.133856607666
        },
        {
            "index": 3,
            "element": "O",
            "charge": -0.8680559351377539,
            "dipole": [
                -0.018698576307518505,
                0.11823155990030822,
                0.30077181591209673
            ],
            "quadrupole": [
                [
                    -4.778417369283459,
                    -4.7824471550447605,
                    -0.012281927647064355
                ],
                [
                    -4.7824471550447605,
                    7.781876248835125e-05,
                    -4.811200520957863
                ],
                [
                    -0.012281927647064355,
                    -4.811200520957863,
                    0.000342294901189624
                ]
            ],
            "volume_eff": 28.707086811175248,
            "alpha_iso": 8.564545236483223,
            "c6_ii": 39.241508493867364,
            "c8_ii": 1847.375673625863,
            "c10_ii": 83747.9781286214,
            "slater_b_init": 31.727185038389624
        },
        {
            "index": 4,
            "element": "O",
            "charge": -0.5601895957763148,
            "dipole": [
                0.18950547642308,
                -0.059149813648823435,
                -0.0361439685718434
            ],
            "quadrupole": [
                [
                    -4.2670890420742795,
                    -4.22894076505643,
                    -0.0024020702350981034
                ],
                [
                    -4.22894076505643,
                    0.007648555884935101,
                    -4.253042324888935
                ],
                [
                    -0.0024020702350981034,
                    -4.253042324888935,
                    0.036857988152128325
                ]
            ],
            "volume_eff": 24.402206786629193,
            "alpha_iso": 7.280216389381085,
            "c6_ii": 28.35473904488759,
            "c8_ii": 1197.8299514774649,
            "c10_ii": 48727.515210999176,
            "slater_b_init": 33.49280708758646
        },
        {
            "index": 5,
            "element": "C",
            "charge": -0.07182880925326529,
            "dipole": [
                -0.0868827067825009,
                0.10577163818028988,
                -0.12700259452526058
            ],
            "quadrupole": [
                [
                    -4.47315124460188,
                    -4.406775217352265,
                    -0.05962723003333404
                ],
                [
                    -4.406775217352265,
                    -0.016818216245219484,
                    -4.390519616729463
                ],
                [
                    -0.05962723003333404,
                    -4.390519616729463,
                    0.05337764540769988
                ]
            ],
            "volume_eff": 32.199651324759664,
            "alpha_iso": 10.115073714584188,
            "c6_ii": 33.110179009156894,
            "c8_ii": 855.9227790201497,
            "c10_ii": 27721.843033992373,
            "slater_b_init": 37.05146993587019
        },
        {
            "index": 6,
            "element": "O",
            "charge": -0.5570845694846245,
            "dipole": [
                -0.05064927019953969,
                0.1466457259788689,
                -0.12998442929154583
            ],
            "quadrupole": [
                [
                    -4.235285985052375,
                    -4.218348985860596,
                    0.01529185795886847
                ],
                [
                    -4.218348985860596,
                    0.005579188109419835,
                    -4.270038265552646
                ],
                [
                    0.01529185795886847,
                    -4.270038265552646,
                    -0.0259957769890793
                ]
            ],
            "volume_eff": 24.31806249337958,
            "alpha_iso": 7.255112567085621,
            "c6_ii": 28.15952916436576,
            "c8_ii": 1186.8472122155315,
            "c10_ii": 48169.68683432587,
            "slater_b_init": 33.53139273165999
        },
        {
            "index": 7,
            "element": "C",
            "charge": -0.07511456781664805,
            "dipole": [
                -0.07545183874558405,
                -0.16980934444140214,
                -0.01884194320713042
            ],