{
    "molecule": "Sulf_426",
    "atoms": [
        {
            "index": 0,
            "element": "C",
            "charge": -0.3925236888728314,
            "dipole": [
                0.010187866368125626,
                -0.09176826108562387,
                0.028912348822697897
            ],
            "quadrupole": [
                [
                    -4.986664030801679,
                    -5.011544055305439,
                    0.02091257429357648
                ],
                [
                    -5.011544055305439,
                    0.039822150633602796,
                    -4.9891784288797485
                ],
                [
                    0.02091257429357648,
                    -4.9891784288797485,
                    -0.00868013114495794
                ]
            ],
            "volume_eff": 37.519579784208354,
            "alpha_iso": 11.786255429594245,
            "c6_ii": 44.95470190698901,
            "c8_ii": 1286.824662897248,
            "c10_ii": 46150.67838384635,
            "slater_b_init": 35.21030957103533
        },
        {
            "index": 1,
            "element": "C",
            "charge": -0.2478554390866501,
            "dipole": [
                -0.12644326099101527,
                0.03954525449865478,
                -0.00768521720360164
            ],
            "quadrupole": [
                [
                    -4.8659500791799655,
                    -4.790088451886337,
                    -0.0019068023030137063
                ],
                [
                    -4.790088451886337,
                    0.025788866345107037,
                    -4.722666539192341
                ],
                [
                    -0.0019068023030137063,
                    -4.722666539192341,
                    0.01728780394621955
                ]
            ],
            "volume_eff": 35.799235197544775,
            "alpha_iso": 11.245833046349142,
            "c6_ii": 40.92669623775211,
            "c8_ii": 1135.4328729696688,
            "c10_ii": 39466.689513598336,
            "slater_b_init": 35.765523191155765
        },
        {
            "index": 2,
            "element": "C",
            "charge": -0.3990546002844013,
            "dipole": [
                0.06979918722527197,
                0.06610842201388428,
                0.00507661311882749
            ],
            "quadrupole": [
                [
                    -5.034012146367674,
                    -4.980530641673423,
                    0.0035977339081341123
                ],
                [
                    -4.980530641673423,
                    -0.024655659163776728,
                    -4.974406982233166
                ],
                [
                    0.0035977339081341123,
                    -4.974406982233166,
                    -0.01618588100254681
                ]
            ],
            "volume_eff": 37.44501453407577,
            "alpha_iso": 11.762831790809141,
            "c6_ii": 44.77619629882882,
            "c8_ii": 1280.0162311101842,
            "c10_ii": 45845.65852475259,
            "slater_b_init": 35.23366581555143
        },
        {
            "index": 3,
            "element": "S",
            "charge": 1.2168685176876046,
            "dipole": [
                0.03788010869490211,
                -0.11627137400249982,
                -0.10076732121800311
            ],
            "quadrupole": [
                [
                    -7.618921211289499,
                    -7.6112431959095534,
                    -0.004921064908354174
                ],
                [
                    -7.6112431959095534,
                    0.00641262182401193,
                    -7.658198767548093
                ],
                [
                    -0.004921064908354174,
                    -7.658198767548093,
                    0.010158149058430021
                ]
            ],
            "volume_eff": 58.90365840929265,
            "alpha_iso": 15.35254926625181,
            "c6_ii": 82.2154910514898,
            "c8_ii": 2085.411673489673,
            "c10_ii": 53161.350753586885,
            "slater_b_init": 36.88395138486483
        },
        {
            "index": 4,
            "element": "C",
            "charge": -0.6969584737412928,
            "dipole": [
                0.05359226507991509,
                0.026518537950826166,
                0.001624910972047302
            ],
            "quadrupole": [
                [
                    -5.525692969037481,
                    -5.494510101858759,
                    -0.020864799538293385
                ],
                [
                    -5.494510101858759,
                    -0.054341277823073686,
                    -5.4271462338842955
                ],
                [
                    -0.020864799538293385,
                    -5.4271462338842955,
                    -0.005660465709230825
                ]
            ],
            "volume_eff": 41.51202983863766,
            "alpha_iso": 13.040428221561568,
            "c6_ii": 55.030965265272165,
            "c8_ii": 1685.1118022923936,
            "c10_ii": 64649.440373909645,
            "slater_b_init": 34.04326264190788
        },
        {
            "index": 5,
            "element": "O",
            "charge": -0.6172620771034545,
            "dipole": [
                0.04729564634123479,
                -0.15927532278256035,
                0.06635208557769812
            ],
            "quadrupole": [
                [
                    -4.344115051947662,
                    -4.389315998408992,
                    0.015462368032675386
                ],
                [
                    -4.389315998408992,
                    0.0095537542745422,
                    -4.341100058758241
                ],
                [
                    0.015462368032675386,
                    -4.341100058758241,
                    0.00335641958947205
                ]
            ],
            "volume_eff": 25.233573548911295,
            "alpha_iso": 7.5282484621061325,
            "c6_ii": 30.319704682865982,
            "c8_ii": 1309.7676248353348,
            "c10_ii": 54484.5187670512,
            "slater_b_init": 33.120864400791085
        },
        {
            "index": 6,
            "element": "O",
            "charge": -0.6114154663710352,
            "dipole": [
                -0.013395407640009146,
                -0.0004521449717776399,
                -0.17250959263054116
            ],
            "quadrupole": [
                [
                    -4.332257401613461,
                    -4.3264977685734625,
                    -0.0024512958119866767
                ],
                [
                    -4.3264977685734625,
                    0.0006148943327683836,
                    -4.381667616844877
                ],
                [
                    -0.0024512958119866767,
                    -4.381667616844877,
                    -0.01251824448833241
                ]
            ],
            "volume_eff": 25.146269330219003,
            "alpha_iso": 7.5022018996233495,
            "c6_ii": 30.1102647512452,
            "c8_ii": 1297.718196238336,
            "c10_ii": 53858.69151487476,
            "slater_b_init": 33.15915041444532
        },
        {
            "index": 7,
            "element": "H",
            "charge": 0.16033432699812744,
            "dipole": [
                -0.005907182053765972,
                -0.009688861434514829,
                -0.050803748749065444
            ],