{
    "molecule": "Est_358",
    "atoms": [
        {
            "index": 0,
            "element": "C",
            "charge": -0.4495906249349142,
            "dipole": [
                0.060146010644085486,
                -0.024048873985109596,
                0.0034797633133771435
            ],
            "quadrupole": [
                [
                    -5.092507411333889,
                    -5.022174348080517,
                    0.00165371311954437
                ],
                [
                    -5.022174348080517,
                    0.002089036291563278,
                    -4.980842469712519
                ],
                [
                    0.00165371311954437,
                    -4.980842469712519,
                    -0.003686210870401574
                ]
            ],
            "volume_eff": 37.474587291509295,
            "alpha_iso": 11.772121662254229,
            "c6_ii": 44.84694956167119,
            "c8_ii": 1282.7137705811901,
            "c10_ii": 45966.460737632944,
            "slater_b_init": 35.22439525887107
        },
        {
            "index": 1,
            "element": "C",
            "charge": 0.05929295317162353,
            "dipole": [
                -0.07305603188107787,
                0.010164777613950588,
                -0.0029193352299856003
            ],
            "quadrupole": [
                [
                    -4.291355154183952,
                    -4.269958120218528,
                    0.012913815061371986
                ],
                [
                    -4.269958120218528,
                    0.03963900621773093,
                    -4.000055834525453
                ],
                [
                    0.012913815061371986,
                    -4.000055834525453,
                    -0.01401588964535781
                ]
            ],
            "volume_eff": 30.082617009377245,
            "alpha_iso": 9.450036756872432,
            "c6_ii": 28.899506064658233,
            "c8_ii": 713.9587267304021,
            "c10_ii": 22098.87942597905,
            "slater_b_init": 37.900996364641244
        },
        {
            "index": 2,
            "element": "C",
            "charge": -0.4558292215990507,
            "dipole": [
                -0.02506370684954807,
                -0.04904383755626946,
                0.0008899816040500679
            ],
            "quadrupole": [
                [
                    -5.166632870431654,
                    -5.207046742518603,
                    0.013351742738845804
                ],
                [
                    -5.207046742518603,
                    0.044050364510797864,
                    -4.911932411839995
                ],
                [
                    0.013351742738845804,
                    -4.911932411839995,
                    -0.010814640093740386
                ]
            ],
            "volume_eff": 38.19679941524295,
            "alpha_iso": 11.99899458070459,
            "c6_ii": 46.59219157060043,
            "c8_ii": 1349.6983952707342,
            "c10_ii": 48986.316463891184,
            "slater_b_init": 35.000977545584554
        },
        {
            "index": 3,
            "element": "C",
            "charge": 0.7859744832623381,
            "dipole": [
                0.07578749011236845,
                0.04683477232133152,
                0.0011998929641652703
            ],
            "quadrupole": [
                [
                    -3.195589257648931,
                    -3.1229133787812904,
                    0.010284919807078713
                ],
                [
                    -3.1229133787812904,
                    0.039495304796618766,
                    -2.909267772259541
                ],
                [
                    0.010284919807078713,
                    -2.909267772259541,
                    -0.013112199358708316
                ]
            ],
            "volume_eff": 20.72271984769499,
            "alpha_iso": 6.509754925977482,
            "c6_ii": 13.713638670465455,
            "c8_ii": 264.25475826960223,
            "c10_ii": 6379.8047786202,
            "slater_b_init": 42.914782264333645
        },
        {
            "index": 4,
            "element": "O",
            "charge": -0.5197852234304214,
            "dipole": [
                0.03898096518309616,
                -0.13390847772484726,
                0.00649454995570277
            ],
            "quadrupole": [
                [
                    -4.350489467493816,
                    -4.298772556866769,
                    0.00492987286705182
                ],
                [
                    -4.298772556866769,
                    -0.01125617140706173,
                    -4.1364375748685305
                ],
                [
                    0.00492987286705182,
                    -4.1364375748685305,
                    -0.007603508097882543
                ]
            ],
            "volume_eff": 24.63801760748119,
            "alpha_iso": 7.350568788972288,
            "c6_ii": 28.905399167834396,
            "c8_ii": 1228.9463484786688,
            "c10_ii": 50314.882140327856,
            "slater_b_init": 33.3856109854561
        },
        {
            "index": 5,
            "element": "O",
            "charge": -0.3375911078177882,
            "dipole": [
                0.005289318762241506,
                0.03100542166815198,
                -0.0005602646261952783
            ],
            "quadrupole": [
                [
                    -3.891807801165064,
                    -3.94765665343765,
                    0.002827623862320425
                ],
                [
                    -3.94765665343765,
                    0.014652710162172051,
                    -3.88422321986946
                ],
                [
                    0.002827623862320425,
                    -3.88422321986946,
                    -0.000465255519516519
                ]
            ],
            "volume_eff": 21.78155121969776,
            "alpha_iso": 6.498363347313145,
            "c6_ii": 22.5914996097999,
            "c8_ii": 884.7509591402498,
            "c10_ii": 33366.18919065043,
            "slater_b_init": 34.7855050923102
        },
        {
            "index": 6,
            "element": "C",
            "charge": 0.5686214356019299,
            "dipole": [
                -0.19576596681556155,
                0.01967706783395394,
                -0.008421043216760626
            ],
            "quadrupole": [
                [
                    -3.480926547999328,
                    -3.2918649367935244,
                    0.0004123667993670494
                ],
                [
                    -3.2918649367935244,
                    -0.02413370206005184,
                    -3.260444739723265
                ],
                [
                    0.0004123667993670494,
                    -3.260444739723265,
                    -0.007486893843648548
                ]
            ],
            "volume_eff": 22.797268559990663,
            "alpha_iso": 7.161445620939475,
            "c6_ii": 16.596817622124792,
            "c8_ii": 340.81521533279005,
            "c10_ii": 8768.546074668668,
            "slater_b_init": 41.571423263434276
        },
        {
            "index": 7,
            "element": "N",
            "charge": -0.4897546816571712,
            "dipole": [
                0.19073879427127982,
                -0.008778050599911654,
                0.007526864708067909
            ],