{
    "molecule": "EP",
    "atoms": [
        {
            "index": 0,
            "element": "C",
            "charge": -0.4997406200989314,
            "dipole": [
                -0.03792173186087143,
                -0.02746267492802187,
                0.013585000818106171
            ],
            "quadrupole": [
                [
                    -5.181447055327626,
                    -5.198624556620841,
                    0.01993685489411513
                ],
                [
                    -5.198624556620841,
                    -0.0317777086824343,
                    -5.175747957064571
                ],
                [
                    0.01993685489411513,
                    -5.175747957064571,
                    0.03602183536956322
                ]
            ],
            "volume_eff": 39.167160556213965,
            "alpha_iso": 12.303820070014858,
            "c6_ii": 48.98954066314583,
            "c8_ii": 1443.0798729028452,
            "c10_ii": 53258.85571895742,
            "slater_b_init": 34.7095089226591
        },
        {
            "index": 1,
            "element": "C",
            "charge": 0.10446763936719172,
            "dipole": [
                -0.09010950675674038,
                0.08963214653657951,
                -0.08135332486994894
            ],
            "quadrupole": [
                [
                    -4.081651031069679,
                    -4.204309949248253,
                    0.032670458384440645
                ],
                [
                    -4.204309949248253,
                    -0.04952359486896965,
                    -4.1430323080324145
                ],
                [
                    0.032670458384440645,
                    -4.1430323080324145,
                    0.055051138396759985
                ]
            ],
            "volume_eff": 29.89753369399543,
            "alpha_iso": 9.391895401255109,
            "c6_ii": 28.54499155576559,
            "c8_ii": 702.3050178703006,
            "c10_ii": 21648.91242729988,
            "slater_b_init": 37.97904534778727
        },
        {
            "index": 2,
            "element": "O",
            "charge": -0.4002572319411186,
            "dipole": [
                0.08483641690478785,
                -0.023560686620165285,
                0.00885247213210885
            ],
            "quadrupole": [
                [
                    -4.015255409446618,
                    -4.07121759030622,
                    -0.011429141104129988
                ],
                [
                    -4.07121759030622,
                    -0.00031420986649433275,
                    -4.09905843537693
                ],
                [
                    -0.011429141104129988,
                    -4.09905843537693,
                    -0.020911195966995172
                ]
            ],
            "volume_eff": 23.11480493562594,
            "alpha_iso": 6.896129649302767,
            "c6_ii": 25.441804683946707,
            "c8_ii": 1036.632564798522,
            "c10_ii": 40673.48308191605,
            "slater_b_init": 34.103412498596356
        },
        {
            "index": 3,
            "element": "C",
            "charge": 0.7991878070106999,
            "dipole": [
                0.06490618133447805,
                -0.0485917998955326,
                0.006230868297195346
            ],
            "quadrupole": [
                [
                    -3.1126502050796043,
                    -3.015288931926536,
                    -0.07791004109471533
                ],
                [
                    -3.015288931926536,
                    0.07909883732734328,
                    -3.1084287846971677
                ],
                [
                    -0.07791004109471533,
                    -3.1084287846971677,
                    -0.09604655736031173
                ]
            ],
            "volume_eff": 20.874116875416533,
            "alpha_iso": 6.557314201701528,
            "c6_ii": 13.914750142752665,
            "c8_ii": 269.434432710168,
            "c10_ii": 6536.499609716035,
            "slater_b_init": 42.810778794295224
        },
        {
            "index": 4,
            "element": "O",
            "charge": -0.5888803464207726,
            "dipole": [
                0.04134673731493724,
                0.04861186915451305,
                0.0990558536707093
            ],
            "quadrupole": [
                [
                    -4.410691369883655,
                    -4.355152932655995,
                    -0.0381690109387628
                ],
                [
                    -4.355152932655995,
                    0.06491524575878375,
                    -4.378865489656498
                ],
                [
                    -0.0381690109387628,
                    -4.378865489656498,
                    -0.04706240437926151
                ]
            ],
            "volume_eff": 25.656387090027337,
            "alpha_iso": 7.654391728516442,
            "c6_ii": 31.34429076282107,
            "c8_ii": 1369.111731592822,
            "c10_ii": 57587.59213917988,
            "slater_b_init": 32.93791333882536
        },
        {
            "index": 5,
            "element": "C",
            "charge": -0.41030936605883817,
            "dipole": [
                -0.09295724870007363,
                -0.05706087692495815,
                0.006754497673828926
            ],
            "quadrupole": [
                [
                    -4.999019405723854,
                    -4.996121924287745,
                    0.03893338822479604
                ],
                [
                    -4.996121924287745,
                    -0.01685425948597198,
                    -4.9368311706253865
                ],
                [
                    0.03893338822479604,
                    -4.9368311706253865,
                    -0.014513750254346714
                ]
            ],
            "volume_eff": 37.13511780180262,
            "alpha_iso": 11.66548203197988,
            "c6_ii": 44.03812326660804,
            "c8_ii": 1251.9614312363842,
            "c10_ii": 44593.08894593114,
            "slater_b_init": 35.331404072640154
        },
        {
            "index": 6,
            "element": "C",
            "charge": -0.376952309500842,
            "dipole": [
                0.06144435904835283,
                0.07607248444326753,
                -0.024400949365015943
            ],
            "quadrupole": [
                [
                    -4.997486798011202,
                    -4.97319267177045,
                    0.013239307455890512
                ],
                [
                    -4.97319267177045,
                    -0.03879242484250896,
                    -4.937886152816407
                ],
                [
                    0.013239307455890512,
                    -4.937886152816407,
                    0.01035940732020822
                ]
            ],
            "volume_eff": 37.2127216526157,
            "alpha_iso": 11.689860205010167,
            "c6_ii": 44.22237467465905,
            "c8_ii": 1258.950416971419,
            "c10_ii": 44904.47796895414,
            "slater_b_init": 35.30682680386103
        },
        {
            "index": 7,
            "element": "H",
            "charge": 0.14561568033595562,
            "dipole": [
                -0.00831117972862874,
                -0.0002927244968920127,
                -0.04541457536126164
            ],