{
    "molecule": "EMC",
    "atoms": [
        {
            "index": 0,
            "element": "C",
            "charge": -0.4966125024194472,
            "dipole": [
                0.022806196121302254,
                -0.025624051458278795,
                0.03979498975377961
            ],
            "quadrupole": [
                [
                    -5.147612153439201,
                    -5.172112404941109,
                    0.035461209578391904
                ],
                [
                    -5.172112404941109,
                    0.020361809856768585,
                    -5.177655271975457
                ],
                [
                    0.035461209578391904,
                    -5.177655271975457,
                    0.0028929826064798907
                ]
            ],
            "volume_eff": 38.92820342600711,
            "alpha_iso": 12.228755002934168,
            "c6_ii": 48.393598053856216,
            "c8_ii": 1419.721296227593,
            "c10_ii": 52183.4442779642,
            "slater_b_init": 34.780384455328566
        },
        {
            "index": 1,
            "element": "C",
            "charge": 0.11652557589306412,
            "dipole": [
                0.1086804063888831,
                0.10818027308880016,
                -0.0005009713242012543
            ],
            "quadrupole": [
                [
                    -4.057251662476271,
                    -4.138465862645751,
                    0.07074599578132008
                ],
                [
                    -4.138465862645751,
                    0.03133452563661639,
                    -4.141564617239113
                ],
                [
                    0.07074599578132008,
                    -4.141564617239113,
                    0.03979482427126742
                ]
            ],
            "volume_eff": 29.56951047327444,
            "alpha_iso": 9.288851457573124,
            "c6_ii": 27.922060286666653,
            "c8_ii": 681.944702712189,
            "c10_ii": 20867.25482790113,
            "slater_b_init": 38.118966769357485
        },
        {
            "index": 2,
            "element": "O",
            "charge": -0.4361908028611694,
            "dipole": [
                -0.10003256165185978,
                0.010793151171686265,
                -0.008904062705118544
            ],
            "quadrupole": [
                [
                    -4.072411778996295,
                    -4.128705710946508,
                    -0.022655921627075176
                ],
                [
                    -4.128705710946508,
                    -0.0020099645831917284,
                    -4.12288164309851
                ],
                [
                    -0.022655921627075176,
                    -4.12288164309851,
                    0.01591112511306414
                ]
            ],
            "volume_eff": 23.46091103768496,
            "alpha_iso": 6.999387823397723,
            "c6_ii": 26.209406943632423,
            "c8_ii": 1078.5423945367231,
            "c10_ii": 42739.24354602081,
            "slater_b_init": 33.934877942868695
        },
        {
            "index": 3,
            "element": "C",
            "charge": 1.0069844244439334,
            "dipole": [
                -0.0011214228657220784,
                0.028398212742212228,
                0.028310605936048918
            ],
            "quadrupole": [
                [
                    -2.856599251926654,
                    -2.8075792804439073,
                    -0.08239585658085599
                ],
                [
                    -2.8075792804439073,
                    -0.011032242371187924,
                    -2.8300686442620866
                ],
                [
                    -0.08239585658085599,
                    -2.8300686442620866,
                    0.010616074467674907
                ]
            ],
            "volume_eff": 18.986260447461067,
            "alpha_iso": 5.9642702976317485,
            "c6_ii": 11.51166278151176,
            "c8_ii": 209.2521641559273,
            "c10_ii": 4765.586066287385,
            "slater_b_init": 44.18511814991032
        },
        {
            "index": 4,
            "element": "O",
            "charge": -0.6538589179739134,
            "dipole": [
                0.002424445470786819,
                -0.1028015899509626,
                -0.12423542697939859
            ],
            "quadrupole": [
                [
                    -4.4914338921447845,
                    -4.434091800641692,
                    -0.0366168704653766
                ],
                [
                    -4.434091800641692,
                    -0.009049230820618573,
                    -4.441370772002
                ],
                [
                    -0.0366168704653766,
                    -4.441370772002,
                    0.012884942338305037
                ]
            ],
            "volume_eff": 26.18730292430836,
            "alpha_iso": 7.812786507804704,
            "c6_ii": 32.65494770431925,
            "c8_ii": 1445.971119363999,
            "c10_ii": 61656.63642576443,
            "slater_b_init": 32.71379980843252
        },
        {
            "index": 5,
            "element": "O",
            "charge": -0.4103634057311787,
            "dipole": [
                0.11087897119633493,
                0.00417144119126199,
                -0.006965281719820011
            ],
            "quadrupole": [
                [
                    -4.021564673712321,
                    -4.091157882707368,
                    -0.0212494784512065
                ],
                [
                    -4.091157882707368,
                    -0.0047855906659423275,
                    -4.0972784588402025
                ],
                [
                    -0.0212494784512065,
                    -4.0972784588402025,
                    -0.01033088958450411
                ]
            ],
            "volume_eff": 23.142775855101206,
            "alpha_iso": 6.904474564505333,
            "c6_ii": 25.503415520770133,
            "c8_ii": 1039.9810465160822,
            "c10_ii": 40837.77630145883,
            "slater_b_init": 34.089667556145706
        },
        {
            "index": 6,
            "element": "C",
            "charge": -0.10673101887905645,
            "dipole": [
                -0.14171985943464185,
                0.057816689256984376,
                0.08000193994750748
            ],
            "quadrupole": [
                [
                    -4.45337529598406,
                    -4.52628679572563,
                    0.012604137405634794
                ],
                [
                    -4.52628679572563,
                    -0.05688708633715362,
                    -4.508626183582782
                ],
                [
                    0.012604137405634794,
                    -4.508626183582782,
                    -0.07294509225424485
                ]
            ],
            "volume_eff": 32.92110620964306,
            "alpha_iso": 10.341708756955933,
            "c6_ii": 34.61051253221094,
            "c8_ii": 908.0224518718675,
            "c10_ii": 29846.92561623816,
            "slater_b_init": 36.778811588031374
        },
        {
            "index": 7,
            "element": "H",
            "charge": 0.15205387817223381,
            "dipole": [
                -0.040722011862536,
                -0.019313651172177548,
                -0.011175807855712537
            ],