{
    "molecule": "LEth_152",
    "atoms": [
        {
            "index": 0,
            "element": "C",
            "charge": -0.41795332880570335,
            "dipole": [
                -0.07613864794731046,
                0.038110720727829256,
                0.004774294523661841
            ],
            "quadrupole": [
                [
                    -5.118649309643077,
                    -5.089444386391824,
                    0.004429230181438919
                ],
                [
                    -5.089444386391824,
                    0.04699891276134979,
                    -5.041739336748785
                ],
                [
                    0.004429230181438919,
                    -5.041739336748785,
                    -0.0005218856095778641
                ]
            ],
            "volume_eff": 38.458610319365015,
            "alpha_iso": 12.081238843779584,
            "c6_ii": 47.23309077236742,
            "c8_ii": 1374.509354653934,
            "c10_ii": 50114.51068681053,
            "slater_b_init": 34.92137239228633
        },
        {
            "index": 1,
            "element": "C",
            "charge": -0.22973005709384076,
            "dipole": [
                0.030160242890107325,
                -0.050772307768230135,
                0.012516201799487403
            ],
            "quadrupole": [
                [
                    -4.689666157166284,
                    -4.739764652823955,
                    0.03979735500955909
                ],
                [
                    -4.739764652823955,
                    0.008403143811036025,
                    -4.6482713493812335
                ],
                [
                    0.03979735500955909,
                    -4.6482713493812335,
                    0.011007692512651423
                ]
            ],
            "volume_eff": 34.772632087042076,
            "alpha_iso": 10.923339922631017,
            "c6_ii": 38.61306906975735,
            "c8_ii": 1050.6667182386811,
            "c10_ii": 35818.72219554473,
            "slater_b_init": 36.11408729488245
        },
        {
            "index": 2,
            "element": "C",
            "charge": 0.06567231272398821,
            "dipole": [
                -0.07265006880510753,
                0.10809716734054417,
                -0.02454950483188651
            ],
            "quadrupole": [
                [
                    -4.193975417578075,
                    -4.303022250239039,
                    0.042254752176129264
                ],
                [
                    -4.303022250239039,
                    -0.07776419996477243,
                    -4.260153465378489
                ],
                [
                    0.042254752176129264,
                    -4.260153465378489,
                    0.03126549170588517
                ]
            ],
            "volume_eff": 31.123672666931295,
            "alpha_iso": 9.777069947727107,
            "c6_ii": 30.934341035722795,
            "c8_ii": 781.7604675656156,
            "c10_ii": 24752.610087209763,
            "slater_b_init": 37.47361169536737
        },
        {
            "index": 3,
            "element": "O",
            "charge": -0.41296445043773744,
            "dipole": [
                0.04327976029967408,
                -0.03683349140461139,
                -0.0087504399094336
            ],
            "quadrupole": [
                [
                    -4.012740610503258,
                    -4.15030774365602,
                    0.004961873534741078
                ],
                [
                    -4.15030774365602,
                    -0.011725920933691155,
                    -4.175670622739829
                ],
                [
                    0.004961873534741078,
                    -4.175670622739829,
                    -0.03550651661935578
                ]
            ],
            "volume_eff": 23.604886703769587,
            "alpha_iso": 7.042341889522419,
            "c6_ii": 26.532079454978945,
            "c8_ii": 1096.283003456978,
            "c10_ii": 43619.798647768475,
            "slater_b_init": 33.86574305014042
        },
        {
            "index": 4,
            "element": "C",
            "charge": 0.5299393617741952,
            "dipole": [
                0.0301862204823253,
                -0.027401649712462634,
                -0.12536286721351272
            ],
            "quadrupole": [
                [
                    -3.5903188595906754,
                    -3.524729148039531,
                    0.04182439546821771
                ],
                [
                    -3.524729148039531,
                    0.062263716043820624,
                    -3.553043176809537
                ],
                [
                    0.04182439546821771,
                    -3.553043176809537,
                    -0.022231343192562137
                ]
            ],
            "volume_eff": 25.17262282037888,
            "alpha_iso": 7.9076302053546215,
            "c6_ii": 20.235601948972736,
            "c8_ii": 443.9227308418102,
            "c10_ii": 12201.496472347573,
            "slater_b_init": 40.22039602285049
        },
        {
            "index": 5,
            "element": "C",
            "charge": -0.6015160399054729,
            "dipole": [
                0.009553547646236121,
                0.0023192270119241566,
                -0.008223396891531471
            ],
            "quadrupole": [
                [
                    -5.370501798556716,
                    -5.355689557209571,
                    0.002487918005067997
                ],
                [
                    -5.355689557209571,
                    0.0351664451570535,
                    -5.355091842944006
                ],
                [
                    0.002487918005067997,
                    -5.355091842944006,
                    -0.01101088787379006
                ]
            ],
            "volume_eff": 40.787634919980654,
            "alpha_iso": 12.812869608370885,
            "c6_ii": 53.127115598693926,
            "c8_ii": 1607.8327222962973,
            "c10_ii": 60964.91158184814,
            "slater_b_init": 34.24361909070096
        },
        {
            "index": 6,
            "element": "F",
            "charge": -0.2648637573264665,
            "dipole": [
                -0.005953847168812713,
                0.025038038307534483,
                -0.014339859777965185
            ],
            "quadrupole": [
                [
                    -3.593771944687748,
                    -3.5609100422830724,
                    0.033884396197615116
                ],
                [
                    -3.5609100422830724,
                    0.010002785138503473,
                    -3.6154633750233978
                ],
                [
                    0.033884396197615116,
                    -3.6154633750233978,
                    -0.0018795022005866468
                ]
            ],
            "volume_eff": 18.241850136282917,
            "alpha_iso": 5.728845497345048,
            "c6_ii": 21.591888639770158,
            "c8_ii": 956.2527127057124,
            "c10_ii": 39289.669655897625,
            "slater_b_init": 33.14024836727034
        },
        {
            "index": 7,
            "element": "H",
            "charge": 0.12941416511015746,
            "dipole": [
                0.005158987412608923,
                -0.00598284807906651,
                0.04636038838744071
            ],