{
    "molecule": "DMC",
    "atoms": [
        {
            "index": 0,
            "element": "C",
            "charge": 0.005298645344088193,
            "dipole": [
                -0.13755271152651852,
                -0.015463505080806315,
                0.09479735194926107
            ],
            "quadrupole": [
                [
                    -4.183358884925604,
                    -4.265775619750473,
                    -0.009652910226395315
                ],
                [
                    -4.265775619750473,
                    0.009411785063200607,
                    -4.2240539723545965
                ],
                [
                    -0.009652910226395315,
                    -4.2240539723545965,
                    -0.0944816224206989
                ]
            ],
            "volume_eff": 30.013773047972904,
            "alpha_iso": 9.428410381562168,
            "c6_ii": 28.767384585130248,
            "c8_ii": 709.6099864276413,
            "c10_ii": 21930.751700042227,
            "slater_b_init": 37.929952651656414
        },
        {
            "index": 1,
            "element": "O",
            "charge": -0.43769552209215234,
            "dipole": [
                0.10321034418472363,
                0.0115801128401913,
                -0.02383875313957699
            ],
            "quadrupole": [
                [
                    -4.033713741171826,
                    -4.082567251734991,
                    -0.001538458068108806
                ],
                [
                    -4.082567251734991,
                    0.004655842360799845,
                    -4.118791796594119
                ],
                [
                    -0.001538458068108806,
                    -4.118791796594119,
                    -0.01157466024235586
                ]
            ],
            "volume_eff": 22.99132017110578,
            "alpha_iso": 6.859288890827139,
            "c6_ii": 25.170698483198343,
            "c8_ii": 1021.9303997092255,
            "c10_ii": 39953.6953155642,
            "slater_b_init": 34.1643591921147
        },
        {
            "index": 2,
            "element": "C",
            "charge": 1.0209806569588729,
            "dipole": [
                -0.0009729062572902793,
                -0.0011746363293313386,
                0.046074086041084684
            ],
            "quadrupole": [
                [
                    -2.8113997454819946,
                    -2.706921065634085,
                    0.003926992118974212
                ],
                [
                    -2.706921065634085,
                    -0.010932045137474398,
                    -2.8546215368802885
                ],
                [
                    0.003926992118974212,
                    -2.8546215368802885,
                    0.00031214129618681904
                ]
            ],
            "volume_eff": 18.467827059867155,
            "alpha_iso": 5.801411641843085,
            "c6_ii": 10.891577569278065,
            "c8_ii": 194.36001834027059,
            "c10_ii": 4345.477780645084,
            "slater_b_init": 44.59476698338531
        },
        {
            "index": 3,
            "element": "O",
            "charge": -0.6494675533534355,
            "dipole": [
                0.003301753670460453,
                0.0042791173033518105,
                -0.16254443557094256
            ],
            "quadrupole": [
                [
                    -4.421170893475526,
                    -4.28545993339659,
                    0.0019840106093795564
                ],
                [
                    -4.28545993339659,
                    -0.014235691354987022,
                    -4.38313114129048
                ],
                [
                    0.0019840106093795564,
                    -4.38313114129048,
                    -0.0007856814266659556
                ]
            ],
            "volume_eff": 24.997939745290047,
            "alpha_iso": 7.457948874285428,
            "c6_ii": 29.756091290078952,
            "c8_ii": 1277.405569216157,
            "c10_ii": 52806.97765846229,
            "slater_b_init": 33.22460629851574
        },
        {
            "index": 4,
            "element": "O",
            "charge": -0.4370799250232871,
            "dipole": [
                -0.10258497319438582,
                -0.009781850819263766,
                -0.02933197525157051
            ],
            "quadrupole": [
                [
                    -4.03112012827936,
                    -4.082515108621491,
                    0.0033129032566800343
                ],
                [
                    -4.082515108621491,
                    0.00415170494736475,
                    -4.11772751006025
                ],
                [
                    0.0033129032566800343,
                    -4.11772751006025,
                    0.015133075544105142
                ]
            ],
            "volume_eff": 22.983593383990222,
            "alpha_iso": 6.856983661521944,
            "c6_ii": 25.15378288670475,
            "c8_ii": 1021.0148046275448,
            "c10_ii": 39908.95485532242,
            "slater_b_init": 34.16818730186279
        },
        {
            "index": 5,
            "element": "C",
            "charge": 0.00708619861664328,
            "dipole": [
                0.13531218128481326,
                0.010251980055487319,
                0.09977070483152857
            ],
            "quadrupole": [
                [
                    -4.184278603924128,
                    -4.263033385841235,
                    0.007847303497745728
                ],
                [
                    -4.263033385841235,
                    0.004123816456867877,
                    -4.210215397658571
                ],
                [
                    0.007847303497745728,
                    -4.210215397658571,
                    0.09464431488795962
                ]
            ],
            "volume_eff": 29.959058863790915,
            "alpha_iso": 9.411222679724894,
            "c6_ii": 28.662596072606657,
            "c8_ii": 706.1656323022402,
            "c10_ii": 21797.771278059216,
            "slater_b_init": 37.953029081045976
        },
        {
            "index": 6,
            "element": "H",
            "charge": 0.08108332728507395,
            "dipole": [
                -0.0028319774813793798,
                0.05642341043351476,
                -0.03453825520142546
            ],
            "quadrupole": [
                [
                    -0.5342411847154614,
                    -0.5568441880027576,
                    0.003047007998186915
                ],
                [
                    -0.5568441880027576,
                    -0.0030033204309441648,
                    -0.5482000385432183
                ],
                [
                    0.003047007998186915,
                    -0.5482000385432183,
                    -0.010972132914865929
                ]
            ],
            "volume_eff": 3.110988638407512,
            "alpha_iso": 0.9928687143853762,
            "c6_ii": 0.3164258689399631,
            "c8_ii": 2.2112196243192344,
            "c10_ii": 21.32710630458,
            "slater_b_init": 66.19627536308813
        },
        {
            "index": 7,
            "element": "H",
            "charge": 0.08570613851321485,
            "dipole": [
                0.044538186556824906,
                0.003173589071768565,
                0.047602351112707955
            ],