{
    "molecule": "DFP",
    "atoms": [
        {
            "index": 0,
            "element": "O",
            "charge": -0.9774156165804904,
            "dipole": [
                0.001057111656087759,
                -0.17834882668995491,
                -0.24411622406934544
            ],
            "quadrupole": [
                [
                    -4.9855500841758555,
                    -5.003421137491868,
                    -0.018861950511833647
                ],
                [
                    -5.003421137491868,
                    0.0001684847905238051,
                    -5.04236323436269
                ],
                [
                    -0.018861950511833647,
                    -5.04236323436269,
                    0.003967072240445762
                ]
            ],
            "volume_eff": 30.56043970015724,
            "alpha_iso": 9.117479247560723,
            "c6_ii": 44.47199842741175,
            "c8_ii": 2182.779281598241,
            "c10_ii": 103167.42334503829,
            "slater_b_init": 31.072394074058113
        },
        {
            "index": 1,
            "element": "P",
            "charge": 1.8227562481856907,
            "dipole": [
                0.010599499490581898,
                0.06359858054019027,
                -0.0036451064722463665
            ],
            "quadrupole": [
                [
                    -6.173223907321017,
                    -6.2401528911587425,
                    -0.01939952624775958
                ],
                [
                    -6.2401528911587425,
                    -0.012256306583708642,
                    -6.397765503136792
                ],
                [
                    -0.01939952624775958,
                    -6.397765503136792,
                    0.02640865922657157
                ]
            ],
            "volume_eff": 50.50135716967582,
            "alpha_iso": 19.423598911413777,
            "c6_ii": 111.67375362275645,
            "c8_ii": 3571.1154245628218,
            "c10_ii": 64673.08359579316,
            "slater_b_init": 35.896384540433985
        },
        {
            "index": 2,
            "element": "O",
            "charge": -0.979284062733246,
            "dipole": [
                -0.053399300060683594,
                -0.13843022836002267,
                0.2688058169284098
            ],
            "quadrupole": [
                [
                    -4.989387340556919,
                    -4.999220627792107,
                    0.017164477929707513
                ],
                [
                    -4.999220627792107,
                    -0.004276416460826579,
                    -5.0555761128371834
                ],
                [
                    0.017164477929707513,
                    -5.0555761128371834,
                    0.009838239397557519
                ]
            ],
            "volume_eff": 30.595634107694927,
            "alpha_iso": 9.127979236549868,
            "c6_ii": 44.57448824104985,
            "c8_ii": 2189.489077528648,
            "c10_ii": 103563.99238125418,
            "slater_b_init": 31.06047522663447
        },
        {
            "index": 3,
            "element": "F",
            "charge": -0.43279596024632916,
            "dipole": [
                0.12744388332567588,
                0.037548498796524964,
                0.010153427975649896
            ],
            "quadrupole": [
                [
                    -3.782956174110741,
                    -3.765704287654389,
                    -0.001856269004136184
                ],
                [
                    -3.765704287654389,
                    -0.021672012993820714,
                    -3.7633034713076072
                ],
                [
                    -0.001856269004136184,
                    -3.7633034713076072,
                    0.00042350345591072593
                ]
            ],
            "volume_eff": 19.38192644986322,
            "alpha_iso": 6.0868859925190275,
            "c6_ii": 24.37511913547655,
            "c8_ii": 1124.0375870084094,
            "c10_ii": 48088.20535455819,
            "slater_b_init": 32.4772867380465
        },
        {
            "index": 4,
            "element": "F",
            "charge": -0.4325186109977359,
            "dipole": [
                -0.10794384464324472,
                0.07483359691367096,
                -0.017935978049262988
            ],
            "quadrupole": [
                [
                    -3.7645037755337576,
                    -3.78100130570557,
                    0.004680564601165474
                ],
                [
                    -3.78100130570557,
                    0.022110202204720358,
                    -3.7640938249608635
                ],
                [
                    0.004680564601165474,
                    -3.7640938249608635,
                    -0.002706715990924914
                ]
            ],
            "volume_eff": 19.37539692073999,
            "alpha_iso": 6.084835396596031,
            "c6_ii": 24.358698555044718,
            "c8_ii": 1123.0280725190087,
            "c10_ii": 48034.22552165794,
            "slater_b_init": 32.480934621550325
        }
    ]
}