{
    "molecule": "PF6",
    "atoms": [
        {
            "index": 0,
            "element": "F",
            "charge": -0.42734246118945407,
            "dipole": [
                -0.08222904491904505,
                -0.06166065821619906,
                0.04915838176872835
            ],
            "quadrupole": [
                [
                    -3.8290816536714316,
                    -3.8025260018331264,
                    0.014577537466415184
                ],
                [
                    -3.8025260018331264,
                    -0.04888251734100056,
                    -3.7691347009757634
                ],
                [
                    0.014577537466415184,
                    -3.7691347009757634,
                    0.02080450170362826
                ]
            ],
            "volume_eff": 19.753671623342047,
            "alpha_iso": 6.203632410636346,
            "c6_ii": 25.319115188353766,
            "c8_ii": 1182.4511392611523,
            "c10_ii": 51232.0261794755,
            "slater_b_init": 32.272264729355996
        },
        {
            "index": 1,
            "element": "P",
            "charge": 1.605656061571084,
            "dipole": [
                0.003908347611928906,
                -0.002096290772560169,
                -0.030030517016678727
            ],
            "quadrupole": [
                [
                    -8.154894030471324,
                    -8.14610865242008,
                    -0.004562986029200778
                ],
                [
                    -8.14610865242008,
                    0.03257282221264212,
                    -8.147224775697685
                ],
                [
                    -0.004562986029200778,
                    -8.147224775697685,
                    -0.0003879514545687691
                ]
            ],
            "volume_eff": 79.48487805415309,
            "alpha_iso": 30.571106943905036,
            "c6_ii": 276.6394036136009,
            "c8_ii": 11969.824651112467,
            "c10_ii": 293311.063436143,
            "slater_b_init": 30.859594945386007
        },
        {
            "index": 2,
            "element": "F",
            "charge": -0.41118037159747445,
            "dipole": [
                -0.07418414454973492,
                0.07414195954528423,
                -0.06785009928590947
            ],
            "quadrupole": [
                [
                    -3.7511702158038758,
                    -3.7409446647508937,
                    0.034311768666391164
                ],
                [
                    -3.7409446647508937,
                    0.02722208024864704,
                    -3.777933021409507
                ],
                [
                    0.034311768666391164,
                    -3.777933021409507,
                    -0.04352058293895407
                ]
            ],
            "volume_eff": 19.383474016579015,
            "alpha_iso": 6.087372005206633,
            "c6_ii": 24.379011795903565,
            "c8_ii": 1124.2769356143788,
            "c10_ii": 48101.005361637726,
            "slater_b_init": 32.476422391686484
        },
        {
            "index": 3,
            "element": "F",
            "charge": -0.49094186363717895,
            "dipole": [
                -0.008771772152446473,
                0.0505122745819344,
                0.044590784173793564
            ],
            "quadrupole": [
                [
                    -3.932055382506668,
                    -3.971280241749871,
                    -0.040641906379962976
                ],
                [
                    -3.971280241749871,
                    0.019194160451442076,
                    -3.9610336122598926
                ],
                [
                    -0.040641906379962976,
                    -3.9610336122598926,
                    0.015983674579705814
                ]
            ],
            "volume_eff": 21.07961407190078,
            "alpha_iso": 6.620044088696114,
            "c6_ii": 28.832226142289706,
            "c8_ii": 1406.1211439364936,
            "c10_ii": 63619.60240173243,
            "slater_b_init": 31.58089993311756
        },
        {
            "index": 4,
            "element": "F",
            "charge": -0.40290537930899006,
            "dipole": [
                0.043491467504105326,
                -0.10107831780917735,
                -0.06639903952396484
            ],
            "quadrupole": [
                [
                    -3.7091149458230714,
                    -3.755710604642138,
                    -0.051409946408821766
                ],
                [
                    -3.755710604642138,
                    0.02483987008824552,
                    -3.745342936157716
                ],
                [
                    -0.051409946408821766,
                    -3.745342936157716,
                    0.02121569202568118
                ]
            ],
            "volume_eff": 19.211805640733157,
            "alpha_iso": 6.033459622709587,
            "c6_ii": 23.94910198609665,
            "c8_ii": 1097.920301970373,
            "c10_ii": 46695.6093305771,
            "slater_b_init": 32.57286744485816
        },
        {
            "index": 5,
            "element": "F",
            "charge": -0.4136933028211711,
            "dipole": [
                0.08828982966252026,
                0.08505439554914358,
                0.0016534751594485452
            ],
            "quadrupole": [
                [
                    -3.781035149291568,
                    -3.75626718138211,
                    0.017476278124466785
                ],
                [
                    -3.75626718138211,
                    -0.05195335097441721,
                    -3.7202807429148965
                ],
                [
                    0.017476278124466785,
                    -3.7202807429148965,
                    0.023138151281893338
                ]
            ],
            "volume_eff": 19.35326833239007,
            "alpha_iso": 6.077885922568782,
            "c6_ii": 24.30309032089459,
            "c8_ii": 1119.6110407552285,
            "c10_ii": 47851.60319409663,
            "slater_b_init": 32.49330950745082
        },
        {
            "index": 6,
            "element": "F",
            "charge": -0.46099679310020036,
            "dipole": [
                0.04236133832513114,
                -0.021611622940784277,
                0.07714690329974912
            ],
            "quadrupole": [
                [
                    -3.8753389158408815,
                    -3.8635938734075075,
                    0.029566598350808607
                ],
                [
                    -3.8635938734075075,
                    0.02253155270907284,
                    -3.900970804042448
                ],
                [
                    0.029566598350808607,
                    -3.900970804042448,
                    -0.03824077001795495
                ]
            ],
            "volume_eff": 20.430801800639667,
            "alpha_iso": 6.416284863010805,
            "c6_ii": 27.084678581119466,
            "c8_ii": 1293.6498805172596,
            "c10_ii": 57323.601472336995,
            "slater_b_init": 31.911722725019448
        }
    ]
}