{
    "molecule": "Est_319",
    "atoms": [
        {
            "index": 0,
            "element": "C",
            "charge": -0.6070347456555449,
            "dipole": [
                0.002542537467799734,
                0.009054393201656396,
                0.004179038710314051
            ],
            "quadrupole": [
                [
                    -5.339927412867687,
                    -5.33794728194611,
                    -0.010925246450698782
                ],
                [
                    -5.33794728194611,
                    0.01966022694113422,
                    -5.359944802493146
                ],
                [
                    -0.010925246450698782,
                    -5.359944802493146,
                    0.031434429974487255
                ]
            ],
            "volume_eff": 40.49324379130734,
            "alpha_iso": 12.720390719782412,
            "c6_ii": 52.36297671513177,
            "c8_ii": 1577.0724649926942,
            "c10_ii": 59510.47694528338,
            "slater_b_init": 34.32640397716079
        },
        {
            "index": 1,
            "element": "C",
            "charge": 0.519294527847963,
            "dipole": [
                0.037600574161483914,
                0.13914709429239908,
                -0.04591786097188688
            ],
            "quadrupole": [
                [
                    -3.5436947870573925,
                    -3.5410688757225977,
                    -0.03650509785800853
                ],
                [
                    -3.5410688757225977,
                    0.03347886443344151,
                    -3.5226130180970885
                ],
                [
                    -0.03650509785800853,
                    -3.5226130180970885,
                    0.08666132599539106
                ]
            ],
            "volume_eff": 24.814061564182325,
            "alpha_iso": 7.794993161523243,
            "c6_ii": 19.66323192284615,
            "c8_ii": 427.260176042658,
            "c10_ii": 11631.732026119173,
            "slater_b_init": 40.41319752418525
        },
        {
            "index": 2,
            "element": "F",
            "charge": -0.2553865181197743,
            "dipole": [
                -0.008978517855095602,
                0.013753800371484869,
                0.008986821954145335
            ],
            "quadrupole": [
                [
                    -3.5816241704851857,
                    -3.608527414981099,
                    -0.02541539585187941
                ],
                [
                    -3.608527414981099,
                    -0.003820568707336416,
                    -3.544270535822221
                ],
                [
                    -0.02541539585187941,
                    -3.544270535822221,
                    0.017272145903859098
                ]
            ],
            "volume_eff": 18.145289538073456,
            "alpha_iso": 5.698520681378441,
            "c6_ii": 21.36390655006435,
            "c8_ii": 942.8140896006925,
            "c10_ii": 38600.69349367301,
            "slater_b_init": 33.198929943286274
        },
        {
            "index": 3,
            "element": "O",
            "charge": -0.4394743930260354,
            "dipole": [
                -0.05705992224479601,
                0.009941857692013069,
                0.015093114480034623
            ],
            "quadrupole": [
                [
                    -4.068908480273284,
                    -4.124780819272116,
                    -0.03470570099027262
                ],
                [
                    -4.124780819272116,
                    0.001562059847850507,
                    -4.097025367712957
                ],
                [
                    -0.03470570099027262,
                    -4.097025367712957,
                    -0.007167973521766644
                ]
            ],
            "volume_eff": 23.350927716225847,
            "alpha_iso": 6.966575119757988,
            "c6_ii": 25.964246736214125,
            "c8_ii": 1065.1119699662247,
            "c10_ii": 42075.025425548774,
            "slater_b_init": 33.98807249157907
        },
        {
            "index": 4,
            "element": "C",
            "charge": 0.8271545725641749,
            "dipole": [
                -0.06253843858501917,
                -0.013288486469716695,
                0.008589947209801503
            ],
            "quadrupole": [
                [
                    -3.085864414034254,
                    -3.0311942398243708,
                    -0.11741000515276705
                ],
                [
                    -3.0311942398243708,
                    -0.0647234727971325,
                    -2.9767995159198466
                ],
                [
                    -0.11741000515276705,
                    -2.9767995159198466,
                    0.011966700691135129
                ]
            ],
            "volume_eff": 20.472380579197207,
            "alpha_iso": 6.431114318072421,
            "c6_ii": 13.384306819032016,
            "c8_ii": 255.82740048542675,
            "c10_ii": 6126.503582238361,
            "slater_b_init": 43.088996823080755
        },
        {
            "index": 5,
            "element": "O",
            "charge": -0.579360275867419,
            "dipole": [
                0.018551675200224924,
                -0.08469090054725056,
                -0.0936582153059224
            ],
            "quadrupole": [
                [
                    -4.432165172094457,
                    -4.339521669153523,
                    -0.06677813545991997
                ],
                [
                    -4.339521669153523,
                    -0.028721549973004332,
                    -4.311027525637588
                ],
                [
                    -0.06677813545991997,
                    -4.311027525637588,
                    0.025282917606792913
                ]
            ],
            "volume_eff": 25.481470328673595,
            "alpha_iso": 7.602206617394333,
            "c6_ii": 30.918357650049558,
            "c8_ii": 1344.361863908587,
            "c10_ii": 56289.25950998437,
            "slater_b_init": 33.013108636040194
        },
        {
            "index": 6,
            "element": "C",
            "charge": -0.5559375903290142,
            "dipole": [
                0.04364687376721667,
                -0.0032573746817437014,
                0.015050138855782075
            ],
            "quadrupole": [
                [
                    -5.238577940415697,
                    -5.246624212980183,
                    -0.013751910517735857
                ],
                [
                    -5.246624212980183,
                    0.008464343544963738,
                    -5.154485337943264
                ],
                [
                    -0.013751910517735857,
                    -5.154485337943264,
                    -0.032516066125989514
                ]
            ],
            "volume_eff": 39.202475295216765,
            "alpha_iso": 12.314913705303695,
            "c6_ii": 49.077922499437356,
            "c8_ii": 1446.5521891476742,
            "c10_ii": 53419.092153527876,
            "slater_b_init": 34.69908334375011
        },
        {
            "index": 7,
            "element": "C",
            "charge": 0.14785122932780315,
            "dipole": [
                -0.08956589358825139,
                -0.027076381641335107,
                0.11757381610330675
            ],