{
    "molecule": "Phos_804",
    "atoms": [
        {
            "index": 0,
            "element": "C",
            "charge": -0.5201320519175248,
            "dipole": [
                0.005218050739650788,
                0.04314071542316323,
                0.07530098038436357
            ],
            "quadrupole": [
                [
                    -5.211307433526087,
                    -5.255810013111586,
                    -0.07652199561680938
                ],
                [
                    -5.255810013111586,
                    0.0008300519762132224,
                    -5.346034232665911
                ],
                [
                    -0.07652199561680938,
                    -5.346034232665911,
                    -0.0023890717458912945
                ]
            ],
            "volume_eff": 39.94798503283381,
            "alpha_iso": 12.549105245916381,
            "c6_ii": 50.96229152254035,
            "c8_ii": 1521.0768034834425,
            "c10_ii": 56881.0753998956,
            "slater_b_init": 34.48187494671587
        },
        {
            "index": 1,
            "element": "C",
            "charge": 0.19160627112507633,
            "dipole": [
                0.14284987211526923,
                -0.1289316866348883,
                0.04148931722144101
            ],
            "quadrupole": [
                [
                    -4.037608225368613,
                    -4.10814886571174,
                    -0.11730591205334936
                ],
                [
                    -4.10814886571174,
                    0.006584118868542678,
                    -4.137725798747573
                ],
                [
                    -0.11730591205334936,
                    -4.137725798747573,
                    0.04539806134332695
                ]
            ],
            "volume_eff": 29.705340704353446,
            "alpha_iso": 9.33152064011103,
            "c6_ii": 28.179174510331435,
            "c8_ii": 690.330245690791,
            "c10_ii": 21188.489452270387,
            "slater_b_init": 38.06077723295541
        },
        {
            "index": 2,
            "element": "O",
            "charge": -0.5308130191238121,
            "dipole": [
                -0.058561626606718466,
                0.15363439402879442,
                0.13274263534213743
            ],
            "quadrupole": [
                [
                    -4.164798625690907,
                    -4.169253310177224,
                    -0.025294495684818962
                ],
                [
                    -4.169253310177224,
                    0.03013180513285535,
                    -4.2031244124640645
                ],
                [
                    -0.025294495684818962,
                    -4.2031244124640645,
                    -0.01136617468484956
                ]
            ],
            "volume_eff": 23.81063637352555,
            "alpha_iso": 7.103725768897126,
            "c6_ii": 26.996623761152666,
            "c8_ii": 1121.9501665843002,
            "c10_ii": 44900.09548260725,
            "slater_b_init": 33.767915168910505
        },
        {
            "index": 3,
            "element": "P",
            "charge": 1.7727278032019846,
            "dipole": [
                0.010098273648231794,
                -0.08511665701285054,
                0.10680453428282101
            ],
            "quadrupole": [
                [
                    -6.233246228113598,
                    -6.100516023352302,
                    -0.008987946660474868
                ],
                [
                    -6.100516023352302,
                    -0.02140320882536096,
                    -6.150874962998673
                ],
                [
                    -0.008987946660474868,
                    -6.150874962998673,
                    0.01050925359082682
                ]
            ],
            "volume_eff": 48.68530610292751,
            "alpha_iso": 18.725117731895196,
            "c6_ii": 103.78649008570744,
            "c8_ii": 3238.845030580267,
            "c10_ii": 57240.89557552724,
            "slater_b_init": 36.337280701566115
        },
        {
            "index": 4,
            "element": "O",
            "charge": -0.8391024239430998,
            "dipole": [
                0.04122305378655191,
                0.10321584632232532,
                -0.34688083739377906
            ],
            "quadrupole": [
                [
                    -4.735468630179784,
                    -4.719257997384247,
                    0.018794726581104967
                ],
                [
                    -4.719257997384247,
                    0.0067192813160644824,
                    -4.755966615642601
                ],
                [
                    0.018794726581104967,
                    -4.755966615642601,
                    -0.004900918288914354
                ]
            ],
            "volume_eff": 28.219665612226752,
            "alpha_iso": 8.41912675723892,
            "c6_ii": 37.9202485435363,
            "c8_ii": 1764.90985827147,
            "c10_ii": 79101.27185932746,
            "slater_b_init": 31.908811462900356
        },
        {
            "index": 5,
            "element": "O",
            "charge": -0.5154574315701215,
            "dipole": [
                -0.1472511293853931,
                -0.13454614024507947,
                0.018509964020644757
            ],
            "quadrupole": [
                [
                    -4.145620869992063,
                    -4.158973418121064,
                    0.03599642648515295
                ],
                [
                    -4.158973418121064,
                    -0.027011112620269617,
                    -4.127644827528756
                ],
                [
                    0.03599642648515295,
                    -4.127644827528756,
                    -0.002887087712565436
                ]
            ],
            "volume_eff": 23.486431986117406,
            "alpha_iso": 7.0070018080129275,
            "c6_ii": 26.26645952211743,
            "c8_ii": 1081.6738879140407,
            "c10_ii": 42894.413845122064,
            "slater_b_init": 33.92258199045473
        },
        {
            "index": 6,
            "element": "C",
            "charge": 0.18979752631949065,
            "dipole": [
                0.17833476728245312,
                -0.03344197941688798,
                0.07585639430825923
            ],
            "quadrupole": [
                [
                    -4.1058932685650475,
                    -4.142493424730427,
                    0.023003316856937107
                ],
                [
                    -4.142493424730427,
                    -0.10913099647858661,
                    -4.030524133394751
                ],
                [
                    0.023003316856937107,
                    -4.030524133394751,
                    0.05388550092976041
                ]
            ],
            "volume_eff": 29.650378427911168,
            "alpha_iso": 9.314255003532303,
            "c6_ii": 28.07499400153137,
            "c8_ii": 686.92940772853,
            "c10_ii": 21058.09137225697,
            "slater_b_init": 38.08428020127843
        },
        {
            "index": 7,
            "element": "C",
            "charge": -0.5213369970657364,
            "dipole": [
                -0.035628082300438575,
                -0.07362439338029693,
                0.03134266102428976
            ],