{
    "molecule": "SL",
    "atoms": [
        {
            "index": 0,
            "element": "C",
            "charge": -0.180083129078783,
            "dipole": [
                -0.040224537309402994,
                0.05517589590865998,
                -0.03616347008233844
            ],
            "quadrupole": [
                [
                    -4.595733696741346,
                    -4.6022768152865465,
                    0.019081492791188977
                ],
                [
                    -4.6022768152865465,
                    0.024406644278369406,
                    -4.579483685607043
                ],
                [
                    0.019081492791188977,
                    -4.579483685607043,
                    -0.05909833676354372
                ]
            ],
            "volume_eff": 33.73994727148644,
            "alpha_iso": 10.59893631565019,
            "c6_ii": 36.35364734501051,
            "c8_ii": 969.5045825034558,
            "c10_ii": 32394.121154717526,
            "slater_b_init": 36.47884105045346
        },
        {
            "index": 1,
            "element": "C",
            "charge": -0.1769849263728025,
            "dipole": [
                -0.03407498510090645,
                0.061257291077589635,
                0.03608527078129619
            ],
            "quadrupole": [
                [
                    -4.574927451971862,
                    -4.602829418599335,
                    -0.06242297669978261
                ],
                [
                    -4.602829418599335,
                    0.014089497963582914,
                    -4.576551520161973
                ],
                [
                    -0.06242297669978261,
                    -4.576551520161973,
                    -0.011184160565079652
                ]
            ],
            "volume_eff": 33.65965946111192,
            "alpha_iso": 10.57371501396186,
            "c6_ii": 36.180838420528346,
            "c8_ii": 963.3646696683063,
            "c10_ii": 32137.882838609017,
            "slater_b_init": 36.50782213863218
        },
        {
            "index": 2,
            "element": "C",
            "charge": -0.4961491861508538,
            "dipole": [
                0.03182907073926654,
                -0.09452068331863814,
                -0.017027364201044847
            ],
            "quadrupole": [
                [
                    -5.139701909812102,
                    -5.183580437848822,
                    -0.007685163011098593
                ],
                [
                    -5.183580437848822,
                    -0.03652312827940626,
                    -5.0761671304093126
                ],
                [
                    -0.007685163011098593,
                    -5.0761671304093126,
                    0.015364883182810016
                ]
            ],
            "volume_eff": 38.4592339739359,
            "alpha_iso": 12.08143475621023,
            "c6_ii": 47.23462267232714,
            "c8_ii": 1374.568793835867,
            "c10_ii": 50117.219636743845,
            "slater_b_init": 34.92118362971892
        },
        {
            "index": 3,
            "element": "S",
            "charge": 1.2796085966387594,
            "dipole": [
                -0.06398010673292341,
                0.11264983254194645,
                -0.0018924158970290332
            ],
            "quadrupole": [
                [
                    -7.3605203904356795,
                    -7.37877226366586,
                    -0.004453462479399869
                ],
                [
                    -7.37877226366586,
                    -0.007840452954466174,
                    -7.4367870049266624
                ],
                [
                    -0.004453462479399869,
                    -7.4367870049266624,
                    0.00964235482501893
                ]
            ],
            "volume_eff": 56.08164311789669,
            "alpha_iso": 14.617024004132649,
            "c6_ii": 74.52647427845238,
            "c8_ii": 1829.5082046764949,
            "c10_ii": 45136.11847201095,
            "slater_b_init": 37.492519046838936
        },
        {
            "index": 4,
            "element": "O",
            "charge": -0.628255914403578,
            "dipole": [
                -0.05887588769806528,
                0.07745491324262373,
                0.16027562546420349
            ],
            "quadrupole": [
                [
                    -4.366264517202191,
                    -4.372885672921764,
                    -0.01802262622033169
                ],
                [
                    -4.372885672921764,
                    -0.0020004609201046786,
                    -4.376934244619457
                ],
                [
                    -0.01802262622033169,
                    -4.376934244619457,
                    0.017242575801743657
                ]
            ],
            "volume_eff": 25.32505635606784,
            "alpha_iso": 7.555541675290957,
            "c6_ii": 30.539947740401654,
            "c8_ii": 1322.4685358380902,
            "c10_ii": 55145.742737482346,
            "slater_b_init": 33.08093496749991
        },
        {
            "index": 5,
            "element": "O",
            "charge": -0.6309078841589226,
            "dipole": [
                -0.04770283462421356,
                0.090291894054636,
                -0.16343902208919878
            ],
            "quadrupole": [
                [
                    -4.378625309867618,
                    -4.36725914921503,
                    0.02474296685101326
                ],
                [
                    -4.36725914921503,
                    0.0030009083996278382,
                    -4.388341119046516
                ],
                [
                    0.02474296685101326,
                    -4.388341119046516,
                    -0.01206278558086606
                ]
            ],
            "volume_eff": 25.375034087815855,
            "alpha_iso": 7.570452158795891,
            "c6_ii": 30.660604796379655,
            "c8_ii": 1329.4395207532336,
            "c10_ii": 55509.33655023935,
            "slater_b_init": 33.05920236331673
        },
        {
            "index": 6,
            "element": "C",
            "charge": -0.4938068200978716,
            "dipole": [
                0.06795634663547331,
                -0.07154951309955389,
                0.014746801531915413
            ],
            "quadrupole": [
                [
                    -5.1872499238000325,
                    -5.116848478033797,
                    0.013654281561906937
                ],
                [
                    -5.116848478033797,
                    -0.0055195758795058255,
                    -5.070849357026174
                ],
                [
                    0.013654281561906937,
                    -5.070849357026174,
                    0.0021821528595968075
                ]
            ],
            "volume_eff": 38.367152549871726,
            "alpha_iso": 12.052508654409966,
            "c6_ii": 47.00870946313627,
            "c8_ii": 1365.8100929651644,
            "c10_ii": 49718.35678266875,
            "slater_b_init": 34.94909833495103
        },
        {
            "index": 7,
            "element": "H",
            "charge": 0.1305553649660106,
            "dipole": [
                -0.016085812033343506,
                -0.002313963871276318,
                0.05009654967030072
            ],