{
    "molecule": "GBL",
    "atoms": [
        {
            "index": 0,
            "element": "O",
            "charge": -0.5701027159127694,
            "dipole": [
                0.1232091287353475,
                0.016180440698468967,
                -0.0014562098861853933
            ],
            "quadrupole": [
                [
                    -4.377933534029958,
                    -4.436698590743955,
                    0.04662624613142944
                ],
                [
                    -4.436698590743955,
                    -0.011758557547496069,
                    -4.258279245657534
                ],
                [
                    0.04662624613142944,
                    -4.258279245657534,
                    0.005593635263852853
                ]
            ],
            "volume_eff": 25.483976937583286,
            "alpha_iso": 7.602954445466836,
            "c6_ii": 30.92444081884654,
            "c8_ii": 1344.7145453540045,
            "c10_ii": 56307.71885201602,
            "slater_b_init": 33.01202620862933
        },
        {
            "index": 1,
            "element": "C",
            "charge": 0.7909130673829399,
            "dipole": [
                -0.006327402356239599,
                0.08040941521752523,
                -0.029603635086826074
            ],
            "quadrupole": [
                [
                    -3.172316674486186,
                    -3.156275104693205,
                    0.07042697645312572
                ],
                [
                    -3.156275104693205,
                    -0.02873371630865756,
                    -2.9506302195745993
                ],
                [
                    0.07042697645312572,
                    -2.9506302195745993,
                    0.019711189980653177
                ]
            ],
            "volume_eff": 20.986984742813746,
            "alpha_iso": 6.592770076276569,
            "c6_ii": 14.0656330915624,
            "c8_ii": 273.33689635541657,
            "c10_ii": 6655.05567371881,
            "slater_b_init": 42.73389543980285
        },
        {
            "index": 2,
            "element": "C",
            "charge": -0.4443110904925316,
            "dipole": [
                -0.07288024718309864,
                -0.03288925541586652,
                -0.0033760695001157134
            ],
            "quadrupole": [
                [
                    -4.996863513409545,
                    -5.02469889864017,
                    0.03880942659491424
                ],
                [
                    -5.02469889864017,
                    0.005714098760343434,
                    -4.959962296324811
                ],
                [
                    0.03880942659491424,
                    -4.959962296324811,
                    -0.018541120950259015
                ]
            ],
            "volume_eff": 37.08612733454358,
            "alpha_iso": 11.650092356401125,
            "c6_ii": 43.92200541062985,
            "c8_ii": 1247.5618748994202,
            "c10_ii": 44397.29262709768,
            "slater_b_init": 35.34695472467249
        },
        {
            "index": 3,
            "element": "C",
            "charge": -0.2761445765512036,
            "dipole": [
                0.05753135051446142,
                -0.008987044932888526,
                0.023706517311578124
            ],
            "quadrupole": [
                [
                    -4.7494483850265645,
                    -4.761395037722172,
                    -0.03343579167209634
                ],
                [
                    -4.761395037722172,
                    -0.03090522239979888,
                    -4.692858815438423
                ],
                [
                    -0.03343579167209634,
                    -4.692858815438423,
                    -0.03423312522960433
                ]
            ],
            "volume_eff": 34.893806020711295,
            "alpha_iso": 10.961405032684176,
            "c6_ii": 38.882651760693165,
            "c8_ii": 1060.458588887614,
            "c10_ii": 36236.480663977614,
            "slater_b_init": 36.07223496395794
        },
        {
            "index": 4,
            "element": "C",
            "charge": 0.06708618721376958,
            "dipole": [
                0.1351752458879123,
                0.02478141584701054,
                -0.02585560937960504
            ],
            "quadrupole": [
                [
                    -4.130308561465535,
                    -4.234467168984973,
                    -0.030897389110296696
                ],
                [
                    -4.234467168984973,
                    0.08119018664398588,
                    -4.163623000747095
                ],
                [
                    -0.030897389110296696,
                    -4.163623000747095,
                    -0.006755330081345519
                ]
            ],
            "volume_eff": 30.05577855441838,
            "alpha_iso": 9.441605828613103,
            "c6_ii": 28.847963201577663,
            "c8_ii": 712.2614181925335,
            "c10_ii": 22033.228810540015,
            "slater_b_init": 37.91227430197821
        },
        {
            "index": 5,
            "element": "O",
            "charge": -0.38356027079318267,
            "dipole": [
                -0.07131452426346095,
                -0.0031318155211937995,
                0.0020834199542473135
            ],
            "quadrupole": [
                [
                    -3.988157157038201,
                    -4.096572286330174,
                    0.019179225649957273
                ],
                [
                    -4.096572286330174,
                    -0.004047454061247592,
                    -4.043004782240009
                ],
                [
                    0.019179225649957273,
                    -4.043004782240009,
                    -0.0005285212167362513
                ]
            ],
            "volume_eff": 22.9757630123918,
            "alpha_iso": 6.854647528558878,
            "c6_ii": 25.13664632222709,
            "c8_ii": 1020.0874584098964,
            "c10_ii": 39863.65040008272,
            "slater_b_init": 34.17206848184787
        },
        {
            "index": 6,
            "element": "H",
            "charge": 0.17705057329607643,
            "dipole": [
                -0.0052503472391847526,
                -0.0028137913693285005,
                0.045944772730902805
            ],
            "quadrupole": [
                [
                    -0.4424287676252229,
                    -0.4514428236955453,
                    0.0011088537038903376
                ],
                [
                    -0.4514428236955453,
                    0.00046917823589243444,
                    -0.4584900719122647
                ],
                [
                    0.0011088537038903376,
                    -0.4584900719122647,
                    0.00036164157420698345
                ]
            ],
            "volume_eff": 2.473698903012017,
            "alpha_iso": 0.7894783733017074,
            "c6_ii": 0.20006393394677613,
            "c8_ii": 1.199943996423753,
            "c10_ii": 9.93329435446487,
            "slater_b_init": 71.45249804419588
        },
        {
            "index": 7,
            "element": "H",
            "charge": 0.1824590132130759,
            "dipole": [
                0.014070159199641528,
                -0.035991213742528665,
                -0.02842285252588795
            ],