{
    "molecule": "DFOB",
    "atoms": [
        {
            "index": 0,
            "element": "F",
            "charge": -0.5374806913667385,
            "dipole": [
                -0.05831614230663429,
                -0.022004983049917465,
                -0.08228945090660658
            ],
            "quadrupole": [
                [
                    -3.9824235773760965,
                    -3.9649696144497515,
                    0.003387277149565626
                ],
                [
                    -3.9649696144497515,
                    -0.004889398686671336,
                    -3.9771565414625676
                ],
                [
                    0.003387277149565626,
                    -3.9771565414625676,
                    0.01585610454240851
                ]
            ],
            "volume_eff": 21.100808303631304,
            "alpha_iso": 6.626700128413137,
            "c6_ii": 28.890233284151766,
            "c8_ii": 1409.8943480811965,
            "c10_ii": 63833.071039937764,
            "slater_b_init": 31.57032281642246
        },
        {
            "index": 1,
            "element": "B",
            "charge": 1.2710209325515427,
            "dipole": [
                -0.023842280032512795,
                -0.006064678501047833,
                0.0009777565683483057
            ],
            "quadrupole": [
                [
                    -2.3726574688768816,
                    -2.305137226054747,
                    0.002152775108829646
                ],
                [
                    -2.305137226054747,
                    -0.017011372197095535,
                    -2.3411290913911516
                ],
                [
                    0.002152775108829646,
                    -2.3411290913911516,
                    0.0052046531884370325
                ]
            ],
            "volume_eff": 18.39325880702054,
            "alpha_iso": 8.379151234309356,
            "c6_ii": 16.6232301083619,
            "c8_ii": 322.05088152771236,
            "c10_ii": 4054.250200662788,
            "slater_b_init": 45.81385754186288
        },
        {
            "index": 2,
            "element": "F",
            "charge": -0.5417129751528442,
            "dipole": [
                -0.04014183403101908,
                -0.01313761105172042,
                0.09598326193814387
            ],
            "quadrupole": [
                [
                    -3.9871561495115526,
                    -3.9750053243874803,
                    -0.0035465015605202215
                ],
                [
                    -3.9750053243874803,
                    -0.002441391140932721,
                    -3.97794635334099
                ],
                [
                    -0.0035465015605202215,
                    -3.97794635334099,
                    -0.010994973899489353
                ]
            ],
            "volume_eff": 21.1312208069484,
            "alpha_iso": 6.63625116251272,
            "c6_ii": 28.973572034178574,
            "c8_ii": 1415.3197242480492,
            "c10_ii": 64140.261473282604,
            "slater_b_init": 31.55516998420316
        },
        {
            "index": 3,
            "element": "O",
            "charge": -0.6497916742525831,
            "dipole": [
                0.005645947106501533,
                0.13701971545439925,
                -0.011869324127856717
            ],
            "quadrupole": [
                [
                    -4.378676775314406,
                    -4.531366124423339,
                    0.004918916317844059
                ],
                [
                    -4.531366124423339,
                    0.008792194499387937,
                    -4.392561169734381
                ],
                [
                    0.004918916317844059,
                    -4.392561169734381,
                    0.0019436748764223423
                ]
            ],
            "volume_eff": 26.02897648609832,
            "alpha_iso": 7.765550995852537,
            "c6_ii": 32.26128269544947,
            "c8_ii": 1422.775800156106,
            "c10_ii": 60422.806371459985,
            "slater_b_init": 32.77999517667939
        },
        {
            "index": 4,
            "element": "C",
            "charge": 0.5891578371881607,
            "dipole": [
                -0.0640645363382658,
                0.15195554748969736,
                -0.006025737743400872
            ],
            "quadrupole": [
                [
                    -3.505185402991479,
                    -3.6020169409848055,
                    -0.006692142848806757
                ],
                [
                    -3.6020169409848055,
                    -0.03404255592560175,
                    -3.2414922386403533
                ],
                [
                    -0.006692142848806757,
                    -3.2414922386403533,
                    -0.018854294769638874
                ]
            ],
            "volume_eff": 24.112785547519632,
            "alpha_iso": 7.574697030634439,
            "c6_ii": 18.567522471771124,
            "c8_ii": 395.8140054468473,
            "c10_ii": 10571.650962805299,
            "slater_b_init": 40.801240820119595
        },
        {
            "index": 5,
            "element": "O",
            "charge": -0.5384912846789156,
            "dipole": [
                0.04223169246159167,
                0.06936489398686617,
                0.007600948800270709
            ],
            "quadrupole": [
                [
                    -4.408296972022367,
                    -4.459064578053306,
                    0.0006086610233936955
                ],
                [
                    -4.459064578053306,
                    0.05313482547256296,
                    -4.252026671696126
                ],
                [
                    0.0006086610233936955,
                    -4.252026671696126,
                    -0.011727107906660188
                ]
            ],
            "volume_eff": 25.737016506565705,
            "alpha_iso": 7.6784469135610385,
            "c6_ii": 31.54160950851339,
            "c8_ii": 1380.615557887834,
            "c10_ii": 58193.06865504823,
            "slater_b_init": 32.903481182657224
        },
        {
            "index": 6,
            "element": "C",
            "charge": 0.5893090216852226,
            "dipole": [
                -0.005224693695820414,
                -0.1667810482191558,
                -0.004094185517481718
            ],
            "quadrupole": [
                [
                    -3.5560726961213422,
                    -3.565810609494041,
                    0.0032756856457440355
                ],
                [
                    -3.565810609494041,
                    0.05731745725050987,
                    -3.2411857580584877
                ],
                [
                    0.0032756856457440355,
                    -3.2411857580584877,
                    -0.021947216320117407
                ]
            ],
            "volume_eff": 24.162022286483428,
            "alpha_iso": 7.590164069052385,
            "c6_ii": 18.643427234258596,
            "c8_ii": 397.9729450572263,
            "c10_ii": 10643.77794578329,
            "slater_b_init": 40.77350740523519
        },
        {
            "index": 7,
            "element": "O",
            "charge": -0.5385926207894087,
            "dipole": [
                0.07901846688848621,
                -0.033838524985314485,
                0.0077631665009534395
            ],