{
    "molecule": "DFOB",
    "atoms": [
        {
            "index": 0,
            "element": "F",
            "charge": -0.5374806913667385,
            "dipole": [
                -0.05831614230662891,
                -0.022004983049926534,
                -0.08228945090660644
            ],
            "quadrupole": [
                [
                    -3.9824235773760397,
                    -3.964969614449693,
                    0.003387277149577611
                ],
                [
                    -3.964969614449693,
                    -0.004889398686663794,
                    -3.9771565414625014
                ],
                [
                    0.003387277149577611,
                    -3.9771565414625014,
                    0.0158561045424126
                ]
            ],
            "volume_eff": 21.100808303630842,
            "alpha_iso": 6.626700128412991,
            "c6_ii": 28.8902332841505,
            "c8_ii": 1409.894348081114,
            "c10_ii": 63833.071039933115,
            "slater_b_init": 31.570322816422692
        },
        {
            "index": 1,
            "element": "B",
            "charge": 1.2710209325515254,
            "dipole": [
                -0.02384228003251393,
                -0.006064678501041349,
                0.0009777565683438195
            ],
            "quadrupole": [
                [
                    -2.3726574688769584,
                    -2.3051372260548253,
                    0.0021527751088345932
                ],
                [
                    -2.3051372260548253,
                    -0.01701137219710618,
                    -2.34112909139124
                ],
                [
                    0.0021527751088345932,
                    -2.34112909139124,
                    0.0052046531884322395
                ]
            ],
            "volume_eff": 18.393258807021567,
            "alpha_iso": 8.379151234309825,
            "c6_ii": 16.623230108363753,
            "c8_ii": 322.0508815277603,
            "c10_ii": 4054.2502006635423,
            "slater_b_init": 45.81385754186203
        },
        {
            "index": 2,
            "element": "F",
            "charge": -0.5417129751528371,
            "dipole": [
                -0.04014183403102497,
                -0.013137611051712855,
                0.09598326193815124
            ],
            "quadrupole": [
                [
                    -3.9871561495115366,
                    -3.9750053243874546,
                    -0.0035465015605200107
                ],
                [
                    -3.9750053243874546,
                    -0.002441391140939005,
                    -3.9779463533409385
                ],
                [
                    -0.0035465015605200107,
                    -3.9779463533409385,
                    -0.010994973899503175
                ]
            ],
            "volume_eff": 21.131220806948185,
            "alpha_iso": 6.636251162512654,
            "c6_ii": 28.97357203417799,
            "c8_ii": 1415.319724248011,
            "c10_ii": 64140.26147328046,
            "slater_b_init": 31.555169984203264
        },
        {
            "index": 3,
            "element": "O",
            "charge": -0.6497916742525724,
            "dipole": [
                0.005645947106497847,
                0.1370197154544024,
                -0.011869324127856826
            ],
            "quadrupole": [
                [
                    -4.37867677531443,
                    -4.531366124423337,
                    0.004918916317846066
                ],
                [
                    -4.531366124423337,
                    0.008792194499392714,
                    -4.392561169734455
                ],
                [
                    0.004918916317846066,
                    -4.392561169734455,
                    0.0019436748764202906
                ]
            ],
            "volume_eff": 26.028976486098603,
            "alpha_iso": 7.765550995852622,
            "c6_ii": 32.26128269545018,
            "c8_ii": 1422.7758001561479,
            "c10_ii": 60422.8063714622,
            "slater_b_init": 32.77999517667927
        },
        {
            "index": 4,
            "element": "C",
            "charge": 0.5891578371881936,
            "dipole": [
                -0.06406453633825923,
                0.15195554748969387,
                -0.0060257377433989455
            ],
            "quadrupole": [
                [
                    -3.505185402991427,
                    -3.6020169409847544,
                    -0.006692142848802595
                ],
                [
                    -3.6020169409847544,
                    -0.03404255592559973,
                    -3.241492238640321
                ],
                [
                    -0.006692142848802595,
                    -3.241492238640321,
                    -0.018854294769636716
                ]
            ],
            "volume_eff": 24.112785547519273,
            "alpha_iso": 7.574697030634326,
            "c6_ii": 18.56752247177057,
            "c8_ii": 395.8140054468315,
            "c10_ii": 10571.650962804773,
            "slater_b_init": 40.8012408201198
        },
        {
            "index": 5,
            "element": "O",
            "charge": -0.5384912846789316,
            "dipole": [
                0.04223169246159645,
                0.0693648939868736,
                0.007600948800269224
            ],
            "quadrupole": [
                [
                    -4.408296972022364,
                    -4.459064578053297,
                    0.0006086610233954237
                ],
                [
                    -4.459064578053297,
                    0.05313482547258367,
                    -4.252026671696124
                ],
                [
                    0.0006086610233954237,
                    -4.252026671696124,
                    -0.011727107906657742
                ]
            ],
            "volume_eff": 25.737016506565507,
            "alpha_iso": 7.67844691356098,
            "c6_ii": 31.541609508512906,
            "c8_ii": 1380.615557887806,
            "c10_ii": 58193.068655046736,
            "slater_b_init": 32.90348118265731
        },
        {
            "index": 6,
            "element": "C",
            "charge": 0.5893090216852315,
            "dipole": [
                -0.005224693695818002,
                -0.166781048219152,
                -0.0040941855174864
            ],
            "quadrupole": [
                [
                    -3.5560726961213476,
                    -3.5658106094940805,
                    0.0032756856457481715
                ],
                [
                    -3.5658106094940805,
                    0.05731745725051727,
                    -3.2411857580585015
                ],
                [
                    0.0032756856457481715,
                    -3.2411857580585015,
                    -0.021947216320110687
                ]
            ],
            "volume_eff": 24.162022286483783,
            "alpha_iso": 7.590164069052497,
            "c6_ii": 18.643427234259146,
            "c8_ii": 397.972945057242,
            "c10_ii": 10643.777945783813,
            "slater_b_init": 40.773507405234994
        },
        {
            "index": 7,
            "element": "O",
            "charge": -0.5385926207893981,
            "dipole": [
                0.07901846688849389,
                -0.033838524985304895,
                0.007763166500953987
            ],