{
    "molecule": "FRAG_CCCeqO",
    "atoms": [
        {
            "index": 0,
            "element": "C",
            "charge": -0.38801231117212964,
            "dipole": [
                0.08250999610335003,
                0.05691121256784203,
                0.01727724119735362
            ],
            "quadrupole": [
                [
                    -5.0118654050111875,
                    -5.00861954935364,
                    -0.016640074271065296
                ],
                [
                    -5.00861954935364,
                    -0.02767654996992053,
                    -4.966095747779537
                ],
                [
                    -0.016640074271065296,
                    -4.966095747779537,
                    -0.0030408651712544293
                ]
            ],
            "volume_eff": 37.48539603914729,
            "alpha_iso": 11.775517080360405,
            "c6_ii": 44.872823589996244,
            "c8_ii": 1283.7005984091063,
            "c10_ii": 46010.66910370965,
            "slater_b_init": 35.22100933404665
        },
        {
            "index": 1,
            "element": "C",
            "charge": -0.3562858963268738,
            "dipole": [
                -0.08778040723618838,
                -0.06847892952242968,
                -0.02036376219398272
            ],
            "quadrupole": [
                [
                    -4.946015055214276,
                    -4.909512862898792,
                    -0.05643435703386088
                ],
                [
                    -4.909512862898792,
                    -0.03962433427723909,
                    -4.793837333458736
                ],
                [
                    -0.05643435703386088,
                    -4.793837333458736,
                    0.006536959171480429
                ]
            ],
            "volume_eff": 36.295843861398716,
            "alpha_iso": 11.401835767978653,
            "c6_ii": 42.070045998652866,
            "c8_ii": 1177.9219879934542,
            "c10_ii": 41321.35271287849,
            "slater_b_init": 35.601655983992806
        },
        {
            "index": 2,
            "element": "C",
            "charge": 0.4474041354060212,
            "dipole": [
                -0.029124091317930013,
                -0.07264200396388507,
                -0.030287404388532543
            ],
            "quadrupole": [
                [
                    -3.689800637449097,
                    -3.6619725497399087,
                    -0.14625065447480126
                ],
                [
                    -3.6619725497399087,
                    0.02583362549695407,
                    -3.4169339688290203
                ],
                [
                    -0.14625065447480126,
                    -3.4169339688290203,
                    0.05368412834022936
                ]
            ],
            "volume_eff": 25.083200226814185,
            "alpha_iso": 7.879539338266236,
            "c6_ii": 20.092088420424204,
            "c8_ii": 439.72989003871976,
            "c10_ii": 12057.61335337025,
            "slater_b_init": 40.26813510077113
        },
        {
            "index": 3,
            "element": "O",
            "charge": -0.45659399784930166,
            "dipole": [
                -0.0246850054221087,
                -0.05996947641906953,
                -0.0234857048569455
            ],
            "quadrupole": [
                [
                    -4.321890332175948,
                    -4.240130758552903,
                    -0.07994248585707427
                ],
                [
                    -4.240130758552903,
                    -0.03508511025160742,
                    -4.086861818489045
                ],
                [
                    -0.07994248585707427,
                    -4.086861818489045,
                    0.015527132471803285
                ]
            ],
            "volume_eff": 24.42956676330316,
            "alpha_iso": 7.288379034355639,
            "c6_ii": 28.41835787364827,
            "c8_ii": 1201.4146795012775,
            "c10_ii": 48909.8659942202,
            "slater_b_init": 33.48029895571277
        },
        {
            "index": 4,
            "element": "H",
            "charge": 0.1432439260671916,
            "dipole": [
                0.006429823666778343,
                -0.006849992701716397,
                -0.04962078044281555
            ],
            "quadrupole": [
                [
                    -0.48698070015431383,
                    -0.4897893798756692,
                    -0.0029102251355530356
                ],
                [
                    -0.4897893798756692,
                    0.008110866599337985,
                    -0.4968250570243619
                ],
                [
                    -0.0029102251355530356,
                    -0.4968250570243619,
                    -0.001798652799046411
                ]
            ],
            "volume_eff": 2.771223201044648,
            "alpha_iso": 0.8844329365036111,
            "c6_ii": 0.2510834826973138,
            "c8_ii": 1.6244016805895527,
            "c10_ii": 14.504704027305749,
            "slater_b_init": 68.79800742847789
        },
        {
            "index": 5,
            "element": "H",
            "charge": 0.1434725317895229,
            "dipole": [
                0.014874115160055728,
                -0.04049723458740908,
                0.025810906868564607
            ],
            "quadrupole": [
                [
                    -0.48484500407688563,
                    -0.4955773565879787,
                    0.002768139695828367
                ],
                [
                    -0.4955773565879787,
                    0.005275677069642032,
                    -0.4921036416835563
                ],
                [
                    0.002768139695828367,
                    -0.4921036416835563,
                    0.006123716937559323
                ]
            ],
            "volume_eff": 2.768456060189714,
            "alpha_iso": 0.8835498064435259,
            "c6_ii": 0.25058230582871843,
            "c8_ii": 1.6200799223024118,
            "c10_ii": 14.456482453969675,
            "slater_b_init": 68.82092157031656
        },
        {
            "index": 6,
            "element": "H",
            "charge": 0.12736891240043124,
            "dipole": [
                -0.03727514398231936,
                0.028843225021932987,
                0.017246695982710305
            ],
            "quadrupole": [
                [
                    -0.5106019124224581,
                    -0.5030738840665704,
                    0.0023963007583113205
                ],
                [
                    -0.5030738840665704,
                    0.006865628219950688,
                    -0.5097540088952114
                ],
                [
                    0.0023963007583113205,
                    -0.5097540088952114,
                    0.003351653447273505
                ]
            ],
            "volume_eff": 2.88458431601337,
            "alpha_iso": 0.9206120157489479,
            "c6_ii": 0.27204553792685027,
            "c8_ii": 1.8076931578149829,
            "c10_ii": 16.57860470199827,
            "slater_b_init": 67.88470727057887
        },
        {
            "index": 7,
            "element": "H",
            "charge": 0.15369685447559245,
            "dipole": [
                -0.006686583475644131,
                -0.0033650193913400783,
                0.04936602275895754
            ],