{
    "molecule": "Phos_766",
    "atoms": [
        {
            "index": 0,
            "element": "N",
            "charge": -0.3836265146524811,
            "dipole": [
                -0.06721019512487886,
                -0.004490897647170711,
                -0.08466740154780208
            ],
            "quadrupole": [
                [
                    -4.626370452886002,
                    -4.493007682289384,
                    -0.0167535782906911
                ],
                [
                    -4.493007682289384,
                    -0.010196633607586863,
                    -4.675742991008968
                ],
                [
                    -0.0167535782906911,
                    -4.675742991008968,
                    -0.20363288088749443
                ]
            ],
            "volume_eff": 30.004353220676013,
            "alpha_iso": 8.74142574145679,
            "c6_ii": 33.76886560701904,
            "c8_ii": 1185.0819949084237,
            "c10_ii": 45304.55380393138,
            "slater_b_init": 34.05537366284112
        },
        {
            "index": 1,
            "element": "C",
            "charge": 0.30637805238194105,
            "dipole": [
                0.06794829957184484,
                0.004889074060169791,
                0.03926751824953461
            ],
            "quadrupole": [
                [
                    -3.641616958161959,
                    -3.5433564267972835,
                    -0.015013795613722899
                ],
                [
                    -3.5433564267972835,
                    -0.009036940195031595,
                    -3.728534647147395
                ],
                [
                    -0.015013795613722899,
                    -3.728534647147395,
                    -0.17446228598887786
                ]
            ],
            "volume_eff": 24.901514268951864,
            "alpha_iso": 7.822465215377548,
            "c6_ii": 19.802075217596485,
            "c8_ii": 431.2874498588527,
            "c10_ii": 11768.941260584925,
            "slater_b_init": 40.365832414323165
        },
        {
            "index": 2,
            "element": "C",
            "charge": 0.008194765486733147,
            "dipole": [
                0.13476240291285516,
                0.018000632263256745,
                -0.12512638973105633
            ],
            "quadrupole": [
                [
                    -4.212532521057637,
                    -4.230832968664323,
                    0.00040907841570954036
                ],
                [
                    -4.230832968664323,
                    -0.005772808026317171,
                    -4.272503129721442
                ],
                [
                    0.00040907841570954036,
                    -4.272503129721442,
                    -0.10176828421330834
                ]
            ],
            "volume_eff": 30.345372975474593,
            "alpha_iso": 9.532577898054845,
            "c6_ii": 29.406555058498206,
            "c8_ii": 730.7094884551676,
            "c10_ii": 22748.868638876953,
            "slater_b_init": 37.79128611153225
        },
        {
            "index": 3,
            "element": "O",
            "charge": -0.5653211477768707,
            "dipole": [
                -0.16344966594108196,
                -0.03648617930818594,
                -0.12921464191497034
            ],
            "quadrupole": [
                [
                    -4.228619816684011,
                    -4.2362764108077995,
                    -0.004137582219880716
                ],
                [
                    -4.2362764108077995,
                    0.002115941548639238,
                    -4.269803990000051
                ],
                [
                    -0.004137582219880716,
                    -4.269803990000051,
                    -0.03264332169068561
                ]
            ],
            "volume_eff": 24.35486990356487,
            "alpha_iso": 7.266093783383995,
            "c6_ii": 28.244837254983942,
            "c8_ii": 1191.6436350288711,
            "c10_ii": 48413.14570061707,
            "slater_b_init": 33.514492265035614
        },
        {
            "index": 4,
            "element": "P",
            "charge": 1.7760708996975403,
            "dipole": [
                0.01481765289885379,
                0.07207274401594704,
                -0.010763656487062855
            ],
            "quadrupole": [
                [
                    -6.180508553788722,
                    -6.237537020761839,
                    0.09416887999518311
                ],
                [
                    -6.237537020761839,
                    0.002485403579761166,
                    -6.13496351169747
                ],
                [
                    0.09416887999518311,
                    -6.13496351169747,
                    0.011925957407488752
                ]
            ],
            "volume_eff": 49.14847163841012,
            "alpha_iso": 18.903258322465433,
            "c6_ii": 105.77061986093416,
            "c8_ii": 3321.664778849855,
            "c10_ii": 59076.32362163016,
            "slater_b_init": 36.22277512190302
        },
        {
            "index": 5,
            "element": "O",
            "charge": -0.8369900265997536,
            "dipole": [
                -0.01453058095433667,
                -0.21556704402412136,
                0.2734417722898441
            ],
            "quadrupole": [
                [
                    -4.718068796180131,
                    -4.712230656271995,
                    0.027464819957378813
                ],
                [
                    -4.712230656271995,
                    -0.009251126530557693,
                    -4.735117844387228
                ],
                [
                    0.027464819957378813,
                    -4.735117844387228,
                    0.00441588700505852
                ]
            ],
            "volume_eff": 28.05993837396005,
            "alpha_iso": 8.371473327037805,
            "c6_ii": 37.49219562341442,
            "c8_ii": 1738.3963222789516,
            "c10_ii": 77618.68817175018,
            "slater_b_init": 31.969242410996088
        },
        {
            "index": 6,
            "element": "O",
            "charge": -0.5480441429727101,
            "dipole": [
                0.17925793279899038,
                -0.05115016425204996,
                -0.10456602665651137
            ],
            "quadrupole": [
                [
                    -4.218496810852039,
                    -4.199532996367865,
                    0.017289531552501014
                ],
                [
                    -4.199532996367865,
                    -0.014699184857479945,
                    -4.206807363256156
                ],
                [
                    0.017289531552501014,
                    -4.206807363256156,
                    0.03142094127874387
                ]
            ],
            "volume_eff": 24.038685934220602,
            "alpha_iso": 7.171762654408356,
            "c6_ii": 27.516227754121932,
            "c8_ii": 1150.8343671404705,
            "c10_ii": 46349.63662181793,
            "slater_b_init": 33.66079285247852
        },
        {
            "index": 7,
            "element": "C",
            "charge": 0.023995247263161268,
            "dipole": [
                0.0019284699160947835,
                0.19144060870326066,
                0.00153402703078818
            ],