{
    "molecule": "DFEA",
    "atoms": [
        {
            "index": 0,
            "element": "C",
            "charge": -0.5135776750816685,
            "dipole": [
                0.02233417198255776,
                -0.035013623590444666,
                -0.0026022328846872565
            ],
            "quadrupole": [
                [
                    -5.177080616063301,
                    -5.2599593923976355,
                    -0.011441318103855276
                ],
                [
                    -5.2599593923976355,
                    0.027148833493022873,
                    -5.180276339994224
                ],
                [
                    -0.011441318103855276,
                    -5.180276339994224,
                    0.015919027214327305
                ]
            ],
            "volume_eff": 39.3013872954801,
            "alpha_iso": 12.34598553784715,
            "c6_ii": 49.32589253315323,
            "c8_ii": 1456.3054767005087,
            "c10_ii": 53869.68956685792,
            "slater_b_init": 34.66994918073219
        },
        {
            "index": 1,
            "element": "C",
            "charge": 0.10532080465742322,
            "dipole": [
                0.1267255586252192,
                0.07472420504247564,
                0.04461976128144789
            ],
            "quadrupole": [
                [
                    -4.024480103872997,
                    -4.240299994268313,
                    -0.011503622442975594
                ],
                [
                    -4.240299994268313,
                    0.014130515840262276,
                    -4.112752850290784
                ],
                [
                    -0.011503622442975594,
                    -4.112752850290784,
                    0.030723919578014385
                ]
            ],
            "volume_eff": 29.65995612649929,
            "alpha_iso": 9.317263704659462,
            "c6_ii": 28.093134563228258,
            "c8_ii": 687.5212809130677,
            "c10_ii": 21080.773946237055,
            "slater_b_init": 38.08018040845164
        },
        {
            "index": 2,
            "element": "O",
            "charge": -0.364689858704768,
            "dipole": [
                -0.09898332794213105,
                0.00739813319539804,
                -0.01179646819155809
            ],
            "quadrupole": [
                [
                    -3.9977427484998285,
                    -4.0049705722537565,
                    0.00985349417386764
                ],
                [
                    -4.0049705722537565,
                    -0.007033178767153918,
                    -4.049132205926246
                ],
                [
                    0.00985349417386764,
                    -4.049132205926246,
                    -0.02419896312795846
                ]
            ],
            "volume_eff": 22.784090401902937,
            "alpha_iso": 6.7974634348218705,
            "c6_ii": 24.718996663400176,
            "c8_ii": 997.5517018391279,
            "c10_ii": 38765.873359139274,
            "slater_b_init": 34.267625919957084
        },
        {
            "index": 3,
            "element": "C",
            "charge": 0.6214329157163023,
            "dipole": [
                -0.12241793379351648,
                -0.02231075332552784,
                -0.004772025209641487
            ],
            "quadrupole": [
                [
                    -3.467817296793181,
                    -3.1597632120494277,
                    0.054606116371106315
                ],
                [
                    -3.1597632120494277,
                    -0.03729342337241095,
                    -3.413367345979568
                ],
                [
                    0.054606116371106315,
                    -3.413367345979568,
                    -0.061346495638195345
                ]
            ],
            "volume_eff": 23.071883602604807,
            "alpha_iso": 7.247712126472713,
            "c6_ii": 16.99907519290996,
            "c8_ii": 351.8732666359699,
            "c10_ii": 9125.605923356541,
            "slater_b_init": 41.40582872243096
        },
        {
            "index": 4,
            "element": "O",
            "charge": -0.5066019181766812,
            "dipole": [
                -0.04691139536725289,
                0.01712325023970172,
                -0.09047338172389653
            ],
            "quadrupole": [
                [
                    -4.342908163337364,
                    -4.160713436749539,
                    0.03117717117246253
                ],
                [
                    -4.160713436749539,
                    -0.02049681097903158,
                    -4.275348323064688
                ],
                [
                    0.03117717117246253,
                    -4.275348323064688,
                    -0.0037573780491536933
                ]
            ],
            "volume_eff": 24.689473930717746,
            "alpha_iso": 7.365920399219658,
            "c6_ii": 29.026262685568877,
            "c8_ii": 1235.8026544346371,
            "c10_ii": 50666.01063822059,
            "slater_b_init": 33.36240142352483
        },
        {
            "index": 5,
            "element": "C",
            "charge": 0.302812716757348,
            "dipole": [
                0.15281908989815587,
                -0.12894679753569072,
                -0.0002701586296480311
            ],
            "quadrupole": [
                [
                    -4.021894209223191,
                    -3.903757621843505,
                    -0.030174953141071856
                ],
                [
                    -3.903757621843505,
                    -0.008053141756492382,
                    -3.8635688876754775
                ],
                [
                    -0.030174953141071856,
                    -3.8635688876754775,
                    -0.0576242978132442
                ]
            ],
            "volume_eff": 28.290553474016946,
            "alpha_iso": 8.88708486094773,
            "c6_ii": 25.558895301229054,
            "c8_ii": 606.0967912936277,
            "c10_ii": 18007.62136539341,
            "slater_b_init": 38.68494799005741
        },
        {
            "index": 6,
            "element": "F",
            "charge": -0.21093701319703229,
            "dipole": [
                0.0024266876791576445,
                -0.011525634452223014,
                -0.0035959443587194797
            ],
            "quadrupole": [
                [
                    -3.514494708898882,
                    -3.5590874587491688,
                    0.0029635528971207227
                ],
                [
                    -3.5590874587491688,
                    -0.009392735959940864,
                    -3.506385343935085
                ],
                [
                    0.0029635528971207227,
                    -3.506385343935085,
                    -0.04395662580810636
                ]
            ],
            "volume_eff": 17.778997328258622,
            "alpha_iso": 5.583486764246509,
            "c6_ii": 20.510081872707868,
            "c8_ii": 892.911390817201,
            "c10_ii": 36063.92416922185,
            "slater_b_init": 33.42537578332699
        },
        {
            "index": 7,
            "element": "F",
            "charge": -0.2168045252214199,
            "dipole": [
                0.002767278915771307,
                -0.010321062486243213,
                -0.003918407728699396
            ],