{
    "molecule": "Sulf_448",
    "atoms": [
        {
            "index": 0,
            "element": "C",
            "charge": -0.35645040181996457,
            "dipole": [
                0.10849558908985968,
                -0.0280435393899625,
                0.006920235514709024
            ],
            "quadrupole": [
                [
                    -4.907509745152019,
                    -4.841408022290935,
                    -0.004662289665297884
                ],
                [
                    -4.841408022290935,
                    0.01361412348651401,
                    -4.848594812576932
                ],
                [
                    -0.004662289665297884,
                    -4.848594812576932,
                    -0.0034172251535047322
                ]
            ],
            "volume_eff": 35.96564040798099,
            "alpha_iso": 11.29810693444429,
            "c6_ii": 41.30805879221971,
            "c8_ii": 1149.561635333707,
            "c10_ii": 40081.521248013916,
            "slater_b_init": 35.710278130543216
        },
        {
            "index": 1,
            "element": "C",
            "charge": -0.4365964636219184,
            "dipole": [
                -0.13957670792140742,
                0.013851217495847728,
                0.0009578903462298318
            ],
            "quadrupole": [
                [
                    -5.163763757171578,
                    -5.017897182455284,
                    0.03395645547414905
                ],
                [
                    -5.017897182455284,
                    0.017912432981202046,
                    -4.96679804688493
                ],
                [
                    0.03395645547414905,
                    -4.96679804688493,
                    0.0035877774321316416
                ]
            ],
            "volume_eff": 37.79264154510237,
            "alpha_iso": 11.872033993225875,
            "c6_ii": 45.61142990938944,
            "c8_ii": 1311.9505408655104,
            "c10_ii": 47279.80732612884,
            "slater_b_init": 35.125303265440074
        },
        {
            "index": 2,
            "element": "S",
            "charge": 0.9910621087575766,
            "dipole": [
                -0.12078482303541561,
                0.1859107573896887,
                -0.08745476569611217
            ],
            "quadrupole": [
                [
                    -8.059405857921995,
                    -8.110057256463653,
                    -0.007904617273504938
                ],
                [
                    -8.110057256463653,
                    0.05755444835991089,
                    -8.113583099051723
                ],
                [
                    -0.007904617273504938,
                    -8.113583099051723,
                    -0.03549042612881435
                ]
            ],
            "volume_eff": 63.24495486289288,
            "alpha_iso": 16.484057384477403,
            "c6_ii": 94.78091371443067,
            "c8_ii": 2520.856446916614,
            "c10_ii": 67381.61262438327,
            "slater_b_init": 36.01993307668117
        },
        {
            "index": 3,
            "element": "O",
            "charge": -0.5315153835721116,
            "dipole": [
                -0.0573678136260486,
                0.027620848069665374,
                -0.16499540600282125
            ],
            "quadrupole": [
                [
                    -4.216905762392962,
                    -4.214197227740159,
                    0.007901722498128828
                ],
                [
                    -4.214197227740159,
                    0.001887807759471355,
                    -4.2543657886821915
                ],
                [
                    0.007901722498128828,
                    -4.2543657886821915,
                    -0.006820319541456975
                ]
            ],
            "volume_eff": 24.1950416053166,
            "alpha_iso": 7.21841020269114,
            "c6_ii": 27.875341403543292,
            "c8_ii": 1170.9038181366861,
            "c10_ii": 47362.19625274223,
            "slater_b_init": 33.5881273593705
        },
        {
            "index": 4,
            "element": "O",
            "charge": -0.5298766031270592,
            "dipole": [
                -0.04185215679488172,
                0.14728789303506326,
                0.08138176382865607
            ],
            "quadrupole": [
                [
                    -4.212941172104966,
                    -4.243259911766948,
                    -0.012745061362777628
                ],
                [
                    -4.243259911766948,
                    0.0033667838562761836,
                    -4.218368292130825
                ],
                [
                    -0.012745061362777628,
                    -4.218368292130825,
                    0.0018012897806249433
                ]
            ],
            "volume_eff": 24.16548561465991,
            "alpha_iso": 7.209592393323952,
            "c6_ii": 27.807279514912324,
            "c8_ii": 1167.0934503667474,
            "c10_ii": 47169.61647628053,
            "slater_b_init": 33.60181528249627
        },
        {
            "index": 5,
            "element": "C",
            "charge": 0.5673167366782614,
            "dipole": [
                0.19181749082574792,
                -0.08942723753558189,
                0.03064130360758217
            ],
            "quadrupole": [
                [
                    -3.8266017972746598,
                    -3.656068964364936,
                    0.017149858924247835
                ],
                [
                    -3.656068964364936,
                    0.08583635167464207,
                    -3.630275318738689
                ],
                [
                    0.017149858924247835,
                    -3.630275318738689,
                    -0.03290434970821053
                ]
            ],
            "volume_eff": 26.928587616901847,
            "alpha_iso": 8.459242183319951,
            "c6_ii": 23.157215760613763,
            "c8_ii": 531.3748585278314,
            "c10_ii": 15276.720127735878,
            "slater_b_init": 39.32644055693704
        },
        {
            "index": 6,
            "element": "F",
            "charge": -0.17966319582004786,
            "dipole": [
                0.0343096260219305,
                0.02176121567998715,
                -0.012868823360026437
            ],
            "quadrupole": [
                [
                    -3.4497723436356087,
                    -3.4613925233504683,
                    -0.016859046029949813
                ],
                [
                    -3.4613925233504683,
                    0.030276969550863505,
                    -3.4825047726462253
                ],
                [
                    -0.016859046029949813,
                    -3.4825047726462253,
                    -0.01742423856503049
                ]
            ],
            "volume_eff": 17.271157108353957,
            "alpha_iso": 5.42399975303678,
            "c6_ii": 19.355114026936214,
            "c8_ii": 826.5062656077268,
            "c10_ii": 32743.13169688385,
            "slater_b_init": 33.74982887498908
        },
        {
            "index": 7,
            "element": "F",
            "charge": -0.19557280482979245,
            "dipole": [
                0.013062104703285858,
                -0.03523766678152472,
                -0.021606006343634125
            ],