{
    "molecule": "FRAG_C_F__F_F",
    "atoms": [
        {
            "index": 0,
            "element": "C",
            "charge": 0.7347368126444067,
            "dipole": [
                -0.009654610810265661,
                0.0007935740263847306,
                -0.15957628027765852
            ],
            "quadrupole": [
                [
                    -3.325170010327923,
                    -3.325505149896167,
                    -0.0006394189364682349
                ],
                [
                    -3.325505149896167,
                    0.0003558274259851397,
                    -3.4040513385572226
                ],
                [
                    -0.0006394189364682349,
                    -3.4040513385572226,
                    -0.0036845886181894522
                ]
            ],
            "volume_eff": 23.64383665982013,
            "alpha_iso": 7.427383243922553,
            "c6_ii": 17.852337627138407,
            "c8_ii": 375.6176591724596,
            "c10_ii": 9901.736655289822,
            "slater_b_init": 41.06922572213548
        },
        {
            "index": 1,
            "element": "F",
            "charge": -0.2644470133974508,
            "dipole": [
                0.042200286805881344,
                -0.021199654244803256,
                -0.039765731829191256
            ],
            "quadrupole": [
                [
                    -3.5491293754804847,
                    -3.588024928007144,
                    0.00967979138802907
                ],
                [
                    -3.588024928007144,
                    -0.0259976648441324,
                    -3.6120471962005802
                ],
                [
                    0.00967979138802907,
                    -3.6120471962005802,
                    -0.01937999462793917
                ]
            ],
            "volume_eff": 18.159923373425848,
            "alpha_iso": 5.70311643132382,
            "c6_ii": 21.3983796244972,
            "c8_ii": 944.8430841848705,
            "c10_ii": 38704.560279863435,
            "slater_b_init": 33.190009967478105
        },
        {
            "index": 2,
            "element": "F",
            "charge": -0.2640701214325798,
            "dipole": [
                -0.005017744330474541,
                0.04828984526255042,
                -0.037007206496268714
            ],
            "quadrupole": [
                [
                    -3.599890298473691,
                    -3.531568599626895,
                    -0.016862248921025627
                ],
                [
                    -3.531568599626895,
                    -0.006435157063716851,
                    -3.6147650467791013
                ],
                [
                    -0.016862248921025627,
                    -3.6147650467791013,
                    0.0011103630215368555
                ]
            ],
            "volume_eff": 18.150628694347738,
            "alpha_iso": 5.700197441200116,
            "c6_ii": 21.3764808346476,
            "c8_ii": 943.5540526120452,
            "c10_ii": 38638.56666422039,
            "slater_b_init": 33.19567437821837
        },
        {
            "index": 3,
            "element": "F",
            "charge": -0.26275625602151464,
            "dipole": [
                -0.04002820232380542,
                -0.025255170577073226,
                -0.034308992685656695
            ],
            "quadrupole": [
                [
                    -3.5485298735093314,
                    -3.577082237991391,
                    0.009433221022393619
                ],
                [
                    -3.577082237991391,
                    0.03486179030889701,
                    -3.614474156203157
                ],
                [
                    0.009433221022393619,
                    -3.614474156203157,
                    0.012851176911326936
                ]
            ],
            "volume_eff": 18.138006126193538,
            "alpha_iso": 5.696233328887226,
            "c6_ii": 21.346759300740565,
            "c8_ii": 941.8052538054593,
            "c10_ii": 38549.07070853896,
            "slater_b_init": 33.20337308366847
        },
        {
            "index": 4,
            "element": "H",
            "charge": 0.05488794924282425,
            "dipole": [
                0.005728290144534899,
                -0.0005125802253515549,
                0.10514987872316503
            ],
            "quadrupole": [
                [
                    -0.5226519091791991,
                    -0.5225634589184643,
                    0.00012761221548037482
                ],
                [
                    -0.5225634589184643,
                    -1.493742795815237e-05,
                    -0.5312711925828421
                ],
                [
                    0.00012761221548037482,
                    -0.5312711925828421,
                    -0.0003662823899629311
                ]
            ],
            "volume_eff": 2.9003175121509384,
            "alpha_iso": 0.9256332485588101,
            "c6_ii": 0.27502123063920914,
            "c8_ii": 1.83410502024417,
            "c10_ii": 16.88193925160268,
            "slater_b_init": 67.76173446919871
        }
    ]
}