{
    "molecule": "LCarb_93",
    "atoms": [
        {
            "index": 0,
            "element": "C",
            "charge": -0.37136010818709586,
            "dipole": [
                0.024339270429518785,
                0.02727384550336274,
                0.02650572667965022
            ],
            "quadrupole": [
                [
                    -5.068874541670733,
                    -5.091681908601449,
                    -0.04368409846176328
                ],
                [
                    -5.091681908601449,
                    -0.030485691864172486,
                    -5.0021968137403015
                ],
                [
                    -0.04368409846176328,
                    -5.0021968137403015,
                    -0.08873427939384561
                ]
            ],
            "volume_eff": 38.219854794248086,
            "alpha_iso": 12.006237108140759,
            "c6_ii": 46.64845412885668,
            "c8_ii": 1351.8719429841226,
            "c10_ii": 49084.94546228289,
            "slater_b_init": 34.993938245176345
        },
        {
            "index": 1,
            "element": "C",
            "charge": -0.15103324819433617,
            "dipole": [
                -0.06219149218595463,
                -0.00033579670345632403,
                -0.014861830738093242
            ],
            "quadrupole": [
                [
                    -4.6174868025445095,
                    -4.640779823597476,
                    -0.0300069951122595
                ],
                [
                    -4.640779823597476,
                    0.00033319488432278013,
                    -4.55498670701169
                ],
                [
                    -0.0300069951122595,
                    -4.55498670701169,
                    -0.12689175406788714
                ]
            ],
            "volume_eff": 34.05531600589178,
            "alpha_iso": 10.698005028028831,
            "c6_ii": 37.03642166399601,
            "c8_ii": 993.8585376493988,
            "c10_ii": 33414.47065070346,
            "slater_b_init": 36.36588774510258
        },
        {
            "index": 2,
            "element": "C",
            "charge": 0.0652923832353931,
            "dipole": [
                -0.08052610282154588,
                -0.08782492171302168,
                0.09179727580876239
            ],
            "quadrupole": [
                [
                    -4.17188127021323,
                    -4.206223748866577,
                    0.02908476621834561
                ],
                [
                    -4.206223748866577,
                    0.0774458090051887,
                    -4.195099308457814
                ],
                [
                    0.02908476621834561,
                    -4.195099308457814,
                    -0.07081414496122983
                ]
            ],
            "volume_eff": 30.27351227816321,
            "alpha_iso": 9.51000385701462,
            "c6_ii": 29.26744499025122,
            "c8_ii": 726.1042195946494,
            "c10_ii": 22569.792697622812,
            "slater_b_init": 37.82116440033568
        },
        {
            "index": 3,
            "element": "O",
            "charge": -0.41335243482411066,
            "dipole": [
                0.10732711193516567,
                -0.0034580127385459942,
                0.011268938986723535
            ],
            "quadrupole": [
                [
                    -4.025096885262922,
                    -4.100128430227815,
                    0.023863659206876203
                ],
                [
                    -4.100128430227815,
                    0.007090659720680445,
                    -4.093885528969612
                ],
                [
                    0.023863659206876203,
                    -4.093885528969612,
                    -0.003455519167594067
                ]
            ],
            "volume_eff": 23.178538091986493,
            "alpha_iso": 6.915143961145142,
            "c6_ii": 25.582296627313063,
            "c8_ii": 1044.2720856302865,
            "c10_ii": 41048.50944753928,
            "slater_b_init": 34.07212618093455
        },
        {
            "index": 4,
            "element": "C",
            "charge": 0.983480143965183,
            "dipole": [
                -0.0022340246832486033,
                -0.03144783105807771,
                0.03091347004946058
            ],
            "quadrupole": [
                [
                    -2.911199431738139,
                    -2.857038919116714,
                    0.0915648550862768
                ],
                [
                    -2.857038919116714,
                    0.0012443476933573343,
                    -2.8421937324697453
                ],
                [
                    0.0915648550862768,
                    -2.8421937324697453,
                    -0.0033981327351033574
                ]
            ],
            "volume_eff": 19.291073589503146,
            "alpha_iso": 6.060023117121407,
            "c6_ii": 11.884255669375948,
            "c8_ii": 218.33089480637506,
            "c10_ii": 5025.425773592207,
            "slater_b_init": 43.95116245012749
        },
        {
            "index": 5,
            "element": "O",
            "charge": -0.6408275969880961,
            "dipole": [
                -0.0007576780878032313,
                0.12278161235595167,
                -0.11559057475086953
            ],
            "quadrupole": [
                [
                    -4.497793458631748,
                    -4.413963238723096,
                    0.04688953720000835
                ],
                [
                    -4.413963238723096,
                    -0.0008258783001297206,
                    -4.407359192907041
                ],
                [
                    0.04688953720000835,
                    -4.407359192907041,
                    -0.0017964846290727042
                ]
            ],
            "volume_eff": 26.05864015432835,
            "alpha_iso": 7.774400930020613,
            "c6_ii": 32.33485710572715,
            "c8_ii": 1427.103780943909,
            "c10_ii": 60652.64590933942,
            "slater_b_init": 32.76755216232643
        },
        {
            "index": 6,
            "element": "O",
            "charge": -0.3663304984785789,
            "dipole": [
                -0.10320959086449674,
                -0.015818071894730196,
                0.01316652869415485
            ],
            "quadrupole": [
                [
                    -3.948786269645223,
                    -4.012445526832242,
                    0.03113102442902906
                ],
                [
                    -4.012445526832242,
                    0.009530696046074202,
                    -4.008320337895159
                ],
                [
                    0.03113102442902906,
                    -4.008320337895159,
                    -0.007249784086651056
                ]
            ],
            "volume_eff": 22.493785096427313,
            "alpha_iso": 6.710853012193783,
            "c6_ii": 24.09309160356028,
            "c8_ii": 964.0162125655686,
            "c10_ii": 37143.74828839488,
            "slater_b_init": 34.41441581646897
        },
        {
            "index": 7,
            "element": "C",
            "charge": 0.13734575433703355,
            "dipole": [
                0.16539292822252252,
                -0.0646615481877196,
                0.06385849269467475
            ],