{
    "molecule": "FRAG_CCeqO",
    "atoms": [
        {
            "index": 0,
            "element": "C",
            "charge": -0.6030283442212889,
            "dipole": [
                0.0033512293723063236,
                -0.024011180191377313,
                -0.005472569287981398
            ],
            "quadrupole": [
                [
                    -5.3615132833037515,
                    -5.308137810625567,
                    -0.023354460928288783
                ],
                [
                    -5.308137810625567,
                    -0.026491388774587066,
                    -5.216755363802423
                ],
                [
                    -0.023354460928288783,
                    -5.216755363802423,
                    -0.006412399019487058
                ]
            ],
            "volume_eff": 39.85219782928139,
            "alpha_iso": 12.519015024905148,
            "c6_ii": 50.718189952993875,
            "c8_ii": 1511.3702669199079,
            "c10_ii": 56427.71472454168,
            "slater_b_init": 34.50947927657468
        },
        {
            "index": 1,
            "element": "C",
            "charge": 0.49390362781875385,
            "dipole": [
                0.0027508750493696814,
                -0.06523061316179053,
                -0.016309298125631224
            ],
            "quadrupole": [
                [
                    -3.6557828265829406,
                    -3.576954227036065,
                    -0.0791131575942534
                ],
                [
                    -3.576954227036065,
                    0.008527556407044546,
                    -3.282776165539632
                ],
                [
                    -0.0791131575942534,
                    -3.282776165539632,
                    0.0016649972559497788
                ]
            ],
            "volume_eff": 24.300508845003595,
            "alpha_iso": 7.633667700001129,
            "c6_ii": 18.85775227096034,
            "c8_ii": 404.08473812502666,
            "c10_ii": 10848.493404010502,
            "slater_b_init": 40.69590487007098
        },
        {
            "index": 2,
            "element": "O",
            "charge": -0.47398795858309484,
            "dipole": [
                0.028724316371299893,
                -0.06982563067598357,
                -0.01756633234455216
            ],
            "quadrupole": [
                [
                    -4.332896507700708,
                    -4.323928307314268,
                    -0.06482196779796223
                ],
                [
                    -4.323928307314268,
                    -0.043160516662291495,
                    -4.081436210695046
                ],
                [
                    -0.06482196779796223,
                    -4.081436210695046,
                    -0.010786789013172059
                ]
            ],
            "volume_eff": 24.661389616160868,
            "alpha_iso": 7.357541653440259,
            "c6_ii": 28.960265406066227,
            "c8_ii": 1232.0576004556813,
            "c10_ii": 50474.15657084826,
            "slater_b_init": 33.37506095253294
        },
        {
            "index": 3,
            "element": "H",
            "charge": 0.18159341324886502,
            "dipole": [
                -0.012095495754300146,
                0.025454812733067603,
                -0.03439511697707775
            ],
            "quadrupole": [
                [
                    -0.45316800701418625,
                    -0.4582296740995175,
                    0.001850836862984278
                ],
                [
                    -0.4582296740995175,
                    0.00414515160312234,
                    -0.4568166074507024
                ],
                [
                    0.001850836862984278,
                    -0.4568166074507024,
                    -0.0031339279288534324
                ]
            ],
            "volume_eff": 2.528978956549171,
            "alpha_iso": 0.8071209435795226,
            "c6_ii": 0.20910555131706385,
            "c8_ii": 1.272789708213316,
            "c10_ii": 10.692712806184367,
            "slater_b_init": 70.92803969422803
        },
        {
            "index": 4,
            "element": "H",
            "charge": 0.18910891323123424,
            "dipole": [
                -0.0040433142485949165,
                -0.04239202083346163,
                -0.010616604564308877
            ],
            "quadrupole": [
                [
                    -0.4415885921075151,
                    -0.4500973489567065,
                    -0.001966695994428133
                ],
                [
                    -0.4500973489567065,
                    -0.0031911144133336933,
                    -0.44328011026311165
                ],
                [
                    -0.001966695994428133,
                    -0.44328011026311165,
                    -0.0008361525380992387
                ]
            ],
            "volume_eff": 2.452833920652665,
            "alpha_iso": 0.78281933637851,
            "c6_ii": 0.1967031968964242,
            "c8_ii": 1.173143474502177,
            "c10_ii": 9.656750154069334,
            "slater_b_init": 71.65452934276415
        },
        {
            "index": 5,
            "element": "H",
            "charge": 0.18137883937365018,
            "dipole": [
                -0.012396202743491744,
                0.006500218919832316,
                0.042459028567737346
            ],
            "quadrupole": [
                [
                    -0.4532253824304242,
                    -0.45662733849884213,
                    -0.0017312856194101626
                ],
                [
                    -0.45662733849884213,
                    0.002301352663082833,
                    -0.4590670790025863
                ],
                [
                    -0.0017312856194101626,
                    -0.4590670790025863,
                    0.0049794360682273815
                ]
            ],
            "volume_eff": 2.5302595613532857,
            "alpha_iso": 0.8075296472404103,
            "c6_ii": 0.20931737543799706,
            "c8_ii": 1.2745091146274123,
            "c10_ii": 10.710771781642258,
            "slater_b_init": 70.91607173677491
        },
        {
            "index": 6,
            "element": "H",
            "charge": 0.02607130372524713,
            "dipole": [
                0.030891371155089647,
                0.06707994231184401,
                0.016807768014192388
            ],
            "quadrupole": [
                [
                    -0.5843738766658141,
                    -0.6087753023244578,
                    -0.0024952550949399518
                ],
                [
                    -0.6087753023244578,
                    -0.010811156393597797,
                    -0.6000220126507754
                ],
                [
                    -0.0024952550949399518,
                    -0.6000220126507754,
                    -0.0027696210733279382
                ]
            ],
            "volume_eff": 3.5094156109468306,
            "alpha_iso": 1.1200262588128185,
            "c6_ii": 0.4026657942121753,
            "c8_ii": 3.049267719941957,
            "c10_ii": 31.870327696978315,
            "slater_b_init": 63.589893017956605
        }
    ]
}