{
    "molecule": "Est_373",
    "atoms": [
        {
            "index": 0,
            "element": "C",
            "charge": -0.19835918769985206,
            "dipole": [
                0.11220015330534391,
                0.02717786472948623,
                0.017583309990573604
            ],
            "quadrupole": [
                [
                    -4.832877014932154,
                    -4.579378641387668,
                    -0.04209042034175575
                ],
                [
                    -4.579378641387668,
                    -0.08227888953493916,
                    -4.4811626205896085
                ],
                [
                    -0.04209042034175575,
                    -4.4811626205896085,
                    -0.05652444579548842
                ]
            ],
            "volume_eff": 33.796083624889015,
            "alpha_iso": 10.616570772216443,
            "c6_ii": 36.47471800836798,
            "c8_ii": 973.8120335376053,
            "c10_ii": 32574.127393336294,
            "slater_b_init": 36.45863235805924
        },
        {
            "index": 1,
            "element": "C",
            "charge": -0.17154900500849912,
            "dipole": [
                -0.09914873329951066,
                -0.05055006686971537,
                -0.02377253930121064
            ],
            "quadrupole": [
                [
                    -4.733497023903348,
                    -4.380730756089538,
                    -0.01694399947621152
                ],
                [
                    -4.380730756089538,
                    -0.14264179184024395,
                    -4.377205057954209
                ],
                [
                    -0.01694399947621152,
                    -4.377205057954209,
                    -0.07434374131348657
                ]
            ],
            "volume_eff": 32.50869312843127,
            "alpha_iso": 10.212154909454847,
            "c6_ii": 33.74879047148019,
            "c8_ii": 878.0046780089848,
            "c10_ii": 28618.70030239576,
            "slater_b_init": 36.933686771040705
        },
        {
            "index": 2,
            "element": "C",
            "charge": 0.8143830083605312,
            "dipole": [
                -0.060872723757532936,
                0.03443808159391252,
                0.005598434905041608
            ],
            "quadrupole": [
                [
                    -3.1110674614058498,
                    -3.047167091665323,
                    -0.058775153199653665
                ],
                [
                    -3.047167091665323,
                    -0.03071506712072578,
                    -2.8810300835588447
                ],
                [
                    -0.058775153199653665,
                    -2.8810300835588447,
                    -0.03161539702025555
                ]
            ],
            "volume_eff": 20.140907184668816,
            "alpha_iso": 6.326986550157743,
            "c6_ii": 12.954398335790742,
            "c8_ii": 244.93012774800067,
            "c10_ii": 5802.052185604682,
            "slater_b_init": 43.324093983698084
        },
        {
            "index": 3,
            "element": "O",
            "charge": -0.5084787672315088,
            "dipole": [
                -0.0013506468522137248,
                -0.13636105068566057,
                -0.04213922104100825
            ],
            "quadrupole": [
                [
                    -4.305287529143054,
                    -4.251070538835162,
                    -0.04572686938281836
                ],
                [
                    -4.251070538835162,
                    0.0027457373427263346,
                    -4.120388543107279
                ],
                [
                    -0.04572686938281836,
                    -4.120388543107279,
                    -0.017553663126618355
                ]
            ],
            "volume_eff": 24.317297747032956,
            "alpha_iso": 7.254884410717015,
            "c6_ii": 28.157758089186906,
            "c8_ii": 1186.74768528608,
            "c10_ii": 48164.63760524344,
            "slater_b_init": 33.5317442337272
        },
        {
            "index": 4,
            "element": "O",
            "charge": -0.48466304380111325,
            "dipole": [
                0.04930780197752031,
                0.0792090176117885,
                0.02870305099821607
            ],
            "quadrupole": [
                [
                    -4.110786699488708,
                    -4.124798211607731,
                    -0.011902018439133692
                ],
                [
                    -4.124798211607731,
                    0.006261400857746817,
                    -4.090969226374632
                ],
                [
                    -0.011902018439133692,
                    -4.090969226374632,
                    0.0009505706486088039
                ]
            ],
            "volume_eff": 23.297874332057702,
            "alpha_iso": 6.950747038293458,
            "c6_ii": 25.846399056563314,
            "c8_ii": 1058.671014130113,
            "c10_ii": 41757.22055398255,
            "slater_b_init": 34.0138518859929
        },
        {
            "index": 5,
            "element": "C",
            "charge": 1.1176350539801163,
            "dipole": [
                -0.011470068963671453,
                0.005343358706404575,
                0.000793927251749745
            ],
            "quadrupole": [
                [
                    -2.8496931153922187,
                    -2.809618651762292,
                    0.005453281813049774
                ],
                [
                    -2.809618651762292,
                    0.0031510582734064103,
                    -2.8220564319917454
                ],
                [
                    0.005453281813049774,
                    -2.8220564319917454,
                    -0.002578211417172872
                ]
            ],
            "volume_eff": 19.418770380877028,
            "alpha_iso": 6.100137292422103,
            "c6_ii": 12.042111488654076,
            "c8_ii": 222.20614816798573,
            "c10_ii": 5137.1702443721815,
            "slater_b_init": 43.85461033786116
        },
        {
            "index": 6,
            "element": "F",
            "charge": -0.2817724900633358,
            "dipole": [
                -0.05918152559001241,
                0.08332117752478883,
                0.020296081950751218
            ],
            "quadrupole": [
                [
                    -3.570811103758704,
                    -3.5783254135182365,
                    0.009368238081322752
                ],
                [
                    -3.5783254135182365,
                    -0.03080698129329055,
                    -3.6172046098168265
                ],
                [
                    0.009368238081322752,
                    -3.6172046098168265,
                    -0.004491870503789998
                ]
            ],
            "volume_eff": 18.1617406795979,
            "alpha_iso": 5.7036871555762,
            "c6_ii": 21.402662610976925,
            "c8_ii": 945.095245654792,
            "c10_ii": 38717.47264137567,
            "slater_b_init": 33.18890290725848
        },
        {
            "index": 7,
            "element": "F",
            "charge": -0.2744276591967605,
            "dipole": [
                -0.007056980105328778,
                -0.03581086462556168,
                -0.10494889027563216
            ],