{
    "molecule": "NO3",
    "atoms": [
        {
            "index": 0,
            "element": "N",
            "charge": 1.0670918300721173,
            "dipole": [
                -0.000252136464061732,
                -0.0007187524968626856,
                -8.834422350103054e-07
            ],
            "quadrupole": [
                [
                    -2.7795951920566813,
                    -2.7814745306678397,
                    0.001535832334373898
                ],
                [
                    -2.7814745306678397,
                    7.741974920593946e-05,
                    -2.650978156691127
                ],
                [
                    0.001535832334373898,
                    -2.650978156691127,
                    -0.00872956510626471
                ]
            ],
            "volume_eff": 16.04992077568902,
            "alpha_iso": 4.67596117087003,
            "c6_ii": 9.662593708727503,
            "c8_ii": 223.45224860835916,
            "c10_ii": 5629.078035500881,
            "slater_b_init": 41.95233216577366
        },
        {
            "index": 1,
            "element": "O",
            "charge": -0.691665089316782,
            "dipole": [
                -0.0010342248523952185,
                0.04733278513203084,
                -0.0005334427609424667
            ],
            "quadrupole": [
                [
                    -4.772091187828196,
                    -4.532500083636738,
                    -0.0010730962907063487
                ],
                [
                    -4.532500083636738,
                    -0.0037169257660883367,
                    -4.589063463682231
                ],
                [
                    -0.0010730962907063487,
                    -4.589063463682231,
                    -0.012375222911138333
                ]
            ],
            "volume_eff": 27.922746285381624,
            "alpha_iso": 8.33054309066634,
            "c6_ii": 37.12647433789437,
            "c8_ii": 1715.8233515075315,
            "c10_ii": 76360.89727437389,
            "slater_b_init": 32.02151477165304
        },
        {
            "index": 2,
            "element": "O",
            "charge": -0.6893890854171261,
            "dipole": [
                0.037541297323233754,
                -0.021085785888721436,
                0.002451284343844924
            ],
            "quadrupole": [
                [
                    -4.5813572062862695,
                    -4.714077788784668,
                    -0.005538581410427139
                ],
                [
                    -4.714077788784668,
                    -0.10341421961991137,
                    -4.58722251937211
                ],
                [
                    -0.005538581410427139,
                    -4.58722251937211,
                    0.0021161918459835618
                ]
            ],
            "volume_eff": 27.898389456124477,
            "alpha_iso": 8.323276412324429,
            "c6_ii": 37.061732224997144,
            "c8_ii": 1711.8350481809532,
            "c10_ii": 76139.09276810828,
            "slater_b_init": 32.03083090919696
        },
        {
            "index": 3,
            "element": "O",
            "charge": -0.6879461855374469,
            "dipole": [
                -0.03440151553119968,
                -0.02091213827385037,
                -0.0019164046472970697
            ],
            "quadrupole": [
                [
                    -4.584600568018565,
                    -4.702786764774005,
                    0.00867211474632149
                ],
                [
                    -4.702786764774005,
                    0.10998516752916197,
                    -4.586987565846878
                ],
                [
                    0.00867211474632149,
                    -4.586987565846878,
                    -0.0009116768092793562
                ]
            ],
            "volume_eff": 27.876835702412166,
            "alpha_iso": 8.316846010664403,
            "c6_ii": 37.004487997792474,
            "c8_ii": 1708.3105703654353,
            "c10_ii": 75943.19082864253,
            "slater_b_init": 32.03908395955895
        }
    ]
}