{
    "molecule": "FRAG_CCOCC",
    "atoms": [
        {
            "index": 0,
            "element": "C",
            "charge": -0.4883738296677569,
            "dipole": [
                -0.046114903004356854,
                -0.02761390965269972,
                -0.004202799728568532
            ],
            "quadrupole": [
                [
                    -5.175988669911299,
                    -5.217192445683006,
                    -0.011861869056737785
                ],
                [
                    -5.217192445683006,
                    -0.05503155577757057,
                    -5.165196326534089
                ],
                [
                    -0.011861869056737785,
                    -5.165196326534089,
                    -0.007375589790148887
                ]
            ],
            "volume_eff": 39.304403535105166,
            "alpha_iso": 12.346933047677012,
            "c6_ii": 49.333463992124685,
            "c8_ii": 1456.60353893326,
            "c10_ii": 53883.471814961136,
            "slater_b_init": 34.66906229495335
        },
        {
            "index": 1,
            "element": "C",
            "charge": 0.10583309887203729,
            "dipole": [
                -0.07544115457675606,
                0.11247727833242821,
                0.008302951316520483
            ],
            "quadrupole": [
                [
                    -4.15444992525877,
                    -4.2807497966314845,
                    -0.01880790568744519
                ],
                [
                    -4.2807497966314845,
                    -0.071377260030013,
                    -4.157836747229383
                ],
                [
                    -0.01880790568744519,
                    -4.157836747229383,
                    -0.009363529645963492
                ]
            ],
            "volume_eff": 30.648371886715655,
            "alpha_iso": 9.627760802109629,
            "c6_ii": 29.99673651193723,
            "c8_ii": 750.3281221095777,
            "c10_ii": 23514.8871794552,
            "slater_b_init": 37.66633480591962
        },
        {
            "index": 2,
            "element": "O",
            "charge": -0.36843246203341806,
            "dipole": [
                0.00718775647544566,
                -0.05468289701921333,
                -0.0048986221710129955
            ],
            "quadrupole": [
                [
                    -3.9429995109979283,
                    -4.118294468235169,
                    0.00034025282354738104
                ],
                [
                    -4.118294468235169,
                    0.026446047086287002,
                    -4.120289525235541
                ],
                [
                    0.00034025282354738104,
                    -4.120289525235541,
                    0.008843010150143374
                ]
            ],
            "volume_eff": 23.2063227669487,
            "alpha_iso": 6.923433311686352,
            "c6_ii": 25.643665624600295,
            "c8_ii": 1047.6135390604127,
            "c10_ii": 41212.758427600136,
            "slater_b_init": 34.05852268976645
        },
        {
            "index": 3,
            "element": "C",
            "charge": 0.1152135975437858,
            "dipole": [
                0.04089370741635139,
                0.13091992805518002,
                0.015067543649945081
            ],
            "quadrupole": [
                [
                    -4.177837352246501,
                    -4.206893149968655,
                    -0.004002462541128937
                ],
                [
                    -4.206893149968655,
                    0.09417183360554866,
                    -4.136830681506693
                ],
                [
                    -0.004002462541128937,
                    -4.136830681506693,
                    0.006865474397009903
                ]
            ],
            "volume_eff": 30.413553784001362,
            "alpha_iso": 9.553995953089432,
            "c6_ii": 29.53884640346427,
            "c8_ii": 735.0957643493222,
            "c10_ii": 22919.69161164526,
            "slater_b_init": 37.763024936800704
        },
        {
            "index": 4,
            "element": "C",
            "charge": -0.4900309880670486,
            "dipole": [
                0.05390817618708667,
                -0.01309326181293296,
                0.00045097562521303016
            ],
            "quadrupole": [
                [
                    -5.20801756008917,
                    -5.189646896880209,
                    -0.0004438638264339531
                ],
                [
                    -5.189646896880209,
                    0.054187760440596026,
                    -5.165861778194557
                ],
                [
                    -0.0004438638264339531,
                    -5.165861778194557,
                    0.00454805107579347
                ]
            ],
            "volume_eff": 39.316133513251216,
            "alpha_iso": 12.350617857565826,
            "c6_ii": 49.362914473644956,
            "c8_ii": 1457.7630478387186,
            "c10_ii": 53937.09363053958,
            "slater_b_init": 34.66561411090839
        },
        {
            "index": 5,
            "element": "H",
            "charge": 0.14466674894779963,
            "dipole": [
                0.039688374551256476,
                -0.02356371501538623,
                -0.0008157006908445073
            ],
            "quadrupole": [
                [
                    -0.49687810296617907,
                    -0.48507531562701733,
                    0.0011314027923599258
                ],
                [
                    -0.48507531562701733,
                    0.006230161827520572,
                    -0.4931160926033454
                ],
                [
                    0.0011314027923599258,
                    -0.4931160926033454,
                    0.00046146239197444156
                ]
            ],
            "volume_eff": 2.7764509575560834,
            "alpha_iso": 0.8861013694327926,
            "c6_ii": 0.2520316859219436,
            "c8_ii": 1.6325861114466833,
            "c10_ii": 14.596112621289052,
            "slater_b_init": 68.75480056638861
        },
        {
            "index": 6,
            "element": "H",
            "charge": 0.1492070792570679,
            "dipole": [
                -0.015508170843515658,
                0.019414743708872192,
                0.03865104720549257
            ],
            "quadrupole": [
                [
                    -0.48133255871466146,
                    -0.4852871435076283,
                    -0.004956058092807339
                ],
                [
                    -0.4852871435076283,
                    0.005411455168699652,
                    -0.4914256470707424
                ],
                [
                    -0.004956058092807339,
                    -0.4914256470707424,
                    -0.001231720437105283
                ]
            ],
            "volume_eff": 2.737713933165939,
            "alpha_iso": 0.8737384893082785,
            "c6_ii": 0.2450480572860065,
            "c8_ii": 1.5725492528297904,
            "c10_ii": 13.928277292811044,
            "slater_b_init": 69.07756287064896
        },
        {
            "index": 7,
            "element": "H",
            "charge": 0.14878339093128767,
            "dipole": [
                -0.01265025146061426,
                0.027547353468384675,
                -0.03514028100276725
            ],