{
    "molecule": "FRAG_CC",
    "atoms": [
        {
            "index": 0,
            "element": "C",
            "charge": -0.3681779499725035,
            "dipole": [
                0.09867581646081541,
                0.0005207379071597858,
                0.0034039449646167557
            ],
            "quadrupole": [
                [
                    -5.058171651856282,
                    -4.917825214161236,
                    -0.00013635003029833007
                ],
                [
                    -4.917825214161236,
                    0.00202039778288509,
                    -4.916792220548972
                ],
                [
                    -0.00013635003029833007,
                    -4.916792220548972,
                    -0.0008349904837554109
                ]
            ],
            "volume_eff": 37.209299606410255,
            "alpha_iso": 11.688785216673377,
            "c6_ii": 44.21424175427035,
            "c8_ii": 1258.6417156337816,
            "c10_ii": 44890.714869827796,
            "slater_b_init": 35.30790913086235
        },
        {
            "index": 1,
            "element": "C",
            "charge": -0.368178156909301,
            "dipole": [
                -0.09867575707336117,
                -0.0005207937847917233,
                -0.0034039996674987334
            ],
            "quadrupole": [
                [
                    -5.058171317011002,
                    -4.917824906989577,
                    -0.00013633444921602286
                ],
                [
                    -4.917824906989577,
                    0.002020503087371369,
                    -4.916791951983894
                ],
                [
                    -0.00013633444921602286,
                    -4.916791951983894,
                    -0.0008350820070650508
                ]
            ],
            "volume_eff": 37.209294968707326,
            "alpha_iso": 11.688783759803348,
            "c6_ii": 44.21423073269737,
            "c8_ii": 1258.6412973006713,
            "c10_ii": 44890.69621949291,
            "slater_b_init": 35.30791059776811
        },
        {
            "index": 2,
            "element": "H",
            "charge": 0.12230579540158826,
            "dipole": [
                -0.0048405304281895715,
                -0.005311525650723196,
                0.0494606153478861
            ],
            "quadrupole": [
                [
                    -0.506134963506678,
                    -0.5132175121763441,
                    0.0004677815032812134
                ],
                [
                    -0.5132175121763441,
                    -0.0008528114493761306,
                    -0.5180845859693209
                ],
                [
                    0.0004677815032812134,
                    -0.5180845859693209,
                    0.008255350910878463
                ]
            ],
            "volume_eff": 2.9187398399546933,
            "alpha_iso": 0.9315127148791575,
            "c6_ii": 0.27852610354962964,
            "c8_ii": 1.865336161931498,
            "c10_ii": 17.24203295121921,
            "slater_b_init": 67.61886864606774
        },
        {
            "index": 3,
            "element": "H",
            "charge": 0.1226709730280553,
            "dipole": [
                -0.0027442789686291428,
                0.04530063892248027,
                -0.020014740738440395
            ],
            "quadrupole": [
                [
                    -0.505070485276087,
                    -0.5168981163991457,
                    0.0020049422833283374
                ],
                [
                    -0.5168981163991457,
                    0.007077033534121209,
                    -0.5137323132366799
                ],
                [
                    0.0020049422833283374,
                    -0.5137323132366799,
                    -0.002973619672696699
                ]
            ],
            "volume_eff": 2.9143180456398485,
            "alpha_iso": 0.9301015039276113,
            "c6_ii": 0.2776828271335618,
            "c8_ii": 1.8578098788974542,
            "c10_ii": 17.15511637575983,
            "slater_b_init": 67.65304995738077
        },
        {
            "index": 4,
            "element": "H",
            "charge": 0.12252848316925458,
            "dipole": [
                -0.0033639525292455956,
                -0.04003892299198269,
                -0.029354650926490262
            ],
            "quadrupole": [
                [
                    -0.5057048607548359,
                    -0.5163038240333125,
                    -0.0025285372020628313
                ],
                [
                    -0.5163038240333125,
                    -0.006404733782658951,
                    -0.5147379831300701
                ],
                [
                    -0.0025285372020628313,
                    -0.5147379831300701,
                    -0.0044082423066573884
                ]
            ],
            "volume_eff": 2.917434665324311,
            "alpha_iso": 0.9310961697843545,
            "c6_ii": 0.27827706187733936,
            "c8_ii": 1.8631126614451052,
            "c10_ii": 17.216345922676386,
            "slater_b_init": 67.62895070838968
        },
        {
            "index": 5,
            "element": "H",
            "charge": 0.1225286023668779,
            "dipole": [
                0.0033638063980859717,
                0.040039063930856156,
                0.02935451412316898
            ],
            "quadrupole": [
                [
                    -0.5057047919700495,
                    -0.5163036916207151,
                    -0.0025285443473320067
                ],
                [
                    -0.5163036916207151,
                    -0.006404749082034708,
                    -0.5147378540057816
                ],
                [
                    -0.0025285443473320067,
                    -0.5147378540057816,
                    -0.00440824874774956
                ]
            ],
            "volume_eff": 2.917433917203108,
            "alpha_iso": 0.9310959310222686,
            "c6_ii": 0.278276919159529,
            "c8_ii": 1.8631113874182543,
            "c10_ii": 17.216331206654672,
            "slater_b_init": 67.62895648911446
        },
        {
            "index": 6,
            "element": "H",
            "charge": 0.1223060360193603,
            "dipole": [
                0.004840421340355302,
                0.0053114416194219955,
                -0.0494606111031282
            ],
            "quadrupole": [
                [
                    -0.5061344404687249,
                    -0.5132169167033183,
                    0.00046775924764785583
                ],
                [
                    -0.5132169167033183,
                    -0.0008528022093487203,
                    -0.518083992262985
                ],
                [
                    0.00046775924764785583,
                    -0.518083992262985,
                    0.00825534735533494
                ]
            ],
            "volume_eff": 2.918735302691969,
            "alpha_iso": 0.9315112668165859,
            "c6_ii": 0.27852523759706493,
            "c8_ii": 1.8653284293622057,
            "c10_ii": 17.241943607306187,
            "slater_b_init": 67.6189036845783
        },
        {
            "index": 7,
            "element": "H",
            "charge": 0.1226712494170239,
            "dipole": [
                0.002744145589260569,
                -0.04530061190915499,
                0.020014831030821748
            ],