{
    "molecule": "LCarb_28",
    "atoms": [
        {
            "index": 0,
            "element": "C",
            "charge": -0.49061518097418855,
            "dipole": [
                -0.048918796905558046,
                -0.009668412094070367,
                -0.008030678868414623
            ],
            "quadrupole": [
                [
                    -5.166498795225006,
                    -5.148316618314933,
                    -0.013656962423722666
                ],
                [
                    -5.148316618314933,
                    -0.028457123135829734,
                    -5.144590064963175
                ],
                [
                    -0.013656962423722666,
                    -5.144590064963175,
                    -0.05124820010765659
                ]
            ],
            "volume_eff": 38.793927319247125,
            "alpha_iso": 12.186574026988627,
            "c6_ii": 48.060323136192764,
            "c8_ii": 1406.6999160767577,
            "c10_ii": 51585.86251602877,
            "slater_b_init": 34.8204663017831
        },
        {
            "index": 1,
            "element": "C",
            "charge": 0.09403833941608486,
            "dipole": [
                -0.04755693069590029,
                0.043062975793917525,
                0.14122709465049343
            ],
            "quadrupole": [
                [
                    -4.190655751965827,
                    -4.160669655123314,
                    -0.024936206983087572
                ],
                [
                    -4.160669655123314,
                    -0.049953550747052766,
                    -4.153345618322299
                ],
                [
                    -0.024936206983087572,
                    -4.153345618322299,
                    -0.10351846074375164
                ]
            ],
            "volume_eff": 30.117208393418622,
            "alpha_iso": 9.460903160236215,
            "c6_ii": 28.966006174328687,
            "c8_ii": 716.1500690462088,
            "c10_ii": 22183.696609369414,
            "slater_b_init": 37.88648029835863
        },
        {
            "index": 2,
            "element": "O",
            "charge": -0.4182698330956729,
            "dipole": [
                0.10666520761923783,
                0.014672217043709924,
                -0.011904560141357564
            ],
            "quadrupole": [
                [
                    -4.024669321322637,
                    -4.087682119299681,
                    -0.016489581393215578
                ],
                [
                    -4.087682119299681,
                    -3.24835070500689e-05,
                    -4.1128004400881295
                ],
                [
                    -0.016489581393215578,
                    -4.1128004400881295,
                    -0.024699888242404863
                ]
            ],
            "volume_eff": 23.183911291792985,
            "alpha_iso": 6.9167470152310555,
            "c6_ii": 25.594158870172848,
            "c8_ii": 1044.9177595503895,
            "c10_ii": 41080.23728993222,
            "slater_b_init": 34.06949374494866
        },
        {
            "index": 3,
            "element": "C",
            "charge": 1.001464956843682,
            "dipole": [
                0.007553777060050733,
                0.020617508088485115,
                0.039666052712925975
            ],
            "quadrupole": [
                [
                    -2.881464343756028,
                    -2.7670351756414906,
                    -0.05158289628998277
                ],
                [
                    -2.7670351756414906,
                    -0.03336284925105456,
                    -2.888028163996625
                ],
                [
                    -0.05158289628998277,
                    -2.888028163996625,
                    0.003587961028624169
                ]
            ],
            "volume_eff": 19.120420902455088,
            "alpha_iso": 6.006414943179608,
            "c6_ii": 11.674924679762153,
            "c8_ii": 213.21839152354835,
            "c10_ii": 4878.762734766315,
            "slater_b_init": 44.08153231265784
        },
        {
            "index": 4,
            "element": "O",
            "charge": -0.6565715083053938,
            "dipole": [
                -0.03664835364380012,
                -0.060469147292618514,
                -0.15490182690652649
            ],
            "quadrupole": [
                [
                    -4.504311457361496,
                    -4.410638931467391,
                    -0.021587544584853503
                ],
                [
                    -4.410638931467391,
                    -0.022405669754230643,
                    -4.475585644872381
                ],
                [
                    -0.021587544584853503,
                    -4.475585644872381,
                    0.01677519437747687
                ]
            ],
            "volume_eff": 26.273793560425176,
            "alpha_iso": 7.838590343994252,
            "c6_ii": 32.87100747129543,
            "c8_ii": 1458.741422760787,
            "c10_ii": 62338.048088420845,
            "slater_b_init": 32.67786352108809
        },
        {
            "index": 5,
            "element": "O",
            "charge": -0.46310528862250777,
            "dipole": [
                -0.05649444333516252,
                0.026959075050569624,
                0.04987875308859664
            ],
            "quadrupole": [
                [
                    -4.0694769563567785,
                    -4.130957098312631,
                    -0.023016532418424152
                ],
                [
                    -4.130957098312631,
                    -0.005114525552069244,
                    -4.151124876804661
                ],
                [
                    -0.023016532418424152,
                    -4.151124876804661,
                    -0.0031324220192061212
                ]
            ],
            "volume_eff": 23.48462816244073,
            "alpha_iso": 7.006463650672924,
            "c6_ii": 26.262425001918203,
            "c8_ii": 1081.4523672114026,
            "c10_ii": 42883.43345913947,
            "slater_b_init": 33.923450484653884
        },
        {
            "index": 6,
            "element": "C",
            "charge": 0.5468644016312894,
            "dipole": [
                0.04519735282021092,
                0.06382464634884795,
                0.140709255186231
            ],
            "quadrupole": [
                [
                    -3.457380676983373,
                    -3.559299126720061,
                    0.01997179319038054
                ],
                [
                    -3.559299126720061,
                    0.04881615413636546,
                    -3.449351960196531
                ],
                [
                    0.01997179319038054,
                    -3.449351960196531,
                    -0.01614807453536564
                ]
            ],
            "volume_eff": 24.40686727632269,
            "alpha_iso": 7.667078725546395,
            "c6_ii": 19.023186681678038,
            "c8_ii": 408.81821658046505,
            "c10_ii": 11007.575389817985,
            "slater_b_init": 40.636704931555386
        },
        {
            "index": 7,
            "element": "C",
            "charge": -0.6253626819902856,
            "dipole": [
                0.00019307578735278962,
                0.005161238425928333,
                0.0005803314166418825
            ],