{
    "molecule": "Li",
    "atoms": [
        {
            "index": 0,
            "element": "Li",
            "charge": 1.000000000005738,
            "dipole": [
                1.1828683967563575e-17,
                9.356438138301347e-18,
                9.081307750466397e-18
            ],
            "quadrupole": [
                [
                    -0.3033404479217335,
                    -0.30334044792173326,
                    -7.463312880108014e-19
                ],
                [
                    -0.30334044792173326,
                    -3.677626973458347e-19,
                    -0.3033404479217333
                ],
                [
                    -7.463312880108014e-19,
                    -0.3033404479217333,
                    -1.1761906827414105e-18
                ]
            ],
            "volume_eff": 0.9380112694838671,
            "alpha_iso": 1.3984895290486747,
            "c6_ii": 0.10107541710193747,
            "c8_ii": 0.12140436840004058,
            "c10_ii": 0.1013462982098295,
            "slater_b_init": 146.84172051311373
        }
    ]
}