{
    "molecule": "Phos_741",
    "atoms": [
        {
            "index": 0,
            "element": "C",
            "charge": -0.4832657316412554,
            "dipole": [
                -0.04143049773054533,
                0.028901376615131733,
                0.018069170007508784
            ],
            "quadrupole": [
                [
                    -5.0450013598853065,
                    -5.133449679452243,
                    -0.01486423625684391
                ],
                [
                    -5.133449679452243,
                    0.01661146260690178,
                    -5.097414315305148
                ],
                [
                    -0.01486423625684391,
                    -5.097414315305148,
                    -0.0025414150992803413
                ]
            ],
            "volume_eff": 38.0149002830942,
            "alpha_iso": 11.941853492071477,
            "c6_ii": 46.14948958955727,
            "c8_ii": 1332.626409585551,
            "c10_ii": 48213.02589576162,
            "slater_b_init": 35.05671463480657
        },
        {
            "index": 1,
            "element": "C",
            "charge": 0.14683608311177032,
            "dipole": [
                -0.12904586219166916,
                -0.11691228464575217,
                -0.029629042120460778
            ],
            "quadrupole": [
                [
                    -3.9515797123352665,
                    -4.11101608492863,
                    -0.056897110831079026
                ],
                [
                    -4.11101608492863,
                    0.08003932134106445,
                    -4.03111342988549
                ],
                [
                    -0.056897110831079026,
                    -4.03111342988549,
                    0.012764880991471567
                ]
            ],
            "volume_eff": 28.6878197215574,
            "alpha_iso": 9.011880540803372,
            "c6_ii": 26.281749826997967,
            "c8_ii": 629.0592925838102,
            "c10_ii": 18864.415227547055,
            "slater_b_init": 38.505548807595545
        },
        {
            "index": 2,
            "element": "O",
            "charge": -0.5607781063411146,
            "dipole": [
                0.16558307431738783,
                -0.14873323108307085,
                -0.04404417815221287
            ],
            "quadrupole": [
                [
                    -4.242389713157093,
                    -4.256487437553306,
                    -0.030970308253194623
                ],
                [
                    -4.256487437553306,
                    0.004596648688420092,
                    -4.22804369260025
                ],
                [
                    -0.030970308253194623,
                    -4.22804369260025,
                    -0.00014685029890475977
                ]
            ],
            "volume_eff": 24.31821282351105,
            "alpha_iso": 7.255157416959097,
            "c6_ii": 28.159877320293653,
            "c8_ii": 1186.8667773506102,
            "c10_ii": 48170.67943088963,
            "slater_b_init": 33.5313236368201
        },
        {
            "index": 3,
            "element": "P",
            "charge": 1.7439999040378051,
            "dipole": [
                -0.03901250037297827,
                -0.050167786402681186,
                -0.041568816983741735
            ],
            "quadrupole": [
                [
                    -6.168877600604396,
                    -6.191605145745932,
                    -0.0787535605823075
                ],
                [
                    -6.191605145745932,
                    0.007860601049962012,
                    -6.154041493794337
                ],
                [
                    -0.0787535605823075,
                    -6.154041493794337,
                    -0.0775025350096888
                ]
            ],
            "volume_eff": 48.480381388446446,
            "alpha_iso": 18.646300534017865,
            "c6_ii": 102.91461898705481,
            "c8_ii": 3202.6181668109652,
            "c10_ii": 56441.709949332355,
            "slater_b_init": 36.38840749647898
        },
        {
            "index": 4,
            "element": "O",
            "charge": -0.7887019563438464,
            "dipole": [
                0.110374123551157,
                0.16703404039457848,
                0.30835359935856543
            ],
            "quadrupole": [
                [
                    -4.629926652200245,
                    -4.641343164463958,
                    -0.01786444530086684
                ],
                [
                    -4.641343164463958,
                    0.00957608076915513,
                    -4.664112975937746
                ],
                [
                    -0.01786444530086684,
                    -4.664112975937746,
                    -0.010488917143080026
                ]
            ],
            "volume_eff": 27.41363158346954,
            "alpha_iso": 8.178652516615223,
            "c6_ii": 35.784964643538046,
            "c8_ii": 1633.6602875322874,
            "c10_ii": 71817.86582486381,
            "slater_b_init": 32.21853026700567
        },
        {
            "index": 5,
            "element": "O",
            "charge": -0.4929941249195018,
            "dipole": [
                0.03233475096732793,
                0.07913022354093424,
                -0.17304219169794907
            ],
            "quadrupole": [
                [
                    -4.070117565562032,
                    -4.072821384681311,
                    0.02387367474298137
                ],
                [
                    -4.072821384681311,
                    -0.0019504408278373424,
                    -4.121248153855253
                ],
                [
                    0.02387367474298137,
                    -4.121248153855253,
                    -0.0017142504505816398
                ]
            ],
            "volume_eff": 23.015665457121774,
            "alpha_iso": 6.8665521253291475,
            "c6_ii": 25.22403272297156,
            "c8_ii": 1024.8185791274846,
            "c10_ii": 40094.89154743704,
            "slater_b_init": 34.1523089281506
        },
        {
            "index": 6,
            "element": "C",
            "charge": 0.5995014750716745,
            "dipole": [
                0.14345407545126432,
                -0.14066441365929197,
                -0.058884230443539506
            ],
            "quadrupole": [
                [
                    -3.2459189785118956,
                    -3.346959504883515,
                    0.03572411152257577
                ],
                [
                    -3.346959504883515,
                    0.0917712025790394,
                    -3.2097802175768932
                ],
                [
                    0.03572411152257577,
                    -3.2097802175768932,
                    -0.02203069960988626
                ]
            ],
            "volume_eff": 22.040610121226596,
            "alpha_iso": 6.923751870542386,
            "c6_ii": 15.513379460843792,
            "c8_ii": 311.47827939896155,
            "c10_ii": 7835.4434064558645,
            "slater_b_init": 42.04179929026918
        },
        {
            "index": 7,
            "element": "N",
            "charge": -0.4742964416972901,
            "dipole": [
                -0.11573386462419613,
                0.1583001053669101,
                0.017596295162098877
            ],