{
    "molecule": "PF6",
    "atoms": [
        {
            "index": 0,
            "element": "P",
            "charge": 0.7494796607393575,
            "dipole": [
                -0.10438571614028347,
                -0.1306017421201765,
                0.46771205885827183
            ],
            "quadrupole": [
                [
                    -9.515733600925804,
                    -9.45944220418767,
                    -0.02122873994968689
                ],
                [
                    -9.45944220418767,
                    -0.0884866653852646,
                    -9.910122789024532
                ],
                [
                    -0.02122873994968689,
                    -9.910122789024532,
                    0.10599543389024343
                ]
            ],
            "volume_eff": 88.63054072941716,
            "alpha_iso": 34.08866951131429,
            "c6_ii": 343.9630671592762,
            "c8_ii": 16003.617128456544,
            "c10_ii": 421688.1529465962,
            "slater_b_init": 29.759383207513036
        },
        {
            "index": 1,
            "element": "F",
            "charge": -0.17454416961972008,
            "dipole": [
                0.0283772630433923,
                0.018237991968820696,
                0.05485497767079434
            ],
            "quadrupole": [
                [
                    -3.445110557099222,
                    -3.604193796887901,
                    0.03930713950287361
                ],
                [
                    -3.604193796887901,
                    0.06578957225620093,
                    -3.473290124823959
                ],
                [
                    0.03930713950287361,
                    -3.473290124823959,
                    0.045198588296534246
                ]
            ],
            "volume_eff": 17.783178465248938,
            "alpha_iso": 5.584799848590576,
            "c6_ii": 20.519729834748237,
            "c8_ii": 893.4714698772875,
            "c10_ii": 36092.202776165104,
            "slater_b_init": 33.42275594739906
        },
        {
            "index": 2,
            "element": "F",
            "charge": -0.16801476942614357,
            "dipole": [
                -0.017765849833171567,
                -0.04388980539891024,
                -0.005739294828059657
            ],
            "quadrupole": [
                [
                    -3.524556453743517,
                    -3.386173592676993,
                    0.06898619273792393
                ],
                [
                    -3.386173592676993,
                    0.014432956803100685,
                    -3.468841111761599
                ],
                [
                    0.06898619273792393,
                    -3.468841111761599,
                    -0.04049156189860118
                ]
            ],
            "volume_eff": 17.33007512970096,
            "alpha_iso": 5.442502933294516,
            "c6_ii": 19.487393538762774,
            "c8_ii": 834.0463358653427,
            "c10_ii": 33116.94376096402,
            "slater_b_init": 33.71153839192176
        },
        {
            "index": 3,
            "element": "F",
            "charge": -0.3321695567406522,
            "dipole": [
                0.008654730289571554,
                -0.07580178566247761,
                0.12457343981482616
            ],
            "quadrupole": [
                [
                    -3.800245631416281,
                    -3.597001856729969,
                    0.01067344700211595
                ],
                [
                    -3.597001856729969,
                    0.04768363948503543,
                    -3.7189658269998005
                ],
                [
                    0.01067344700211595,
                    -3.7189658269998005,
                    -0.02423681560069398
                ]
            ],
            "volume_eff": 19.22092057493398,
            "alpha_iso": 6.036322164028854,
            "c6_ii": 23.97183241312236,
            "c8_ii": 1099.3099236883377,
            "c10_ii": 46769.498454935376,
            "slater_b_init": 32.5677177350832
        },
        {
            "index": 4,
            "element": "F",
            "charge": -0.40794150941619023,
            "dipole": [
                -0.00874916669270763,
                -0.013169658325373226,
                0.06558101505092878
            ],
            "quadrupole": [
                [
                    -3.7391077020854055,
                    -3.7922854804049866,
                    -0.017852031251740327
                ],
                [
                    -3.7922854804049866,
                    -0.024719403128841952,
                    -3.7795572570187654
                ],
                [
                    -0.017852031251740327,
                    -3.7795572570187654,
                    -0.005412047941131209
                ]
            ],
            "volume_eff": 19.497188235210192,
            "alpha_iso": 6.1230839085784075,
            "c6_ii": 24.66589246808673,
            "c8_ii": 1141.9513871475526,
            "c10_ii": 49048.08407883051,
            "slater_b_init": 32.41316140629166
        },
        {
            "index": 5,
            "element": "F",
            "charge": -0.2761620526710047,
            "dipole": [
                -0.057144735507588106,
                0.0385228514671724,
                0.026646738597482067
            ],
            "quadrupole": [
                [
                    -3.609439121100343,
                    -3.6388646178117123,
                    -0.002500408644468489
                ],
                [
                    -3.6388646178117123,
                    -0.06649154298787516,
                    -3.6309973723236117
                ],
                [
                    -0.002500408644468489,
                    -3.6309973723236117,
                    0.014672510435707872
                ]
            ],
            "volume_eff": 18.582962352258818,
            "alpha_iso": 5.835971647816819,
            "c6_ii": 22.406950706659053,
            "c8_ii": 1004.6825277761136,
            "c10_ii": 41792.522899904056,
            "slater_b_init": 32.9362186959125
        },
        {
            "index": 6,
            "element": "F",
            "charge": -0.39111451783582574,
            "dipole": [
                -0.06545789207017684,
                0.039177207517262495,
                -0.0732746261865338
            ],
            "quadrupole": [
                [
                    -3.6788517110192145,
                    -3.693541022014052,
                    0.01742204606960815
                ],
                [
                    -3.693541022014052,
                    -0.0007900958367863361,
                    -3.7755936522654925
                ],
                [
                    0.01742204606960815,
                    -3.7755936522654925,
                    0.012496750396049708
                ]
            ],
            "volume_eff": 19.089681660253802,
            "alpha_iso": 5.9951066371045,
            "c6_ii": 23.64559446727265,
            "c8_ii": 1079.407638915533,
            "c10_ii": 45713.49077101492,
            "slater_b_init": 32.6421802031707
        }
    ]
}