{
    "molecule": "FRAG_CC_F_F",
    "atoms": [
        {
            "index": 0,
            "element": "C",
            "charge": -0.6318843978069415,
            "dipole": [
                -0.014698400036933122,
                -0.006391532930553453,
                0.0011659394478284817
            ],
            "quadrupole": [
                [
                    -5.435590491878895,
                    -5.3702715145181825,
                    0.00280239012452318
                ],
                [
                    -5.3702715145181825,
                    -0.01171843368705601,
                    -5.357256960960788
                ],
                [
                    0.00280239012452318,
                    -5.357256960960788,
                    -0.0071147985191408435
                ]
            ],
            "volume_eff": 40.865030210068525,
            "alpha_iso": 12.837182264942992,
            "c6_ii": 53.328926251784004,
            "c8_ii": 1615.9813051522128,
            "c10_ii": 61351.37276383896,
            "slater_b_init": 34.22198714985256
        },
        {
            "index": 1,
            "element": "C",
            "charge": 0.555341191405283,
            "dipole": [
                0.053757686999884514,
                -0.13085636142612278,
                0.036827776708937505
            ],
            "quadrupole": [
                [
                    -3.611030707610296,
                    -3.5205915032654835,
                    0.013021079294805863
                ],
                [
                    -3.5205915032654835,
                    -0.04360532386772684,
                    -3.4493312195248147
                ],
                [
                    0.013021079294805863,
                    -3.4493312195248147,
                    -0.011980242929321695
                ]
            ],
            "volume_eff": 24.901508097339573,
            "alpha_iso": 7.822463276651174,
            "c6_ii": 19.80206540207167,
            "c8_ii": 431.28716481719107,
            "c10_ii": 11768.931537839986,
            "slater_b_init": 40.36583574909102
        },
        {
            "index": 2,
            "element": "F",
            "charge": -0.25977712558284694,
            "dipole": [
                -0.013714873192717155,
                -0.01907586665049954,
                -0.0021495991492644292
            ],
            "quadrupole": [
                [
                    -3.5838921724040653,
                    -3.5933657556791396,
                    0.033711751735162346
                ],
                [
                    -3.5933657556791396,
                    -0.024550725325230484,
                    -3.5717439867419407
                ],
                [
                    0.033711751735162346,
                    -3.5717439867419407,
                    -0.018220633649127915
                ]
            ],
            "volume_eff": 18.18051381565193,
            "alpha_iso": 5.709582851196474,
            "c6_ii": 21.446931799129516,
            "c8_ii": 947.7025857802043,
            "c10_ii": 38851.036439685166,
            "slater_b_init": 33.177475390675646
        },
        {
            "index": 3,
            "element": "F",
            "charge": -0.25889539721931776,
            "dipole": [
                -0.015719434116278967,
                -0.016798384106985868,
                0.005061483994820635
            ],
            "quadrupole": [
                [
                    -3.5923381547305913,
                    -3.6171067950921225,
                    -0.013418597100152639
                ],
                [
                    -3.6171067950921225,
                    -0.009320347456629689,
                    -3.534008436123069
                ],
                [
                    -0.013418597100152639,
                    -3.534008436123069,
                    0.017934430484703653
                ]
            ],
            "volume_eff": 18.165343148642144,
            "alpha_iso": 5.704818509490921,
            "c6_ii": 21.411154096204093,
            "c8_ii": 945.5952328501543,
            "c10_ii": 38743.077892039975,
            "slater_b_init": 33.18670880429193
        },
        {
            "index": 4,
            "element": "H",
            "charge": 0.18132406893806585,
            "dipole": [
                -0.009550477394515677,
                0.007706263795501525,
                -0.0414130675635809
            ],
            "quadrupole": [
                [
                    -0.44562523582177677,
                    -0.45298221333619615,
                    0.0011124316798783675
                ],
                [
                    -0.45298221333619615,
                    0.002087214421196614,
                    -0.45663313858407806
                ],
                [
                    0.0011124316798783675,
                    -0.45663313858407806,
                    -0.0032054011114321965
                ]
            ],
            "volume_eff": 2.492436720738635,
            "alpha_iso": 0.7954585278953091,
            "c6_ii": 0.2031063087609343,
            "c8_ii": 1.224335539029537,
            "c10_ii": 10.186327937428626,
            "slater_b_init": 71.272990564323
        },
        {
            "index": 5,
            "element": "H",
            "charge": 0.18589415261788655,
            "dipole": [
                -0.011076642541810986,
                -0.041146182720468716,
                0.008169224454958766
            ],
            "quadrupole": [
                [
                    -0.4432051696344911,
                    -0.4534433647626692,
                    0.0004513321052127734
                ],
                [
                    -0.4534433647626692,
                    -0.003579346857939672,
                    -0.44906419464917613
                ],
                [
                    0.0004513321052127734,
                    -0.44906419464917613,
                    0.00160883124154056
                ]
            ],
            "volume_eff": 2.475836729373666,
            "alpha_iso": 0.7901606583107446,
            "c6_ii": 0.20040988289498518,
            "c8_ii": 1.2027113714735638,
            "c10_ii": 9.9619384735814,
            "slater_b_init": 71.43192627554576
        },
        {
            "index": 6,
            "element": "H",
            "charge": 0.18093903390567867,
            "dipole": [
                -0.019547094174611694,
                0.024656313431103943,
                0.03015521041249474
            ],
            "quadrupole": [
                [
                    -0.44847596547008167,
                    -0.45449300088943995,
                    -0.0010826342026826216
                ],
                [
                    -0.45449300088943995,
                    0.0043389563479641095,
                    -0.45408843136507765
                ],
                [
                    -0.0010826342026826216,
                    -0.45408843136507765,
                    0.00433515167704736
                ]
            ],
            "volume_eff": 2.4973438439350812,
            "alpha_iso": 0.797024631043111,
            "c6_ii": 0.20390684968795791,
            "c8_ii": 1.2307740326602883,
            "c10_ii": 10.253331284004188,
            "slater_b_init": 71.22627764406394
        },
        {
            "index": 7,
            "element": "H",
            "charge": 0.04629869005581044,
            "dipole": [
                0.022673694111085364,
                0.07956601118527762,
                -0.015631646776989035
            ],