{
    "molecule": "FRAG_COC",
    "atoms": [
        {
            "index": 0,
            "element": "C",
            "charge": -0.09029067165169558,
            "dipole": [
                0.12419055583998505,
                0.09909099948928497,
                0.008969481371004218
            ],
            "quadrupole": [
                [
                    -4.487190677636377,
                    -4.5233168756202184,
                    0.0064314395703217245
                ],
                [
                    -4.5233168756202184,
                    0.059759423364514425,
                    -4.538093470871734
                ],
                [
                    0.0064314395703217245,
                    -4.538093470871734,
                    0.0016115630317043998
                ]
            ],
            "volume_eff": 33.38263501513543,
            "alpha_iso": 10.486691627791233,
            "c6_ii": 35.58774083619182,
            "c8_ii": 942.3663541421809,
            "c10_ii": 31264.650935636084,
            "slater_b_init": 36.60853030430913
        },
        {
            "index": 1,
            "element": "O",
            "charge": -0.33839691280134687,
            "dipole": [
                0.0037902578359353825,
                -0.10529565244287827,
                0.006090732974602037
            ],
            "quadrupole": [
                [
                    -3.909868098813107,
                    -4.0714190918799265,
                    -0.0004642673176797452
                ],
                [
                    -4.0714190918799265,
                    0.0045810605810224945,
                    -4.0769818508062245
                ],
                [
                    -0.0004642673176797452,
                    -4.0769818508062245,
                    0.019821878190057724
                ]
            ],
            "volume_eff": 22.85991524586979,
            "alpha_iso": 6.820085211474965,
            "c6_ii": 24.88379875691908,
            "c8_ii": 1006.4291394934526,
            "c10_ii": 39197.5848171272,
            "slater_b_init": 34.22969612735503
        },
        {
            "index": 2,
            "element": "C",
            "charge": -0.0869549899465838,
            "dipole": [
                -0.1309739038834065,
                0.0898894281510562,
                -0.019782098131655164
            ],
            "quadrupole": [
                [
                    -4.468982912882246,
                    -4.5237999196892895,
                    -0.006088645424283896
                ],
                [
                    -4.5237999196892895,
                    -0.05692375682551602,
                    -4.5289529619660005
                ],
                [
                    -0.006088645424283896,
                    -4.5289529619660005,
                    0.008881475530273877
                ]
            ],
            "volume_eff": 33.289956366256746,
            "alpha_iso": 10.457577916101595,
            "c6_ii": 35.39041396947394,
            "c8_ii": 935.4058245919849,
            "c10_ii": 30976.258275067365,
            "slater_b_init": 36.64247132668052
        },
        {
            "index": 3,
            "element": "H",
            "charge": 0.10880076683394302,
            "dipole": [
                -0.04217021106131263,
                0.04270891502228868,
                -0.007032988970609677
            ],
            "quadrupole": [
                [
                    -0.5061121313981374,
                    -0.5064528292288937,
                    0.0009042612374037181
                ],
                [
                    -0.5064528292288937,
                    0.012063757973147377,
                    -0.5186156577094954
                ],
                [
                    0.0009042612374037181,
                    -0.5186156577094954,
                    0.00074487851350282
                ]
            ],
            "volume_eff": 2.8723507507030077,
            "alpha_iso": 0.916707686394577,
            "c6_ii": 0.2697429325884858,
            "c8_ii": 1.7873214652971698,
            "c10_ii": 16.345395093570378,
            "slater_b_init": 67.98094618646209
        },
        {
            "index": 4,
            "element": "H",
            "charge": 0.07590605672384299,
            "dipole": [
                0.011315277278303936,
                -0.027551298412553462,
                -0.04912241885407156
            ],
            "quadrupole": [
                [
                    -0.5449905436611115,
                    -0.5622786318143378,
                    -0.005829714261133211
                ],
                [
                    -0.5622786318143378,
                    0.015119186946780864,
                    -0.5651239690358967
                ],
                [
                    -0.005829714261133211,
                    -0.5651239690358967,
                    -0.0006963973092343043
                ]
            ],
            "volume_eff": 3.245395162391648,
            "alpha_iso": 1.0357644135292494,
            "c6_ii": 0.344358097884856,
            "c8_ii": 2.475234246668907,
            "c10_ii": 24.55627368985008,
            "slater_b_init": 65.26953230442182
        },
        {
            "index": 5,
            "element": "H",
            "charge": 0.07576166133739615,
            "dipole": [
                -0.0005961866058753664,
                -0.022346279505562495,
                0.0530394435880635
            ],
            "quadrupole": [
                [
                    -0.546471577432238,
                    -0.5609081987852246,
                    0.008519593488496756
                ],
                [
                    -0.5609081987852246,
                    0.013361833836796115,
                    -0.5660967534360632
                ],
                [
                    0.008519593488496756,
                    -0.5660967534360632,
                    0.004010420963192313
                ]
            ],
            "volume_eff": 3.24874903606166,
            "alpha_iso": 1.036834798743083,
            "c6_ii": 0.34507020243209685,
            "c8_ii": 2.4820613753230005,
            "c10_ii": 24.640965977440363,
            "slater_b_init": 65.24706405214016
        },
        {
            "index": 6,
            "element": "H",
            "charge": 0.07550428349975113,
            "dipole": [
                -0.009658773552375453,
                -0.022410111612299652,
                0.051865780780570754
            ],
            "quadrupole": [
                [
                    -0.5434529317938263,
                    -0.5627813009630327,
                    0.004843762649789122
                ],
                [
                    -0.5627813009630327,
                    -0.013800379107404647,
                    -0.5670414529462888
                ],
                [
                    0.004843762649789122,
                    -0.5670414529462888,
                    0.00034228230873194215
                ]
            ],
            "volume_eff": 3.246953638485777,
            "alpha_iso": 1.0362617995167374,
            "c6_ii": 0.3446889067355474,
            "c8_ii": 2.4784052111398633,
            "c10_ii": 24.595603066823557,
            "slater_b_init": 65.2590879211468
        },
        {
            "index": 7,
            "element": "H",
            "charge": 0.1080476392258487,
            "dipole": [
                0.039477696096785156,
                0.045998141016602774,
                0.0023478207570736377
            ],