{
    "molecule": "FRAG_CtriN",
    "atoms": [
        {
            "index": 0,
            "element": "C",
            "charge": 0.07478802638009796,
            "dipole": [
                -0.03201801564259196,
                -0.0002570716218682614,
                2.5655190957170853e-15
            ],
            "quadrupole": [
                [
                    -4.3049770133775525,
                    -3.973521883282794,
                    -3.247523473504413e-15
                ],
                [
                    -3.973521883282794,
                    -0.003915404510674455,
                    -3.9734748169622303
                ],
                [
                    -3.247523473504413e-15,
                    -3.9734748169622303,
                    2.453372239260522e-16
                ]
            ],
            "volume_eff": 28.836623046746833,
            "alpha_iso": 9.058625040862879,
            "c6_ii": 26.55510308057067,
            "c8_ii": 637.7980714266395,
            "c10_ii": 19192.5584331264,
            "slater_b_init": 38.43920218487725
        },
        {
            "index": 1,
            "element": "N",
            "charge": -0.3139968302448155,
            "dipole": [
                0.06049667094331918,
                0.0005898411688987478,
                -1.3933924805798458e-15
            ],
            "quadrupole": [
                [
                    -4.784907016174116,
                    -4.360522712801237,
                    4.149822334703492e-15
                ],
                [
                    -4.360522712801237,
                    -0.004992028914217857,
                    -4.360460350157983
                ],
                [
                    4.149822334703492e-15,
                    -4.360460350157983,
                    -3.914521697707372e-15
                ]
            ],
            "volume_eff": 29.28099535205487,
            "alpha_iso": 8.530683685244332,
            "c6_ii": 32.160263917680616,
            "c8_ii": 1110.416508300153,
            "c10_ii": 41765.12107678253,
            "slater_b_init": 34.33353026908278
        },
        {
            "index": 2,
            "element": "H",
            "charge": 0.23696459772735556,
            "dipole": [
                -0.074491061803047,
                -0.0009181285424940443,
                -4.2868855056770206e-17
            ],
            "quadrupole": [
                [
                    -0.37572517450859283,
                    -0.39700905131533826,
                    -1.882202719139284e-16
                ],
                [
                    -0.39700905131533826,
                    0.00029166775928353477,
                    -0.3970119678867693
                ],
                [
                    -1.882202719139284e-16,
                    -0.3970119678867693,
                    -1.6113155029263183e-16
                ]
            ],
            "volume_eff": 2.048376018782771,
            "alpha_iso": 0.6537370272710972,
            "c6_ii": 0.13718116816613002,
            "c8_ii": 0.7255409018878727,
            "c10_ii": 5.296261979301912,
            "slater_b_init": 76.09038846365044
        }
    ]
}