{
    "molecule": "FRAG_C1CO1",
    "atoms": [
        {
            "index": 0,
            "element": "C",
            "charge": -0.09031290150673144,
            "dipole": [
                -0.002327293086121381,
                -0.04060745340690509,
                0.12771866813536037
            ],
            "quadrupole": [
                [
                    -4.596453728196562,
                    -4.481610984091064,
                    -0.03951912684891725
                ],
                [
                    -4.481610984091064,
                    -0.009601101075842377,
                    -4.371248788541174
                ],
                [
                    -0.03951912684891725,
                    -4.371248788541174,
                    0.006721523172284057
                ]
            ],
            "volume_eff": 32.668162024661775,
            "alpha_iso": 10.26224985067909,
            "c6_ii": 34.08070677149831,
            "c8_ii": 889.5369713055405,
            "c10_ii": 29089.340371214796,
            "slater_b_init": 36.87349173125769
        },
        {
            "index": 1,
            "element": "C",
            "charge": -0.09809951455693966,
            "dipole": [
                0.006898131574445218,
                -0.0408602656271458,
                0.1282094322219541
            ],
            "quadrupole": [
                [
                    -4.619288297612403,
                    -4.500043367218986,
                    -0.04101750938122049
                ],
                [
                    -4.500043367218986,
                    -0.0065513006171411935,
                    -4.38654939334195
                ],
                [
                    -0.04101750938122049,
                    -4.38654939334195,
                    0.0010124308076139127
                ]
            ],
            "volume_eff": 32.85434627834782,
            "alpha_iso": 10.32073705078989,
            "c6_ii": 34.47028318370902,
            "c8_ii": 903.1204600976877,
            "c10_ii": 29645.649593369588,
            "slater_b_init": 36.80370621131111
        },
        {
            "index": 2,
            "element": "O",
            "charge": -0.3019363894044744,
            "dipole": [
                -0.0022717187923902414,
                0.014852775209135515,
                -0.04711928391132737
            ],
            "quadrupole": [
                [
                    -3.863168209456991,
                    -4.083557913704956,
                    -0.016414373769995216
                ],
                [
                    -4.083557913704956,
                    0.015106160650222137,
                    -4.037819145889329
                ],
                [
                    -0.016414373769995216,
                    -4.037819145889329,
                    0.0016102622467334504
                ]
            ],
            "volume_eff": 22.636508401911104,
            "alpha_iso": 6.753433445874031,
            "c6_ii": 24.39980341572221,
            "c8_ii": 980.4137612612874,
            "c10_ii": 37935.17163996319,
            "slater_b_init": 34.341935581549556
        },
        {
            "index": 3,
            "element": "H",
            "charge": 0.1218892213674786,
            "dipole": [
                0.01872036775323961,
                0.056833362342649345,
                0.0036335806825542427
            ],
            "quadrupole": [
                [
                    -0.4940595777680084,
                    -0.49747427922788856,
                    -0.0004381495600449962
                ],
                [
                    -0.49747427922788856,
                    -0.0037572909782018827,
                    -0.4822769147123675
                ],
                [
                    -0.0004381495600449962,
                    -0.4822769147123675,
                    -0.008327664369481368
                ]
            ],
            "volume_eff": 2.7260447334271,
            "alpha_iso": 0.8700142766256701,
            "c6_ii": 0.24296352938079865,
            "c8_ii": 1.55473850695256,
            "c10_ii": 13.731367087054211,
            "slater_b_init": 69.17598781804477
        },
        {
            "index": 4,
            "element": "H",
            "charge": 0.12167464589565291,
            "dipole": [
                0.026225130363103043,
                -0.04538289373559514,
                -0.02951038655377579
            ],
            "quadrupole": [
                [
                    -0.49628670194861296,
                    -0.49075925478405347,
                    -0.007197957540881862
                ],
                [
                    -0.49075925478405347,
                    0.00797414016465491,
                    -0.4877578304901915
                ],
                [
                    -0.007197957540881862,
                    -0.4877578304901915,
                    -0.0037552136240683954
                ]
            ],
            "volume_eff": 2.7282052981574254,
            "alpha_iso": 0.8707038185608804,
            "c6_ii": 0.24334881026011068,
            "c8_ii": 1.5580266233709978,
            "c10_ii": 13.767677263262621,
            "slater_b_init": 69.15772200413073
        },
        {
            "index": 5,
            "element": "H",
            "charge": 0.12356175435855954,
            "dipole": [
                -0.02644999844359983,
                0.05299552552689108,
                0.0038510344752243635
            ],
            "quadrupole": [
                [
                    -0.49332802914507046,
                    -0.49443213981628165,
                    0.0006343330302048777
                ],
                [
                    -0.49443213981628165,
                    0.004003930845570654,
                    -0.4805755047933355
                ],
                [
                    0.0006343330302048777,
                    -0.4805755047933355,
                    0.008463977878550362
                ]
            ],
            "volume_eff": 2.7133720722430943,
            "alpha_iso": 0.8659698102903494,
            "c6_ii": 0.2407098335887888,
            "c8_ii": 1.5355395790550352,
            "c10_ii": 13.519740395710603,
            "slater_b_init": 69.28351485937858
        },
        {
            "index": 6,
            "element": "H",
            "charge": 0.12325459015968554,
            "dipole": [
                -0.01945504892955377,
                -0.048443107021504346,
                -0.02889486100684618
            ],
            "quadrupole": [
                [
                    -0.4918037223826552,
                    -0.4917503960639847,
                    -0.006425970628730639
                ],
                [
                    -0.4917503960639847,
                    -0.008408572841567544,
                    -0.4856916476698677
                ],
                [
                    -0.006425970628730639,
                    -0.4856916476698677,
                    0.004977682298497453
                ]
            ],
            "volume_eff": 2.714671412918127,
            "alpha_iso": 0.8663844934845086,
            "c6_ii": 0.24094042412729164,
            "c8_ii": 1.5375012073702508,
            "c10_ii": 13.541332918917966,
            "slater_b_init": 69.2724592235592
        }
    ]
}