{
    "molecule": "Sulf_456",
    "atoms": [
        {
            "index": 0,
            "element": "C",
            "charge": -0.3911597787754788,
            "dipole": [
                0.027166090937292057,
                0.05455015511726871,
                -3.511432130104632e-05
            ],
            "quadrupole": [
                [
                    -5.113245470091233,
                    -5.126627194650547,
                    -0.060235529719577754
                ],
                [
                    -5.126627194650547,
                    -0.07422315919207789,
                    -4.98231076155226
                ],
                [
                    -0.060235529719577754,
                    -4.98231076155226,
                    0.00966864461410784
                ]
            ],
            "volume_eff": 38.31061276746796,
            "alpha_iso": 12.0347474662203,
            "c6_ii": 46.8702627113016,
            "c8_ii": 1360.4494099315118,
            "c10_ii": 49474.551417663206,
            "slater_b_init": 34.966282808429064
        },
        {
            "index": 1,
            "element": "C",
            "charge": -0.03639479268071888,
            "dipole": [
                -0.10719826181054261,
                0.010679174308087774,
                0.01909780803492153
            ],
            "quadrupole": [
                [
                    -4.482020358744804,
                    -4.415644097069247,
                    -0.053913385663251386
                ],
                [
                    -4.415644097069247,
                    -0.05710716879201491,
                    -4.291579013842585
                ],
                [
                    -0.053913385663251386,
                    -4.291579013842585,
                    0.01735822643144341
                ]
            ],
            "volume_eff": 32.1291565207473,
            "alpha_iso": 10.092928749972973,
            "c6_ii": 32.96536125725448,
            "c8_ii": 850.9348922883562,
            "c10_ii": 27520.054178375445,
            "slater_b_init": 37.07854843642094
        },
        {
            "index": 2,
            "element": "C",
            "charge": -0.4772061146507962,
            "dipole": [
                0.11988324314330351,
                0.009206801698847522,
                0.012361326295503785
            ],
            "quadrupole": [
                [
                    -5.196713693796196,
                    -5.05145436815255,
                    -0.04922512711018588
                ],
                [
                    -5.05145436815255,
                    0.00305942442589028,
                    -5.151760593141228
                ],
                [
                    -0.04922512711018588,
                    -5.151760593141228,
                    -0.011445734940866252
                ]
            ],
            "volume_eff": 38.675759765182775,
            "alpha_iso": 12.149453329376787,
            "c6_ii": 47.76798246559749,
            "c8_ii": 1395.3026249143427,
            "c10_ii": 51063.94733031131,
            "slater_b_init": 34.855893021330665
        },
        {
            "index": 3,
            "element": "S",
            "charge": 1.1834064907571573,
            "dipole": [
                0.0339692271772138,
                -0.009077915826413095,
                -0.15369519582043167
            ],
            "quadrupole": [
                [
                    -7.69714717052438,
                    -7.729872903841248,
                    0.015949355719995284
                ],
                [
                    -7.729872903841248,
                    -0.016720961565228898,
                    -7.738553691537217
                ],
                [
                    0.015949355719995284,
                    -7.738553691537217,
                    -0.0024702240912509057
                ]
            ],
            "volume_eff": 59.88315691782136,
            "alpha_iso": 15.607844090283226,
            "c6_ii": 84.97251878811674,
            "c8_ii": 2179.172365010758,
            "c10_ii": 56165.64302759192,
            "slater_b_init": 36.6817433652808
        },
        {
            "index": 4,
            "element": "O",
            "charge": -0.6101377909930008,
            "dipole": [
                0.006427034585447714,
                -0.159004838510351,
                -0.06971615125059026
            ],
            "quadrupole": [
                [
                    -4.3463227529496535,
                    -4.36450838006522,
                    -0.02170689954629618
                ],
                [
                    -4.36450838006522,
                    0.00922934359616945,
                    -4.341842333665694
                ],
                [
                    -0.02170689954629618,
                    -4.341842333665694,
                    0.008078838606385539
                ]
            ],
            "volume_eff": 25.194940375270395,
            "alpha_iso": 7.51672254289835,
            "c6_ii": 30.226935441560123,
            "c8_ii": 1304.4270211655917,
            "c10_ii": 54206.95831072074,
            "slater_b_init": 33.13778460550742
        },
        {
            "index": 5,
            "element": "O",
            "charge": -0.5968977609065753,
            "dipole": [
                0.013074063987046048,
                0.12203072820660345,
                -0.1214660840399656
            ],
            "quadrupole": [
                [
                    -4.308076188828103,
                    -4.334128193819338,
                    0.027845757463155586
                ],
                [
                    -4.334128193819338,
                    -0.004326219064019695,
                    -4.332495145154515
                ],
                [
                    0.027845757463155586,
                    -4.332495145154515,
                    0.007035541209902698
                ]
            ],
            "volume_eff": 24.969905193791867,
            "alpha_iso": 7.449584974943429,
            "c6_ii": 29.68938732040072,
            "c8_ii": 1273.5889312203137,
            "c10_ii": 52609.83021977877,
            "slater_b_init": 33.23703577526838
        },
        {
            "index": 6,
            "element": "C",
            "charge": -0.4478508638807135,
            "dipole": [
                -0.07258992855233524,
                0.08814836882713728,
                0.052778472762079746
            ],
            "quadrupole": [
                [
                    -5.112098275140481,
                    -5.084811561382341,
                    -0.03374927711445392
                ],
                [
                    -5.084811561382341,
                    -0.003272267007699888,
                    -5.003794476780128
                ],
                [
                    -0.03374927711445392,
                    -5.003794476780128,
                    0.04477907395263793
                ]
            ],
            "volume_eff": 37.93701828802901,
            "alpha_iso": 11.917387943883458,
            "c6_ii": 45.96058826301302,
            "c8_ii": 1325.3583478514665,
            "c10_ii": 47884.561719028585,
            "slater_b_init": 35.080687882800525
        },
        {
            "index": 7,
            "element": "C",
            "charge": -0.3563576103300843,
            "dipole": [
                0.01750481845232746,
                -0.09907673642080352,
                -0.04113789896885017
            ],