{
    "molecule": "Phos_541",
    "atoms": [
        {
            "index": 0,
            "element": "C",
            "charge": -0.06516621527250877,
            "dipole": [
                0.06073309374446049,
                0.030818703092800426,
                0.17531885965641872
            ],
            "quadrupole": [
                [
                    -4.444261919180778,
                    -4.419739686348572,
                    0.009898648312152758
                ],
                [
                    -4.419739686348572,
                    -0.018779374580037728,
                    -4.279403448332494
                ],
                [
                    0.009898648312152758,
                    -4.279403448332494,
                    0.05254899606284671
                ]
            ],
            "volume_eff": 31.685375801793935,
            "alpha_iso": 9.953521194280817,
            "c6_ii": 32.060989042283886,
            "c8_ii": 819.9520080975738,
            "c10_ii": 26273.287105847823,
            "slater_b_init": 37.25085207047287
        },
        {
            "index": 1,
            "element": "O",
            "charge": -0.5325790529650956,
            "dipole": [
                -0.1728179798347082,
                -0.12800243790750365,
                -0.023032392494284015
            ],
            "quadrupole": [
                [
                    -4.21494167787276,
                    -4.199823234500611,
                    -7.472212509279655e-05
                ],
                [
                    -4.199823234500611,
                    -0.025397935684397268,
                    -4.174584614079096
                ],
                [
                    -7.472212509279655e-05,
                    -4.174584614079096,
                    0.0038235715372355716
                ]
            ],
            "volume_eff": 23.92655731874879,
            "alpha_iso": 7.1383099183007435,
            "c6_ii": 27.26012717556543,
            "c8_ii": 1136.5750864627867,
            "c10_ii": 45632.88961560096,
            "slater_b_init": 33.713293195834574
        },
        {
            "index": 2,
            "element": "P",
            "charge": 1.7623718440655605,
            "dipole": [
                -0.026669857677158883,
                -0.010188824271100991,
                -0.0601222695697514
            ],
            "quadrupole": [
                [
                    -6.202379311263812,
                    -6.104319024603555,
                    -0.06926209970050203
                ],
                [
                    -6.104319024603555,
                    -0.004357688861686807,
                    -6.170439255339551
                ],
                [
                    -0.06926209970050203,
                    -6.170439255339551,
                    -0.04932811063819109
                ]
            ],
            "volume_eff": 48.5596045097659,
            "alpha_iso": 18.676770965294576,
            "c6_ii": 103.25124501226087,
            "c8_ii": 3216.5931417965567,
            "c10_ii": 56749.73966575051,
            "slater_b_init": 36.36860796419468
        },
        {
            "index": 3,
            "element": "O",
            "charge": -0.8120814024713674,
            "dipole": [
                0.1628380614250678,
                0.011214925876918068,
                0.31577619402098717
            ],
            "quadrupole": [
                [
                    -4.674544679268824,
                    -4.6711783379544425,
                    -0.005730046602756245
                ],
                [
                    -4.6711783379544425,
                    0.004306568000561318,
                    -4.706528889782027
                ],
                [
                    -0.005730046602756245,
                    -4.706528889782027,
                    -0.01702161201317295
                ]
            ],
            "volume_eff": 27.74429560097347,
            "alpha_iso": 8.277303659958935,
            "c6_ii": 36.65344964729236,
            "c8_ii": 1686.7372454279491,
            "c10_ii": 74746.28266236905,
            "slater_b_init": 32.09002198921749
        },
        {
            "index": 4,
            "element": "O",
            "charge": -0.5540151360824588,
            "dipole": [
                0.14986411226561952,
                -0.07652895659680119,
                -0.12254335720462191
            ],
            "quadrupole": [
                [
                    -4.214405749662159,
                    -4.2217478529988135,
                    -0.0369243884334784
                ],
                [
                    -4.2217478529988135,
                    0.0007748717938383699,
                    -4.271519487250894
                ],
                [
                    -0.0369243884334784,
                    -4.271519487250894,
                    0.007557396559429257
                ]
            ],
            "volume_eff": 24.26959911807002,
            "alpha_iso": 7.240653880529178,
            "c6_ii": 28.04740296416004,
            "c8_ii": 1180.550313594154,
            "c10_ii": 47850.43954232887,
            "slater_b_init": 33.55369723410119
        },
        {
            "index": 5,
            "element": "C",
            "charge": -0.06949917816711526,
            "dipole": [
                -0.17035226545685794,
                -0.0771284096881183,
                -0.003973388843609103
            ],
            "quadrupole": [
                [
                    -4.32687721238139,
                    -4.394721562632274,
                    -0.016777842737838094
                ],
                [
                    -4.394721562632274,
                    0.07670947457771848,
                    -4.4740124105548364
                ],
                [
                    -0.016777842737838094,
                    -4.4740124105548364,
                    0.025246414205749756
                ]
            ],
            "volume_eff": 31.882221695826715,
            "alpha_iso": 10.01535760078326,
            "c6_ii": 32.46058524177099,
            "c8_ii": 833.6063362140832,
            "c10_ii": 26821.318797569766,
            "slater_b_init": 37.174029524827915
        },
        {
            "index": 6,
            "element": "O",
            "charge": -0.514128460376309,
            "dipole": [
                -0.011119407805449427,
                0.13740926557563396,
                -0.11064851191107061
            ],
            "quadrupole": [
                [
                    -4.105931940294615,
                    -4.141783665375014,
                    0.032720849572478394
                ],
                [
                    -4.141783665375014,
                    0.016232690720213806,
                    -4.125883159304143
                ],
                [
                    0.032720849572478394,
                    -4.125883159304143,
                    -0.013914285945648076
                ]
            ],
            "volume_eff": 23.323174316742236,
            "alpha_iso": 6.958295100022546,
            "c6_ii": 25.902564571480287,
            "c8_ii": 1061.7395177841495,
            "c10_ii": 41908.564280711646,
            "slater_b_init": 34.001548510955374
        },
        {
            "index": 7,
            "element": "C",
            "charge": 0.6029748489922451,
            "dipole": [
                0.1294839523813323,
                -0.08828519950044647,
                -0.13592093100864505
            ],