{
    "molecule": "FRAG_CC_F__F_F",
    "atoms": [
        {
            "index": 0,
            "element": "C",
            "charge": -0.7257544802252713,
            "dipole": [
                -0.06599646023948055,
                -0.0033148142627763004,
                0.00010554151880951775
            ],
            "quadrupole": [
                [
                    -5.569719845974708,
                    -5.5047902956464725,
                    -0.0019268902127468242
                ],
                [
                    -5.5047902956464725,
                    -0.00396320927956114,
                    -5.506184842919409
                ],
                [
                    -0.0019268902127468242,
                    -5.506184842919409,
                    -0.002904929149884242
                ]
            ],
            "volume_eff": 41.955082136069684,
            "alpha_iso": 13.179606953739167,
            "c6_ii": 56.21190999031473,
            "c8_ii": 1733.4992940779073,
            "c10_ii": 66978.19751413597,
            "slater_b_init": 33.923004249594015
        },
        {
            "index": 1,
            "element": "C",
            "charge": 0.929788179455965,
            "dipole": [
                0.11394560085072397,
                0.0024955785789195963,
                -0.0017760605006478308
            ],
            "quadrupole": [
                [
                    -3.1532662017018644,
                    -3.010194707846649,
                    0.0012760361941447098
                ],
                [
                    -3.010194707846649,
                    -0.0038819794249637554,
                    -3.006337049343208
                ],
                [
                    0.0012760361941447098,
                    -3.006337049343208,
                    0.005305163323629719
                ]
            ],
            "volume_eff": 21.224026259005267,
            "alpha_iso": 6.66723337979223,
            "c6_ii": 14.38516141550481,
            "c8_ii": 281.64726105211474,
            "c10_ii": 6908.929874812357,
            "slater_b_init": 42.57420763508156
        },
        {
            "index": 2,
            "element": "F",
            "charge": -0.27603844491569873,
            "dipole": [
                0.010173608937436646,
                -0.008778805400612398,
                0.05935687882010688
            ],
            "quadrupole": [
                [
                    -3.596226914670988,
                    -3.6123759002889453,
                    -0.010099874317728765
                ],
                [
                    -3.6123759002889453,
                    -0.0028114488083433604,
                    -3.5522070896041913
                ],
                [
                    -0.010099874317728765,
                    -3.5522070896041913,
                    0.0174041470182065
                ]
            ],
            "volume_eff": 18.172538155243636,
            "alpha_iso": 5.707078098340976,
            "c6_ii": 21.428118697738988,
            "c8_ii": 946.5943235895571,
            "c10_ii": 38794.25327852372,
            "slater_b_init": 33.182328383189486
        },
        {
            "index": 3,
            "element": "F",
            "charge": -0.27663933956462117,
            "dipole": [
                0.007273511548372663,
                0.05732595643416042,
                -0.02241770961319915
            ],
            "quadrupole": [
                [
                    -3.5995903957672506,
                    -3.5582705424145744,
                    -0.021098334263481452
                ],
                [
                    -3.5582705424145744,
                    0.012193859005767667,
                    -3.6058359869734375
                ],
                [
                    -0.021098334263481452,
                    -3.6058359869734375,
                    -0.004572670654053122
                ]
            ],
            "volume_eff": 18.17925657798988,
            "alpha_iso": 5.709188016228226,
            "c6_ii": 21.443965660949996,
            "c8_ii": 947.5278318307933,
            "c10_ii": 38842.08160557063,
            "slater_b_init": 33.178240200279404
        },
        {
            "index": 4,
            "element": "F",
            "charge": -0.2744892334068716,
            "dipole": [
                0.007165554478454788,
                -0.044453420118715684,
                -0.036204652362042046
            ],
            "quadrupole": [
                [
                    -3.595788871522568,
                    -3.571647733704376,
                    0.03424383818416284
                ],
                [
                    -3.571647733704376,
                    -0.01428409597860761,
                    -3.584470043265153
                ],
                [
                    0.03424383818416284,
                    -3.584470043265153,
                    -0.012202416436738701
                ]
            ],
            "volume_eff": 18.15064798503145,
            "alpha_iso": 5.700203499431364,
            "c6_ii": 21.376526272979984,
            "c8_ii": 943.5567267995123,
            "c10_ii": 38638.703549339785,
            "slater_b_init": 33.19566261798659
        },
        {
            "index": 5,
            "element": "H",
            "charge": 0.20686526241972358,
            "dipole": [
                -0.01599137768402713,
                0.029949242798029883,
                0.024932382885648134
            ],
            "quadrupole": [
                [
                    -0.42004807348691087,
                    -0.4268272523167727,
                    -0.0013827960929765678
                ],
                [
                    -0.4268272523167727,
                    0.003071816426370363,
                    -0.42636532346846223
                ],
                [
                    -0.0013827960929765678,
                    -0.42636532346846223,
                    0.002210074823805838
                ]
            ],
            "volume_eff": 2.3011964243337504,
            "alpha_iso": 0.7344243907448139,
            "c6_ii": 0.17313405961411318,
            "c8_ii": 0.9895686344606367,
            "c10_ii": 7.806376355756403,
            "slater_b_init": 73.19506464772682
        },
        {
            "index": 6,
            "element": "H",
            "charge": 0.20651920681575564,
            "dipole": [
                -0.017275741569078726,
                0.0056816674085492175,
                -0.0384014919748229
            ],
            "quadrupole": [
                [
                    -0.4203939795807628,
                    -0.42564843470677716,
                    0.00035067668970563116
                ],
                [
                    -0.42564843470677716,
                    0.0007195453322913106,
                    -0.4285378710960058
                ],
                [
                    0.00035067668970563116,
                    -0.4285378710960058,
                    -0.00425824937115988
                ]
            ],
            "volume_eff": 2.3042799399205816,
            "alpha_iso": 0.7354084914640154,
            "c6_ii": 0.17359835657101047,
            "c8_ii": 0.9931085421192364,
            "c10_ii": 7.841298386436839,
            "slater_b_init": 73.16240095558547
        },
        {
            "index": 7,
            "element": "H",
            "charge": 0.20681768919851073,
            "dipole": [
                -0.014776154918967662,
                -0.03676221775300579,
                0.01449441194667637
            ],