{
    "molecule": "Li",
    "atoms": [
        {
            "index": 0,
            "element": "Li",
            "charge": 1.000000000003253,
            "dipole": [
                -1.6304975684923993e-18,
                -1.3129584410784923e-18,
                2.238203822439363e-18
            ],
            "quadrupole": [
                [
                    -0.2984320653145901,
                    -0.29843206531459027,
                    -3.8423139283987496e-19
                ],
                [
                    -0.29843206531459027,
                    2.218415424166322e-19,
                    -0.2984320653145902
                ],
                [
                    -3.8423139283987496e-19,
                    -0.2984320653145902,
                    -2.992890685017539e-19
                ]
            ],
            "volume_eff": 0.8922129540668492,
            "alpha_iso": 1.3302084042451205,
            "c6_ii": 0.09144637173657223,
            "c8_ii": 0.1062336808731007,
            "c10_ii": 0.08577145645678312,
            "slater_b_init": 149.31243393785073
        }
    ]
}