{
    "molecule": "PS",
    "atoms": [
        {
            "index": 0,
            "element": "O",
            "charge": -0.6117975680925909,
            "dipole": [
                0.06272703200477153,
                0.06168661363319567,
                0.20599729849848447
            ],
            "quadrupole": [
                [
                    -4.335891423901095,
                    -4.311824251662355,
                    -0.0028672060340347934
                ],
                [
                    -4.311824251662355,
                    -0.0019215389869197649,
                    -4.358901441738288
                ],
                [
                    -0.0028672060340347934,
                    -4.358901441738288,
                    -0.01803317223751995
                ]
            ],
            "volume_eff": 24.983383108929804,
            "alpha_iso": 7.453606010398946,
            "c6_ii": 29.721446636103657,
            "c8_ii": 1275.4229304960643,
            "c10_ii": 52704.54656599542,
            "slater_b_init": 33.23105784818891
        },
        {
            "index": 1,
            "element": "S",
            "charge": 1.4356279992073198,
            "dipole": [
                0.07695414905573993,
                -0.10756000534819875,
                0.05311478191670605
            ],
            "quadrupole": [
                [
                    -7.149235315739874,
                    -6.989458928179472,
                    -0.03986213651998605
                ],
                [
                    -6.989458928179472,
                    0.056851049084655124,
                    -7.204335980172392
                ],
                [
                    -0.03986213651998605,
                    -7.204335980172392,
                    -0.013077450530448462
                ]
            ],
            "volume_eff": 53.48219678153135,
            "alpha_iso": 13.939508735611893,
            "c6_ii": 67.77781941869752,
            "c8_ii": 1612.0198428337744,
            "c10_ii": 38531.794559885566,
            "slater_b_init": 38.090363573956985
        },
        {
            "index": 2,
            "element": "O",
            "charge": -0.6147085442887814,
            "dipole": [
                0.1528400537838596,
                -0.02979359254137259,
                -0.16336708603677186
            ],
            "quadrupole": [
                [
                    -4.368031908420773,
                    -4.314315252677792,
                    -0.013685114060055617
                ],
                [
                    -4.314315252677792,
                    0.01639726102488731,
                    -4.339017670424318
                ],
                [
                    -0.013685114060055617,
                    -4.339017670424318,
                    0.012898318929814023
                ]
            ],
            "volume_eff": 25.02338382700441,
            "alpha_iso": 7.465539926288607,
            "c6_ii": 29.8166964231737,
            "c8_ii": 1280.8757204357012,
            "c10_ii": 52986.355283081226,
            "slater_b_init": 33.21334141799743
        },
        {
            "index": 3,
            "element": "C",
            "charge": -0.5137778489999256,
            "dipole": [
                -0.12222229095604809,
                0.025716634920041326,
                -0.00295697177786349
            ],
            "quadrupole": [
                [
                    -5.180891246788107,
                    -5.175117594151331,
                    0.04094714583326481
                ],
                [
                    -5.175117594151331,
                    0.02704282819244379,
                    -5.121242240607117
                ],
                [
                    0.04094714583326481,
                    -5.121242240607117,
                    -0.008868705458271358
                ]
            ],
            "volume_eff": 38.6073531508289,
            "alpha_iso": 12.127964340574522,
            "c6_ii": 47.59915546913279,
            "c8_ii": 1388.7312530426266,
            "c10_ii": 50763.50855617049,
            "slater_b_init": 34.876467398727435
        },
        {
            "index": 4,
            "element": "C",
            "charge": -0.26946116858698055,
            "dipole": [
                0.058420138094231064,
                0.03074111736976265,
                -0.02891228696669258
            ],
            "quadrupole": [
                [
                    -4.772478433019715,
                    -4.720420611402213,
                    -0.022489589119810735
                ],
                [
                    -4.720420611402213,
                    0.018965170569881458,
                    -4.69594819150302
                ],
                [
                    -0.022489589119810735,
                    -4.69594819150302,
                    0.04189092556345646
                ]
            ],
            "volume_eff": 34.86065177523119,
            "alpha_iso": 10.95099008646006,
            "c6_ii": 38.8087983924763,
            "c8_ii": 1057.7738050836033,
            "c10_ii": 36121.8412170094,
            "slater_b_init": 36.08366684810908
        },
        {
            "index": 5,
            "element": "C",
            "charge": 0.09184360146199744,
            "dipole": [
                0.1389182503448897,
                0.007893369639825119,
                0.05262526232641079
            ],
            "quadrupole": [
                [
                    -4.063023351441846,
                    -4.207502775264837,
                    -0.04356493162748027
                ],
                [
                    -4.207502775264837,
                    -0.051057070841955036,
                    -4.123694997292045
                ],
                [
                    -0.04356493162748027,
                    -4.123694997292045,
                    0.022080567409748418
                ]
            ],
            "volume_eff": 29.62858200756973,
            "alpha_iso": 9.307407960493109,
            "c6_ii": 28.033732507959392,
            "c8_ii": 685.5836412988881,
            "c10_ii": 21006.535257517917,
            "slater_b_init": 38.09361687834895
        },
        {
            "index": 6,
            "element": "O",
            "charge": -0.43657877770125886,
            "dipole": [
                -0.08814694424600883,
                -0.0565262064930849,
                -0.005462920744977131
            ],
            "quadrupole": [
                [
                    -4.040166014043861,
                    -4.113851846092091,
                    0.007591259933638896
                ],
                [
                    -4.113851846092091,
                    -0.000997438229232902,
                    -4.091523559929579
                ],
                [
                    0.007591259933638896,
                    -4.091523559929579,
                    0.013502179715657679
                ]
            ],
            "volume_eff": 23.135393267271073,
            "alpha_iso": 6.902272024489712,
            "c6_ii": 25.487146843649914,
            "c8_ii": 1039.0965993957225,
            "c10_ii": 40794.36804258139,
            "slater_b_init": 34.09329321600333
        },
        {
            "index": 7,
            "element": "H",
            "charge": 0.21580295899969237,
            "dipole": [
                -0.0014412179647017415,
                0.041153935479185756,
                0.024141239810021198
            ],