{
    "molecule": "Phos_753",
    "atoms": [
        {
            "index": 0,
            "element": "C",
            "charge": -0.4893736689787449,
            "dipole": [
                0.021783034250224154,
                -0.07971074760364476,
                -0.013339935421761796
            ],
            "quadrupole": [
                [
                    -5.142405872943035,
                    -5.285926115047932,
                    -0.03220671686508673
                ],
                [
                    -5.285926115047932,
                    0.03956537487634566,
                    -5.116878090917141
                ],
                [
                    -0.03220671686508673,
                    -5.116878090917141,
                    0.019784146724121623
                ]
            ],
            "volume_eff": 38.98640405132688,
            "alpha_iso": 12.24703792188279,
            "c6_ii": 48.53841044637248,
            "c8_ii": 1425.3885942051431,
            "c10_ii": 52443.95892073684,
            "slater_b_init": 34.7630686046591
        },
        {
            "index": 1,
            "element": "C",
            "charge": 0.18244829130741191,
            "dipole": [
                -0.16134899578823414,
                -0.04944508867369073,
                0.11052411623666372
            ],
            "quadrupole": [
                [
                    -4.042573253450118,
                    -4.148169746506182,
                    -0.06785132589494147
                ],
                [
                    -4.148169746506182,
                    0.0997886647922499,
                    -4.0499271673162625
                ],
                [
                    -0.06785132589494147,
                    -4.0499271673162625,
                    0.009038505667311635
                ]
            ],
            "volume_eff": 29.443860973739753,
            "alpha_iso": 9.249380410598874,
            "c6_ii": 27.68526645740702,
            "c8_ii": 674.2446201981089,
            "c10_ii": 20573.147120826172,
            "slater_b_init": 38.173113111091006
        },
        {
            "index": 2,
            "element": "O",
            "charge": -0.5080230931947085,
            "dipole": [
                0.15352722903222607,
                -0.14532285046943116,
                -0.07405807223146726
            ],
            "quadrupole": [
                [
                    -4.153357263748538,
                    -4.170484612438243,
                    -0.022280127664724116
                ],
                [
                    -4.170484612438243,
                    -0.0016833920963431374,
                    -4.105934866963668
                ],
                [
                    -0.022280127664724116,
                    -4.105934866963668,
                    0.0344843743790045
                ]
            ],
            "volume_eff": 23.51348489785774,
            "alpha_iso": 7.015072842454796,
            "c6_ii": 26.327004559848085,
            "c8_ii": 1084.9995554050952,
            "c10_ii": 43059.328776221395,
            "slater_b_init": 33.909567376445594
        },
        {
            "index": 3,
            "element": "P",
            "charge": 1.7504048770282132,
            "dipole": [
                -0.03849689878257109,
                -0.07326721519188432,
                -0.016049367214229008
            ],
            "quadrupole": [
                [
                    -6.174314961394764,
                    -6.18187529677822,
                    -0.059803928151418745
                ],
                [
                    -6.18187529677822,
                    -0.03529581872580986,
                    -6.0206682955392665
                ],
                [
                    -0.059803928151418745,
                    -6.0206682955392665,
                    -0.03312185902564859
                ]
            ],
            "volume_eff": 47.81113457141317,
            "alpha_iso": 18.38889791208199,
            "c6_ii": 100.0928636606081,
            "c8_ii": 3086.0755582831225,
            "c10_ii": 53886.118612849845,
            "slater_b_init": 36.557406298226226
        },
        {
            "index": 4,
            "element": "O",
            "charge": -0.7789132528353022,
            "dipole": [
                0.19207152084101053,
                0.24645414699923496,
                0.20779179274674733
            ],
            "quadrupole": [
                [
                    -4.617289994462519,
                    -4.633144558818017,
                    -0.020827947411325536
                ],
                [
                    -4.633144558818017,
                    -0.004900938728346694,
                    -4.630022017838492
                ],
                [
                    -0.020827947411325536,
                    -4.630022017838492,
                    -0.013710004691715879
                ]
            ],
            "volume_eff": 27.238315096778667,
            "alpha_iso": 8.126348150420155,
            "c6_ii": 35.328722033081554,
            "c8_ii": 1605.9481976191937,
            "c10_ii": 70298.28348494528,
            "slater_b_init": 32.28750619467924
        },
        {
            "index": 5,
            "element": "O",
            "charge": -0.4873760339149058,
            "dipole": [
                -0.041304224798266266,
                0.038292783302032035,
                -0.1879463913513207
            ],
            "quadrupole": [
                [
                    -4.0640149359099205,
                    -4.056122160939108,
                    0.010626380027172306
                ],
                [
                    -4.056122160939108,
                    0.004994648964263093,
                    -4.101995561455328
                ],
                [
                    0.010626380027172306,
                    -4.101995561455328,
                    -0.026206640159019894
                ]
            ],
            "volume_eff": 22.877096660592414,
            "alpha_iso": 6.825211158408787,
            "c6_ii": 24.921217927542447,
            "c8_ii": 1008.4475440208381,
            "c10_ii": 39295.87341398655,
            "slater_b_init": 34.22112479061593
        },
        {
            "index": 6,
            "element": "C",
            "charge": 0.589456628317734,
            "dipole": [
                0.13253917142969623,
                -0.144912675552351,
                -0.08527829136020758
            ],
            "quadrupole": [
                [
                    -3.3039680120777764,
                    -3.3344576227175664,
                    0.019806262663292776
                ],
                [
                    -3.3344576227175664,
                    0.11419207087937239,
                    -3.2133691943738665
                ],
                [
                    0.019806262663292776,
                    -3.2133691943738665,
                    -0.023892944572782304
                ]
            ],
            "volume_eff": 22.16550861816899,
            "alpha_iso": 6.962987000471934,
            "c6_ii": 15.68969832877317,
            "c8_ii": 316.2073816474258,
            "c10_ii": 7984.429203632739,
            "slater_b_init": 41.96268461194462
        },
        {
            "index": 7,
            "element": "N",
            "charge": -0.46869756569130416,
            "dipole": [
                -0.12385133778127196,
                0.15238783119857488,
                0.029251554819420704
            ],