{
    "molecule": "FRAG_CP_eqO__O_O",
    "atoms": [
        {
            "index": 0,
            "element": "C",
            "charge": -0.8984845190666091,
            "dipole": [
                0.10958017737533887,
                0.04835104079111501,
                -0.0517763386186663
            ],
            "quadrupole": [
                [
                    -5.855936423847586,
                    -5.732024973006538,
                    0.04333635486317751
                ],
                [
                    -5.732024973006538,
                    -0.07971094647334848,
                    -5.742439445548279
                ],
                [
                    0.04333635486317751,
                    -5.742439445548279,
                    0.09379736418060329
                ]
            ],
            "volume_eff": 43.707962558176625,
            "alpha_iso": 13.730250018275377,
            "c6_ii": 61.007090800685816,
            "c8_ii": 1933.4204167389255,
            "c10_ii": 76769.15226974776,
            "slater_b_init": 33.46331625479165
        },
        {
            "index": 1,
            "element": "P",
            "charge": 1.7057743423157312,
            "dipole": [
                -0.0390040448483669,
                0.025411832569880156,
                -0.07006848470155179
            ],
            "quadrupole": [
                [
                    -6.463179582243904,
                    -6.232624995636416,
                    0.05358941226357247
                ],
                [
                    -6.232624995636416,
                    -0.10905971885887106,
                    -6.252577484670303
                ],
                [
                    0.05358941226357247,
                    -6.252577484670303,
                    0.08231000114604936
                ]
            ],
            "volume_eff": 50.23742426877523,
            "alpha_iso": 19.32208625722124,
            "c6_ii": 110.50953313012339,
            "c8_ii": 3521.5624495106367,
            "c10_ii": 63553.27743273246,
            "slater_b_init": 35.95913784745583
        },
        {
            "index": 2,
            "element": "O",
            "charge": -0.8807158682796388,
            "dipole": [
                0.02508837139311284,
                -0.1281126857653011,
                0.2790898383400391
            ],
            "quadrupole": [
                [
                    -4.81343189331853,
                    -4.801080552415886,
                    0.006020459883757929
                ],
                [
                    -4.801080552415886,
                    0.0012596875744852842,
                    -4.822554785964328
                ],
                [
                    0.006020459883757929,
                    -4.822554785964328,
                    -0.00845291748018283
                ]
            ],
            "volume_eff": 28.87788092942929,
            "alpha_iso": 8.615500387785533,
            "c6_ii": 39.70983580720677,
            "c8_ii": 1876.8306354474716,
            "c10_ii": 85420.4116644188,
            "slater_b_init": 31.664512679257314
        },
        {
            "index": 3,
            "element": "O",
            "charge": -0.8387561809509343,
            "dipole": [
                0.05737781748581864,
                -0.023500929166449466,
                -0.17673780748247897
            ],
            "quadrupole": [
                [
                    -4.599168689924766,
                    -4.624178795776664,
                    -0.03265432380968984
                ],
                [
                    -4.624178795776664,
                    0.023032851318556067,
                    -4.66823897546843
                ],
                [
                    -0.03265432380968984,
                    -4.66823897546843,
                    -0.025452822714260397
                ]
            ],
            "volume_eff": 27.28864994502477,
            "alpha_iso": 8.141365176968716,
            "c6_ii": 35.45941359184629,
            "c8_ii": 1613.8742573560778,
            "c10_ii": 70732.24184525374,
            "slater_b_init": 32.2676421731837
        },
        {
            "index": 4,
            "element": "O",
            "charge": -0.8409131779930235,
            "dipole": [
                0.01173845406506942,
                0.1674899135921083,
                -0.08660594496330438
            ],
            "quadrupole": [
                [
                    -4.614198948697578,
                    -4.668276760513642,
                    0.007284495509353308
                ],
                [
                    -4.668276760513642,
                    0.03752436026930475,
                    -4.624615080125883
                ],
                [
                    0.007284495509353308,
                    -4.624615080125883,
                    -0.03516430495329424
                ]
            ],
            "volume_eff": 27.33646498381621,
            "alpha_iso": 8.155630437160637,
            "c6_ii": 35.58378608057749,
            "c8_ii": 1621.4261327114673,
            "c10_ii": 71146.20931155447,
            "slater_b_init": 32.24881775674333
        },
        {
            "index": 5,
            "element": "H",
            "charge": 0.24169804481466306,
            "dipole": [
                -0.005380861759353266,
                0.015575790764725884,
                -0.03494230031862266
            ],
            "quadrupole": [
                [
                    -0.39036672150856666,
                    -0.3929773996887005,
                    0.004084544886993366
                ],
                [
                    -0.3929773996887005,
                    -0.0011446248040572879,
                    -0.39851515719986946
                ],
                [
                    0.004084544886993366,
                    -0.39851515719986946,
                    0.0026025779288874674
                ]
            ],
            "volume_eff": 2.096537071133834,
            "alpha_iso": 0.6691075758937769,
            "c6_ii": 0.14370776112443956,
            "c8_ii": 0.7719269484854359,
            "c10_ii": 5.722849659352789,
            "slater_b_init": 75.50322696657122
        },
        {
            "index": 6,
            "element": "H",
            "charge": 0.2506366040196977,
            "dipole": [
                0.015484941690867553,
                0.027208799653783644,
                0.023266421296626316
            ],
            "quadrupole": [
                [
                    -0.3862042961094157,
                    -0.38707891049776444,
                    -0.0016831392731938026
                ],
                [
                    -0.38707891049776444,
                    -0.003875403192718438,
                    -0.3837278094644107
                ],
                [
                    -0.0016831392731938026,
                    -0.3837278094644107,
                    -0.0016817875895931357
                ]
            ],
            "volume_eff": 2.041338853449001,
            "alpha_iso": 0.6514911234411705,
            "c6_ii": 0.13624021953072346,
            "c8_ii": 0.7189130235142309,
            "c10_ii": 5.235853936417768,
            "slater_b_init": 76.17772436672746
        },
        {
            "index": 7,
            "element": "H",
            "charge": 0.2504288072479237,
            "dipole": [
                0.027986553727761005,
                -0.027277042687655195,
                -0.003199275486525153
            ],