{
    "molecule": "FRAG_CCF",
    "atoms": [
        {
            "index": 0,
            "element": "C",
            "charge": -0.515600164905968,
            "dipole": [
                -0.039106247703170914,
                0.0008112754226277467,
                0.004289473733245143
            ],
            "quadrupole": [
                [
                    -5.25744601441615,
                    -5.17551517665403,
                    0.0024058075406187536
                ],
                [
                    -5.17551517665403,
                    -0.020182909005359722,
                    -5.175607794451507
                ],
                [
                    0.0024058075406187536,
                    -5.175607794451507,
                    -0.0020975804087403783
                ]
            ],
            "volume_eff": 39.29243874205079,
            "alpha_iso": 12.343174473942657,
            "c6_ii": 49.30343301381413,
            "c8_ii": 1455.4214125861995,
            "c10_ii": 53828.81503386737,
            "slater_b_init": 34.67258091984452
        },
        {
            "index": 1,
            "element": "C",
            "charge": 0.15653775112187773,
            "dipole": [
                -0.00036054621194304525,
                0.14190806523436236,
                0.04462449452845354
            ],
            "quadrupole": [
                [
                    -4.152729328300808,
                    -4.015584862278383,
                    0.02073365079109715
                ],
                [
                    -4.015584862278383,
                    -0.08050992162986231,
                    -4.052710500371137
                ],
                [
                    0.02073365079109715,
                    -4.052710500371137,
                    -0.0191496317634245
                ]
            ],
            "volume_eff": 29.324844352599495,
            "alpha_iso": 9.21199299034539,
            "c6_ii": 27.461902584753084,
            "c8_ii": 667.0013443398578,
            "c10_ii": 20297.252571636112,
            "slater_b_init": 38.22468601832593
        },
        {
            "index": 2,
            "element": "F",
            "charge": -0.23966665254316766,
            "dipole": [
                0.038486141105561464,
                -0.028258336250599984,
                -0.012299606297669187
            ],
            "quadrupole": [
                [
                    -3.566643068090466,
                    -3.54503281681939,
                    0.020597523939509615
                ],
                [
                    -3.54503281681939,
                    -0.030312429688198583,
                    -3.5936908866498123
                ],
                [
                    0.020597523939509615,
                    -3.5936908866498123,
                    -0.012541596311475828
                ]
            ],
            "volume_eff": 18.08967802041849,
            "alpha_iso": 5.681055907238865,
            "c6_ii": 21.233155408666843,
            "c8_ii": 935.1283477181698,
            "c10_ii": 38207.758074403515,
            "slater_b_init": 33.23291533146813
        },
        {
            "index": 3,
            "element": "H",
            "charge": 0.1536169659505051,
            "dipole": [
                0.016066035653430434,
                -0.03995084347125252,
                -0.014218047212115038
            ],
            "quadrupole": [
                [
                    -0.47675324341619085,
                    -0.4863823289532333,
                    -0.0015896826378093932
                ],
                [
                    -0.4863823289532333,
                    0.006381821435144903,
                    -0.4839167869985668
                ],
                [
                    -0.0015896826378093932,
                    -0.4839167869985668,
                    0.0015162365693699373
                ]
            ],
            "volume_eff": 2.709550007072673,
            "alpha_iso": 0.864750002257236,
            "c6_ii": 0.24003218180865593,
            "c8_ii": 1.5297784373922563,
            "c10_ii": 13.456364809625008,
            "slater_b_init": 69.31607644030989
        },
        {
            "index": 4,
            "element": "H",
            "charge": 0.15407474999301396,
            "dipole": [
                0.002648369094106148,
                0.03603512399401102,
                -0.028061760249375723
            ],
            "quadrupole": [
                [
                    -0.47285842763740765,
                    -0.4852401741093932,
                    0.002879971573696325
                ],
                [
                    -0.4852401741093932,
                    -0.002600050804470757,
                    -0.48273109005619974
                ],
                [
                    0.002879971573696325,
                    -0.48273109005619974,
                    0.003789175969819353
                ]
            ],
            "volume_eff": 2.694820098146197,
            "alpha_iso": 0.860048967493467,
            "c6_ii": 0.2374295047981611,
            "c8_ii": 1.5077019173029143,
            "c10_ii": 13.214065114829188,
            "slater_b_init": 69.44214111058797
        },
        {
            "index": 5,
            "element": "H",
            "charge": 0.1539545651432589,
            "dipole": [
                0.009137875965989386,
                0.013685752458125519,
                0.04285527569365298
            ],
            "quadrupole": [
                [
                    -0.4749158577249477,
                    -0.4818653483944171,
                    -0.002731616181351644
                ],
                [
                    -0.4818653483944171,
                    -0.00012962066996168327,
                    -0.4846581080353066
                ],
                [
                    -0.002731616181351644,
                    -0.4846581080353066,
                    -0.006647999795608866
                ]
            ],
            "volume_eff": 2.6964110267973664,
            "alpha_iso": 0.8605567106800106,
            "c6_ii": 0.23770992789760972,
            "c8_ii": 1.510076672138639,
            "c10_ii": 13.240086787725106,
            "slater_b_init": 69.42848107312972
        },
        {
            "index": 6,
            "element": "H",
            "charge": 0.06860966991767303,
            "dipole": [
                -0.00579943200673822,
                -0.04219235580172535,
                0.05113187536359036
            ],
            "quadrupole": [
                [
                    -0.5377165849980874,
                    -0.5388097068490503,
                    0.008854552628584911
                ],
                [
                    -0.5388097068490503,
                    -0.011371409253349814,
                    -0.5469331021415814
                ],
                [
                    0.008854552628584911,
                    -0.5469331021415814,
                    -0.0010310667796133214
                ]
            ],
            "volume_eff": 3.073714675791368,
            "alpha_iso": 0.9809727688695855,
            "c6_ii": 0.3088888506772246,
            "c8_ii": 2.1412738593524128,
            "c10_ii": 20.487187993944794,
            "slater_b_init": 66.4627813800348
        },
        {
            "index": 7,
            "element": "H",
            "charge": 0.06823000346756336,
            "dipole": [
                -0.016392161019183785,
                -0.005591855983230453,
                -0.06475403896285381
            ],