{
    "molecule": "VC",
    "atoms": [
        {
            "index": 0,
            "element": "C",
            "charge": -0.06902297103678201,
            "dipole": [
                0.1141413735428134,
                -0.14806178947240664,
                -0.053789709898657494
            ],
            "quadrupole": [
                [
                    -4.40614079614525,
                    -4.465210571139892,
                    0.002967139266385724
                ],
                [
                    -4.465210571139892,
                    -0.06667002912787955,
                    -4.394019560033734
                ],
                [
                    0.002967139266385724,
                    -4.394019560033734,
                    -0.010664818190369376
                ]
            ],
            "volume_eff": 32.16306068620322,
            "alpha_iso": 10.103579273152842,
            "c6_ii": 33.03497110004154,
            "c8_ii": 853.3315202768473,
            "c10_ii": 27616.974836560068,
            "slater_b_init": 37.06551527356995
        },
        {
            "index": 1,
            "element": "C",
            "charge": -0.05894808131510221,
            "dipole": [
                0.13907392602538204,
                0.13609417885249134,
                -0.00622095438899548
            ],
            "quadrupole": [
                [
                    -4.3584718470400885,
                    -4.45124499687333,
                    -0.026147050681859834
                ],
                [
                    -4.45124499687333,
                    0.05874349511510226,
                    -4.386919351131035
                ],
                [
                    -0.026147050681859834,
                    -4.386919351131035,
                    0.006499740021553968
                ]
            ],
            "volume_eff": 31.943065637071683,
            "alpha_iso": 10.034470880755501,
            "c6_ii": 32.58459883974738,
            "c8_ii": 837.8553575901768,
            "c10_ii": 26992.318092125326,
            "slater_b_init": 37.150411962168306
        },
        {
            "index": 2,
            "element": "O",
            "charge": -0.2943235417176595,
            "dipole": [
                -0.0701352201822954,
                0.05226763086697261,
                0.02700403357931792
            ],
            "quadrupole": [
                [
                    -3.860789870989893,
                    -3.940224894103868,
                    -0.003327198385537851
                ],
                [
                    -3.940224894103868,
                    -0.029480450736321613,
                    -3.8934404009953836
                ],
                [
                    -0.003327198385537851,
                    -3.8934404009953836,
                    -0.013787001935158688
                ]
            ],
            "volume_eff": 21.787525082182942,
            "alpha_iso": 6.500145604629165,
            "c6_ii": 22.60389331102626,
            "c8_ii": 885.3981843776119,
            "c10_ii": 33396.702599337514,
            "slater_b_init": 34.782325553890885
        },
        {
            "index": 3,
            "element": "C",
            "charge": 0.948673905435772,
            "dipole": [
                -0.04426054926427002,
                0.002291243306537225,
                0.010639571214667173
            ],
            "quadrupole": [
                [
                    -2.95846496638913,
                    -2.911727764261562,
                    -0.02463162516431311
                ],
                [
                    -2.911727764261562,
                    -0.004044423462889876,
                    -2.7921942427982405
                ],
                [
                    -0.02463162516431311,
                    -2.7921942427982405,
                    0.040498761282334005
                ]
            ],
            "volume_eff": 19.31713031922738,
            "alpha_iso": 6.0682084772442035,
            "c6_ii": 11.91638182045629,
            "c8_ii": 219.1181873692502,
            "c10_ii": 5048.087832591685,
            "slater_b_init": 43.93139176203707
        },
        {
            "index": 4,
            "element": "O",
            "charge": -0.596676866075498,
            "dipole": [
                0.17428010717505962,
                -0.00715875286825076,
                -0.04214015370313874
            ],
            "quadrupole": [
                [
                    -4.38943901010832,
                    -4.436890161108998,
                    -0.02493085074383616
                ],
                [
                    -4.436890161108998,
                    -0.008429370205280614,
                    -4.3049568657684
                ],
                [
                    -0.02493085074383616,
                    -4.3049568657684,
                    0.022006611614249123
                ]
            ],
            "volume_eff": 25.552536879279696,
            "alpha_iso": 7.623408792713279,
            "c6_ii": 31.091057657227807,
            "c8_ii": 1354.3834041883108,
            "c10_ii": 56814.257429193996,
            "slater_b_init": 32.98247493751152
        },
        {
            "index": 5,
            "element": "O",
            "charge": -0.2906930717781364,
            "dipole": [
                -0.07646413813838317,
                -0.04165946390325774,
                0.008853926968322788
            ],
            "quadrupole": [
                [
                    -3.8478715975204927,
                    -3.9324663880563646,
                    -0.013639081739044958
                ],
                [
                    -3.9324663880563646,
                    0.022063851163602925,
                    -3.893243586493491
                ],
                [
                    -0.013639081739044958,
                    -3.893243586493491,
                    -0.004407352535787765
                ]
            ],
            "volume_eff": 21.729087231289093,
            "alpha_iso": 6.482711107677409,
            "c6_ii": 22.482800945384884,
            "c8_ii": 879.0795608683231,
            "c10_ii": 33099.050348746125,
            "slater_b_init": 34.81347864835072
        },
        {
            "index": 6,
            "element": "H",
            "charge": 0.18255406471598867,
            "dipole": [
                -0.048612642556208556,
                -0.040789826525275553,
                0.0034794039079743383
            ],
            "quadrupole": [
                [
                    -0.42003703492236777,
                    -0.42139582130621234,
                    0.0060954134207981125
                ],
                [
                    -0.42139582130621234,
                    -0.005986866712720761,
                    -0.44279127246731204
                ],
                [
                    0.0060954134207981125,
                    -0.44279127246731204,
                    -0.006839183357158027
                ]
            ],
            "volume_eff": 2.2860326813577148,
            "alpha_iso": 0.7295848983056537,
            "c6_ii": 0.17085984221885736,
            "c8_ii": 0.9722752698513513,
            "c10_ii": 7.636223534785707,
            "slater_b_init": 73.35654762035011
        },
        {
            "index": 7,
            "element": "H",
            "charge": 0.180580090969245,
            "dipole": [
                -0.04196962121431015,
                0.045097070026672036,
                0.01805095656883175
            ],