{
    "molecule": "LEth_132",
    "atoms": [
        {
            "index": 0,
            "element": "C",
            "charge": -0.46670921913204566,
            "dipole": [
                0.05989972039921907,
                -0.009222687152280959,
                -0.0058306035248393735
            ],
            "quadrupole": [
                [
                    -5.098888087044981,
                    -5.086557051327976,
                    -0.004269494608104636
                ],
                [
                    -5.086557051327976,
                    0.04938283723504653,
                    -5.087141705833963
                ],
                [
                    -0.004269494608104636,
                    -5.087141705833963,
                    0.01277196015107978
                ]
            ],
            "volume_eff": 38.17143642752438,
            "alpha_iso": 11.991027150007657,
            "c6_ii": 46.530336919649216,
            "c8_ii": 1347.309822057671,
            "c10_ii": 48877.97604814363,
            "slater_b_init": 35.00872795533383
        },
        {
            "index": 1,
            "element": "C",
            "charge": 0.10409032277495989,
            "dipole": [
                0.031800942637823786,
                0.15484902466434294,
                0.03187408623589601
            ],
            "quadrupole": [
                [
                    -4.176271433205276,
                    -4.12936439242224,
                    -0.010233107134488653
                ],
                [
                    -4.12936439242224,
                    0.09909976578648776,
                    -4.119018417188123
                ],
                [
                    -0.010233107134488653,
                    -4.119018417188123,
                    0.02733624058100067
                ]
            ],
            "volume_eff": 29.868011660727063,
            "alpha_iso": 9.382621464102742,
            "c6_ii": 28.488646431254818,
            "c8_ii": 700.4572476234046,
            "c10_ii": 21577.737775954836,
            "slater_b_init": 37.99155426474499
        },
        {
            "index": 2,
            "element": "O",
            "charge": -0.4802759413717581,
            "dipole": [
                -0.13183419806057822,
                0.010754305184327548,
                0.011532487255145368
            ],
            "quadrupole": [
                [
                    -4.117101935621022,
                    -4.2077462689718335,
                    0.00022733443588369656
                ],
                [
                    -4.2077462689718335,
                    0.007407392714066348,
                    -4.21532954411773
                ],
                [
                    0.00022733443588369656,
                    -4.21532954411773,
                    -0.00707496026605434
                ]
            ],
            "volume_eff": 24.027191763372485,
            "alpha_iso": 7.168333454265825,
            "c6_ii": 27.489920109057852,
            "c8_ii": 1149.3675518983214,
            "c10_ii": 46275.803757257745,
            "slater_b_init": 33.66615956682955
        },
        {
            "index": 3,
            "element": "C",
            "charge": 1.0991958278432898,
            "dipole": [
                0.026218630593143773,
                -0.004345367661393912,
                -0.003314811787068334
            ],
            "quadrupole": [
                [
                    -2.9046398730468383,
                    -2.870107143743866,
                    0.00048559090331229236
                ],
                [
                    -2.870107143743866,
                    0.01218239288224977,
                    -2.8709880779613393
                ],
                [
                    0.00048559090331229236,
                    -2.8709880779613393,
                    0.0064108622371317845
                ]
            ],
            "volume_eff": 19.98734475213578,
            "alpha_iso": 6.278747042555742,
            "c6_ii": 12.757612237341357,
            "c8_ii": 239.9818572000709,
            "c10_ii": 5655.902078982378,
            "slater_b_init": 43.43476380202367
        },
        {
            "index": 4,
            "element": "F",
            "charge": -0.2805248677423542,
            "dipole": [
                0.056270659119930705,
                0.07811308606479768,
                0.01396619458156998
            ],
            "quadrupole": [
                [
                    -3.5732445053735757,
                    -3.5806769449936193,
                    0.004270353514345954
                ],
                [
                    -3.5806769449936193,
                    0.030173966755636328,
                    -3.6154212732224056
                ],
                [
                    0.004270353514345954,
                    -3.6154212732224056,
                    0.002691074376816023
                ]
            ],
            "volume_eff": 18.181530656436035,
            "alpha_iso": 5.70990218962454,
            "c6_ii": 21.4493309309731,
            "c8_ii": 947.8439396958184,
            "c10_ii": 38858.28007365152,
            "slater_b_init": 33.176856872178845
        },
        {
            "index": 5,
            "element": "F",
            "charge": -0.2961516793802943,
            "dipole": [
                0.011958498302309266,
                -0.06555693168140045,
                0.07077721699876782
            ],
            "quadrupole": [
                [
                    -3.6225506626502018,
                    -3.604681644497469,
                    -0.027805774640452818
                ],
                [
                    -3.604681644497469,
                    -0.006808854776607904,
                    -3.6041590376636305
                ],
                [
                    -0.027805774640452818,
                    -3.6041590376636305,
                    0.005580518522827493
                ]
            ],
            "volume_eff": 18.334526295877772,
            "alpha_iso": 5.757950406969878,
            "c6_ii": 21.811837427055654,
            "c8_ii": 969.2627159841361,
            "c10_ii": 39958.98160480633,
            "slater_b_init": 33.084315635672176
        },
        {
            "index": 6,
            "element": "F",
            "charge": -0.2960504019996595,
            "dipole": [
                -5.626888966532792e-05,
                -0.0297742318567548,
                -0.09236858550877125
            ],
            "quadrupole": [
                [
                    -3.6235824374216947,
                    -3.6263947561378584,
                    0.01776519777130795
                ],
                [
                    -3.6263947561378584,
                    -0.0022467118448633947,
                    -3.581412022745287
                ],
                [
                    0.01776519777130795,
                    -3.581412022745287,
                    -0.004372312921981418
                ]
            ],
            "volume_eff": 18.335829555285876,
            "alpha_iso": 5.7583596950484575,
            "c6_ii": 21.81493840628853,
            "c8_ii": 969.4464532036004,
            "c10_ii": 39968.45030459033,
            "slater_b_init": 33.083531770270305
        },
        {
            "index": 7,
            "element": "H",
            "charge": 0.14912599875017518,
            "dipole": [
                0.007062112544015865,
                0.019194843409099726,
                0.0433041330790708
            ],