{
    "molecule": "EC",
    "atoms": [
        {
            "index": 0,
            "element": "C",
            "charge": 1.0425214437476207,
            "dipole": [
                3.214597163483479e-15,
                -0.0366113879677751,
                -1.7430835849877627e-15
            ],
            "quadrupole": [
                [
                    -2.800049973248848,
                    -2.863552105761828,
                    -1.0136856286525124e-14
                ],
                [
                    -2.863552105761828,
                    -9.256930048331004e-15,
                    -2.6862062100729127
                ],
                [
                    -1.0136856286525124e-14,
                    -2.6862062100729127,
                    1.3150779518227366e-14
                ]
            ],
            "volume_eff": 18.776186440159986,
            "alpha_iso": 5.898278462877482,
            "c6_ii": 11.258329856076575,
            "c8_ii": 203.13488130935892,
            "c10_ii": 4592.080579912374,
            "slater_b_init": 44.349293149546384
        },
        {
            "index": 1,
            "element": "O",
            "charge": -0.6416071305859852,
            "dipole": [
                -1.8844358786834078e-14,
                0.16967647452433504,
                -2.4988365291131523e-15
            ],
            "quadrupole": [
                [
                    -4.580122663479545,
                    -4.514478201794834,
                    3.3008207955712194e-15
                ],
                [
                    -4.514478201794834,
                    -6.246196008220234e-14,
                    -4.44276046386599
                ],
                [
                    3.3008207955712194e-15,
                    -4.44276046386599,
                    -1.0254536860405758e-14
                ]
            ],
            "volume_eff": 27.12924234158724,
            "alpha_iso": 8.093807107434866,
            "c6_ii": 35.046348781922674,
            "c8_ii": 1588.856470767899,
            "c10_ii": 69364.32095664054,
            "slater_b_init": 32.330718829666814
        },
        {
            "index": 2,
            "element": "O",
            "charge": -0.43125419957701183,
            "dipole": [
                0.013768626042599813,
                -0.09373564006622305,
                5.37640621276851e-15
            ],
            "quadrupole": [
                [
                    -4.16609748396901,
                    -4.043442341368231,
                    4.4301760292076094e-15
                ],
                [
                    -4.043442341368231,
                    -0.026929452226364572,
                    -4.1093769660668675
                ],
                [
                    4.4301760292076094e-15,
                    -4.1093769660668675,
                    3.56828041103683e-15
                ]
            ],
            "volume_eff": 23.56742852630112,
            "alpha_iso": 7.031166521658897,
            "c6_ii": 26.447939692134128,
            "c8_ii": 1091.650010428184,
            "c10_ii": 43389.49388963699,
            "slater_b_init": 33.88367567447544
        },
        {
            "index": 3,
            "element": "O",
            "charge": -0.4312541995770509,
            "dipole": [
                -0.01376862604257786,
                -0.09373564006623426,
                -8.046188312252022e-15
            ],
            "quadrupole": [
                [
                    -4.166097483969239,
                    -4.043442341368391,
                    -2.2665119078782454e-14
                ],
                [
                    -4.043442341368391,
                    0.02692945222642977,
                    -4.109376966067062
                ],
                [
                    -2.2665119078782454e-14,
                    -4.109376966067062,
                    3.536429908052573e-14
                ]
            ],
            "volume_eff": 23.567428526302972,
            "alpha_iso": 7.0311665216594506,
            "c6_ii": 26.447939692138288,
            "c8_ii": 1091.650010428413,
            "c10_ii": 43389.493889648365,
            "slater_b_init": 33.88367567447455
        },
        {
            "index": 4,
            "element": "C",
            "charge": 0.0362239628438239,
            "dipole": [
                0.04747218495953017,
                0.14594689858323856,
                1.3090735850897706e-14
            ],
            "quadrupole": [
                [
                    -4.248229822045098,
                    -4.086180016087331,
                    7.472829911914306e-16
                ],
                [
                    -4.086180016087331,
                    0.07471816690073108,
                    -4.172141590117466
                ],
                [
                    7.472829911914306e-16,
                    -4.172141590117466,
                    1.1767446743214948e-14
                ]
            ],
            "volume_eff": 29.951941663777063,
            "alpha_iso": 9.408986910087034,
            "c6_ii": 28.64897927650844,
            "c8_ii": 705.7183617217919,
            "c10_ii": 21780.514827602634,
            "slater_b_init": 37.956034984187404
        },
        {
            "index": 5,
            "element": "C",
            "charge": 0.036223962843957125,
            "dipole": [
                -0.047472184959526806,
                0.14594689858323154,
                1.117217604168168e-14
            ],
            "quadrupole": [
                [
                    -4.248229822044944,
                    -4.086180016087046,
                    -2.824844876072267e-15
                ],
                [
                    -4.086180016087046,
                    -0.07471816690075302,
                    -4.172141590117077
                ],
                [
                    -2.824844876072267e-15,
                    -4.172141590117077,
                    2.148339685606084e-14
                ]
            ],
            "volume_eff": 29.951941663774235,
            "alpha_iso": 9.408986910086146,
            "c6_ii": 28.64897927650303,
            "c8_ii": 705.7183617216141,
            "c10_ii": 21780.514827595776,
            "slater_b_init": 37.9560349841886
        },
        {
            "index": 6,
            "element": "H",
            "charge": 0.09749491610206162,
            "dipole": [
                0.019257901587448313,
                -0.023611399586273767,
                0.052947752345450926
            ],
            "quadrupole": [
                [
                    -0.5192444249376021,
                    -0.507147393783838,
                    0.004391271466172059
                ],
                [
                    -0.507147393783838,
                    0.010037147512516867,
                    -0.5252153677895702
                ],
                [
                    0.004391271466172059,
                    -0.5252153677895702,
                    -0.0015370230783873563
                ]
            ],
            "volume_eff": 2.92167896963142,
            "alpha_iso": 0.9324507349887511,
            "c6_ii": 0.27908732966305694,
            "c8_ii": 1.870349345097711,
            "c10_ii": 17.29997591730565,
            "slater_b_init": 67.59618679025392
        },
        {
            "index": 7,
            "element": "H",
            "charge": 0.09749491610206329,
            "dipole": [
                0.01925790158744873,
                -0.02361139958627422,
                -0.05294775234545543
            ],