{
    "molecule": "FRAG_C1CCOC1",
    "atoms": [
        {
            "index": 0,
            "element": "C",
            "charge": -0.30135958309400657,
            "dipole": [
                -0.05652986668797694,
                0.012128627573981799,
                -0.0165222157116927
            ],
            "quadrupole": [
                [
                    -4.842182880625567,
                    -4.833448426177478,
                    0.057281452312566886
                ],
                [
                    -4.833448426177478,
                    -0.010695689285385631,
                    -4.809481495164673
                ],
                [
                    0.057281452312566886,
                    -4.809481495164673,
                    -0.026908668005354342
                ]
            ],
            "volume_eff": 35.98189832070114,
            "alpha_iso": 11.303214132157425,
            "c6_ii": 41.34541303354858,
            "c8_ii": 1150.9478853623589,
            "c10_ii": 40141.94795887658,
            "slater_b_init": 35.704898925298444
        },
        {
            "index": 1,
            "element": "C",
            "charge": -0.27992991821472035,
            "dipole": [
                0.05833094040094277,
                0.018688296381884816,
                0.013482424412738519
            ],
            "quadrupole": [
                [
                    -4.7886290006762104,
                    -4.796936901419471,
                    -0.03554739332169936
                ],
                [
                    -4.796936901419471,
                    -0.0009548612445014233,
                    -4.733196437435643
                ],
                [
                    -0.03554739332169936,
                    -4.733196437435643,
                    -0.03697038415621455
                ]
            ],
            "volume_eff": 35.41759160006904,
            "alpha_iso": 11.12594500525729,
            "c6_ii": 40.05873607858644,
            "c8_ii": 1103.440371709232,
            "c10_ii": 38081.57976960698,
            "slater_b_init": 35.893528759112236
        },
        {
            "index": 2,
            "element": "C",
            "charge": 0.0938633033065166,
            "dipole": [
                0.13556538005511398,
                0.04350716745161749,
                -0.028074014901640697
            ],
            "quadrupole": [
                [
                    -4.15450681895481,
                    -4.197099098318233,
                    -0.02685777330587623
                ],
                [
                    -4.197099098318233,
                    0.06764567467288897,
                    -4.160220796096312
                ],
                [
                    -0.02685777330587623,
                    -4.160220796096312,
                    0.008826388475773281
                ]
            ],
            "volume_eff": 30.203274670575755,
            "alpha_iso": 9.48793968709186,
            "c6_ii": 29.131795673434745,
            "c8_ii": 721.6205402936752,
            "c10_ii": 22395.717340195417,
            "slater_b_init": 37.85045936461233
        },
        {
            "index": 3,
            "element": "O",
            "charge": -0.3888859367211648,
            "dipole": [
                -0.0035395510512137196,
                -0.10274064413410262,
                0.016462068198302208
            ],
            "quadrupole": [
                [
                    -3.9928100368287422,
                    -4.128782271091169,
                    -0.00367047152292984
                ],
                [
                    -4.128782271091169,
                    -0.008100759051773923,
                    -4.153944656257145
                ],
                [
                    -0.00367047152292984,
                    -4.153944656257145,
                    -0.018422859177153434
                ]
            ],
            "volume_eff": 23.434755352805396,
            "alpha_iso": 6.991584469897742,
            "c6_ii": 26.150999761164552,
            "c8_ii": 1075.3389028074616,
            "c10_ii": 42580.622124433474,
            "slater_b_init": 33.94749822913635
        },
        {
            "index": 4,
            "element": "C",
            "charge": 0.09349886985526545,
            "dipole": [
                -0.13128781773512,
                0.05867914393328932,
                0.011056448463609354
            ],
            "quadrupole": [
                [
                    -4.164049143878399,
                    -4.175827840860945,
                    0.03153464700133305
                ],
                [
                    -4.175827840860945,
                    -0.06638714124453297,
                    -4.178984385861948
                ],
                [
                    0.03153464700133305,
                    -4.178984385861948,
                    0.030353548096797956
                ]
            ],
            "volume_eff": 30.22309323328052,
            "alpha_iso": 9.494165413595974,
            "c6_ii": 29.17003919148365,
            "c8_ii": 722.8839179394637,
            "c10_ii": 22444.739707877812,
            "slater_b_init": 37.84218417227452
        },
        {
            "index": 5,
            "element": "H",
            "charge": 0.12596576422411143,
            "dipole": [
                -0.006532895145416824,
                0.009339257733708,
                0.04589260083008708
            ],
            "quadrupole": [
                [
                    -0.4916845999670978,
                    -0.4949574988815297,
                    0.0006168125919257854
                ],
                [
                    -0.4949574988815297,
                    0.002402716216713911,
                    -0.5134494460657415
                ],
                [
                    0.0006168125919257854,
                    -0.5134494460657415,
                    -0.0008557584358669935
                ]
            ],
            "volume_eff": 2.817529509700244,
            "alpha_iso": 0.8992115456490142,
            "c6_ii": 0.25954464814247796,
            "c8_ii": 1.6977953597129427,
            "c10_ii": 15.328468350176983,
            "slater_b_init": 68.4190234365112
        },
        {
            "index": 6,
            "element": "H",
            "charge": 0.13221411056075105,
            "dipole": [
                0.0213204332353549,
                -0.037864611841067215,
                -0.023389233785674566
            ],
            "quadrupole": [
                [
                    -0.4927134112079851,
                    -0.5001268936351073,
                    -0.0018439796936580263
                ],
                [
                    -0.5001268936351073,
                    0.008814896702311933,
                    -0.49654840321013327
                ],
                [
                    -0.0018439796936580263,
                    -0.49654840321013327,
                    0.001274316168622295
                ]
            ],
            "volume_eff": 2.7942595063919016,
            "alpha_iso": 0.8917849488484793,
            "c6_ii": 0.2552751885161704,
            "c8_ii": 1.6606599512546734,
            "c10_ii": 14.910526330615683,
            "slater_b_init": 68.60842503466449
        },
        {
            "index": 7,
            "element": "H",
            "charge": 0.12191389316808388,
            "dipole": [
                0.006992062956127244,
                -0.005892037237962136,
                -0.04756422777466242
            ],