{
    "molecule": "FRAG_CC_eqO_O",
    "atoms": [
        {
            "index": 0,
            "element": "C",
            "charge": -0.6422850877762301,
            "dipole": [
                -0.014145397602096672,
                -0.01022498979632577,
                -0.0010840243630355845
            ],
            "quadrupole": [
                [
                    -5.3615611917736565,
                    -5.313128672670765,
                    0.000438920171465585
                ],
                [
                    -5.313128672670765,
                    -0.030447056286446658,
                    -5.289689522645498
                ],
                [
                    0.000438920171465585,
                    -5.289689522645498,
                    -0.010593534905237316
                ]
            ],
            "volume_eff": 39.868929799707914,
            "alpha_iso": 12.524271141269502,
            "c6_ii": 50.76078702148389,
            "c8_ii": 1513.0629917070771,
            "c10_ii": 56506.7241191872,
            "slater_b_init": 34.5046510190536
        },
        {
            "index": 1,
            "element": "C",
            "charge": 0.8741022204450122,
            "dipole": [
                0.04537669085692193,
                -0.029345458158317395,
                0.02128582648425619
            ],
            "quadrupole": [
                [
                    -3.0867972946127593,
                    -2.981715042074301,
                    0.03885441724557721
                ],
                [
                    -2.981715042074301,
                    -0.046655465526341255,
                    -2.839326777928554
                ],
                [
                    0.03885441724557721,
                    -2.839326777928554,
                    -0.05971487322514888
                ]
            ],
            "volume_eff": 19.972475446167177,
            "alpha_iso": 6.274076056387595,
            "c6_ii": 12.738637603043493,
            "c8_ii": 239.50606922838782,
            "c10_ii": 5641.888816796464,
            "slater_b_init": 43.44554004231617
        },
        {
            "index": 2,
            "element": "O",
            "charge": -0.625071785289057,
            "dipole": [
                0.03213823544966927,
                0.1365614089663829,
                -0.03192376861890994
            ],
            "quadrupole": [
                [
                    -4.535982751594156,
                    -4.455141976558222,
                    0.04624969664356985
                ],
                [
                    -4.455141976558222,
                    0.022642184198072353,
                    -4.348183954715272
                ],
                [
                    0.04624969664356985,
                    -4.348183954715272,
                    -0.0661867003477195
                ]
            ],
            "volume_eff": 26.214724258658457,
            "alpha_iso": 7.820967458384291,
            "c6_ii": 32.72337102083861,
            "c8_ii": 1450.0122701244322,
            "c10_ii": 61872.10645088737,
            "slater_b_init": 32.702389312593795
        },
        {
            "index": 3,
            "element": "O",
            "charge": -0.6485718457409213,
            "dipole": [
                -0.06578537797330127,
                -0.08269749442318644,
                0.007395847842621351
            ],
            "quadrupole": [
                [
                    -4.346535903770196,
                    -4.4311176839418085,
                    -0.003487192783415967
                ],
                [
                    -4.4311176839418085,
                    -0.0048949028369869585,
                    -4.4301460736204525
                ],
                [
                    -0.003487192783415967,
                    -4.4301460736204525,
                    0.02619270160687536
                ]
            ],
            "volume_eff": 25.73889782043162,
            "alpha_iso": 7.679008189521037,
            "c6_ii": 31.54622090829238,
            "c8_ii": 1380.88469339932,
            "c10_ii": 58207.24910776944,
            "slater_b_init": 32.90267950000479
        },
        {
            "index": 4,
            "element": "H",
            "charge": 0.19172726890935377,
            "dipole": [
                -0.016706645870324558,
                0.03883262660390518,
                -0.01621588321043087
            ],
            "quadrupole": [
                [
                    -0.4383148675421887,
                    -0.44200306743172474,
                    0.0014758344490515415
                ],
                [
                    -0.44200306743172474,
                    0.004354799709768583,
                    -0.44148341999540713
                ],
                [
                    0.0014758344490515415,
                    -0.44148341999540713,
                    -0.0006511316199711892
                ]
            ],
            "volume_eff": 2.41584464402192,
            "alpha_iso": 0.7710142480921022,
            "c6_ii": 0.19081527456526878,
            "c8_ii": 1.126557648026092,
            "c10_ii": 9.179813520576827,
            "slater_b_init": 72.01838220961831
        },
        {
            "index": 5,
            "element": "H",
            "charge": 0.19438316942386735,
            "dipole": [
                -0.018548957328798132,
                -0.009896899064073249,
                0.03938576525793608
            ],
            "quadrupole": [
                [
                    -0.438128527999683,
                    -0.44222747991726663,
                    0.0021897612354882115
                ],
                [
                    -0.44222747991726663,
                    -0.001571091220367259,
                    -0.4414301754896192
                ],
                [
                    0.0021897612354882115,
                    -0.4414301754896192,
                    0.004305406126519043
                ]
            ],
            "volume_eff": 2.4162599926416313,
            "alpha_iso": 0.7711468061622228,
            "c6_ii": 0.19088089275319897,
            "c8_ii": 1.1270742167903238,
            "c10_ii": 9.185075431387231,
            "slater_b_init": 72.01425538415631
        },
        {
            "index": 6,
            "element": "H",
            "charge": 0.19396160298241205,
            "dipole": [
                0.0002202749217440846,
                -0.03162210467330649,
                -0.032110609409829204
            ],
            "quadrupole": [
                [
                    -0.4359561844614698,
                    -0.4452672680167617,
                    -0.0023383655855896083
                ],
                [
                    -0.4452672680167617,
                    -0.0021837565759977875,
                    -0.44238524470705554
                ],
                [
                    -0.0023383655855896083,
                    -0.44238524470705554,
                    -0.000775355999364578
                ]
            ],
            "volume_eff": 2.4204870065646698,
            "alpha_iso": 0.7724958531589372,
            "c6_ii": 0.19154933236841493,
            "c8_ii": 1.1323397720799842,
            "c10_ii": 9.238746180212244,
            "slater_b_init": 71.97231029477497
        },
        {
            "index": 7,
            "element": "H",
            "charge": 0.4664474697355363,
            "dipole": [
                0.020981118001090853,
                0.005135720581048688,
                0.003993016474619979
            ],