{
    "molecule": "FRAG_COCC",
    "atoms": [
        {
            "index": 0,
            "element": "C",
            "charge": -0.0824328176454241,
            "dipole": [
                -0.10922775646448593,
                -0.003474131674758375,
                -0.12535191725111833
            ],
            "quadrupole": [
                [
                    -4.467414423466607,
                    -4.534711558489973,
                    -0.0029628651944554087
                ],
                [
                    -4.534711558489973,
                    0.014072721317566896,
                    -4.483346302524944
                ],
                [
                    -0.0029628651944554087,
                    -4.483346302524944,
                    0.04646134472900421
                ]
            ],
            "volume_eff": 33.14846145922373,
            "alpha_iso": 10.413129254206407,
            "c6_ii": 35.0902080298619,
            "c8_ii": 924.8411323779876,
            "c10_ii": 30539.56103665551,
            "slater_b_init": 36.69453370762691
        },
        {
            "index": 1,
            "element": "O",
            "charge": -0.36249713029374675,
            "dipole": [
                -0.016099578616837872,
                0.02917218991065895,
                0.09897068487264545
            ],
            "quadrupole": [
                [
                    -3.9731481328004588,
                    -4.1015355557299635,
                    -0.013390820872266158
                ],
                [
                    -4.1015355557299635,
                    -0.03935543164237325,
                    -4.081271417371108
                ],
                [
                    -0.013390820872266158,
                    -4.081271417371108,
                    0.03965369128033903
                ]
            ],
            "volume_eff": 23.125638217762894,
            "alpha_iso": 6.899361678227604,
            "c6_ii": 25.465658039956498,
            "c8_ii": 1037.9286483644573,
            "c10_ii": 40737.059694041505,
            "slater_b_init": 34.09808638116064
        },
        {
            "index": 2,
            "element": "C",
            "charge": 0.11917001991802678,
            "dipole": [
                0.0790630959785924,
                -0.11342808500425577,
                0.014862533958023718
            ],
            "quadrupole": [
                [
                    -4.108585517701072,
                    -4.168833616516959,
                    0.059358431023888235
                ],
                [
                    -4.168833616516959,
                    -0.05341986140166409,
                    -4.15788320805841
                ],
                [
                    0.059358431023888235,
                    -4.15788320805841,
                    0.02005630022074049
                ]
            ],
            "volume_eff": 30.040683438726255,
            "alpha_iso": 9.436863907453272,
            "c6_ii": 28.818993465300085,
            "c8_ii": 711.3078871576809,
            "c10_ii": 21996.36409696436,
            "slater_b_init": 37.918623406719625
        },
        {
            "index": 3,
            "element": "C",
            "charge": -0.5062577144933531,
            "dipole": [
                0.041650510945357384,
                0.011227912167893931,
                -0.025274756303246278
            ],
            "quadrupole": [
                [
                    -5.208211965542836,
                    -5.237007743858701,
                    0.0396481068072737
                ],
                [
                    -5.237007743858701,
                    -0.04721844581543979,
                    -5.229973714566817
                ],
                [
                    0.0396481068072737,
                    -5.229973714566817,
                    0.028801867407886043
                ]
            ],
            "volume_eff": 39.686653280424146,
            "alpha_iso": 12.46701150170392,
            "c6_ii": 50.29770216330967,
            "c8_ii": 1494.686364956716,
            "c10_ii": 55650.16551503956,
            "slater_b_init": 34.557395731572676
        },
        {
            "index": 4,
            "element": "H",
            "charge": 0.10618391499036806,
            "dipole": [
                0.04456542106849716,
                -0.03184684783741405,
                -0.026761169246530367
            ],
            "quadrupole": [
                [
                    -0.514595078291875,
                    -0.5219305060020971,
                    0.0019824226562383195
                ],
                [
                    -0.5219305060020971,
                    0.0004756846148786129,
                    -0.5052437659645808
                ],
                [
                    0.0019824226562383195,
                    -0.5052437659645808,
                    0.011268880686075556
                ]
            ],
            "volume_eff": 2.8987444380793015,
            "alpha_iso": 0.9251312036423303,
            "c6_ii": 0.274722979540375,
            "c8_ii": 1.8314534676537424,
            "c10_ii": 16.851437142210447,
            "slater_b_init": 67.77398976957079
        },
        {
            "index": 5,
            "element": "H",
            "charge": 0.07703850014805069,
            "dipole": [
                -0.03348992817941815,
                -0.03107927687865555,
                0.037875430699074585
            ],
            "quadrupole": [
                [
                    -0.5401147812195791,
                    -0.557174123717306,
                    0.002298759883290081
                ],
                [
                    -0.557174123717306,
                    0.0029021058482003198,
                    -0.5532589722401086
                ],
                [
                    0.002298759883290081,
                    -0.5532589722401086,
                    0.014223832439032106
                ]
            ],
            "volume_eff": 3.1732389936987566,
            "alpha_iso": 1.0127358490527947,
            "c6_ii": 0.3292158197391828,
            "c8_ii": 2.3311854992042886,
            "c10_ii": 22.78311618347889,
            "slater_b_init": 65.76054968280178
        },
        {
            "index": 6,
            "element": "H",
            "charge": 0.07172375920986407,
            "dipole": [
                0.014649860587971693,
                0.056048838536366934,
                0.0035343823001036216
            ],
            "quadrupole": [
                [
                    -0.5603616326627352,
                    -0.5764243614053572,
                    -0.007909922805370456
                ],
                [
                    -0.5764243614053572,
                    -0.0013617761514318095,
                    -0.5553796675835057
                ],
                [
                    -0.007909922805370456,
                    -0.5553796675835057,
                    0.013121632394020645
                ]
            ],
            "volume_eff": 3.296672092584412,
            "alpha_iso": 1.0521293912503442,
            "c6_ii": 0.3553257117809052,
            "c8_ii": 2.5809014269487878,
            "c10_ii": 25.873569976959427,
            "slater_b_init": 64.9293584367565
        },
        {
            "index": 7,
            "element": "H",
            "charge": 0.05771309579480066,
            "dipole": [
                0.015642469004040427,
                0.04798750750308386,
                0.032244319131726144
            ],