{
    "molecule": "FEMC",
    "atoms": [
        {
            "index": 0,
            "element": "C",
            "charge": -0.10842682491229372,
            "dipole": [
                -0.15561480123716787,
                -0.04498347043776753,
                0.05342008435041922
            ],
            "quadrupole": [
                [
                    -4.407983262524053,
                    -4.522948534350541,
                    0.0017425907587422264
                ],
                [
                    -4.522948534350541,
                    0.050364477657165084,
                    -4.525911930042603
                ],
                [
                    0.0017425907587422264,
                    -4.525911930042603,
                    -0.06159221509059282
                ]
            ],
            "volume_eff": 32.75839656831088,
            "alpha_iso": 10.290595780621217,
            "c6_ii": 34.269239214156165,
            "c8_ii": 896.1041673564599,
            "c10_ii": 29358.035459193492,
            "slater_b_init": 36.83960400815379
        },
        {
            "index": 1,
            "element": "O",
            "charge": -0.3975265552968885,
            "dipole": [
                0.11379600654080436,
                -0.009447893748528067,
                0.015097231228309442
            ],
            "quadrupole": [
                [
                    -3.991687019845292,
                    -4.0675429539508166,
                    0.0191876013915007
                ],
                [
                    -4.0675429539508166,
                    -0.0022933603813589955,
                    -4.076280987242735
                ],
                [
                    0.0191876013915007,
                    -4.076280987242735,
                    0.006834698620478066
                ]
            ],
            "volume_eff": 22.938913492023826,
            "alpha_iso": 6.843653749001584,
            "c6_ii": 25.056080504975494,
            "c8_ii": 1015.7304599580303,
            "c10_ii": 39650.93207928734,
            "slater_b_init": 34.19035691929881
        },
        {
            "index": 2,
            "element": "C",
            "charge": 0.9995723876304217,
            "dipole": [
                -0.009674579972466207,
                -0.025128844522256177,
                0.032209596336429946
            ],
            "quadrupole": [
                [
                    -2.865173837686343,
                    -2.793780468697365,
                    0.08502006823518478
                ],
                [
                    -2.793780468697365,
                    -0.004719432174403269,
                    -2.840994166040267
                ],
                [
                    0.08502006823518478,
                    -2.840994166040267,
                    0.0032188012477979613
                ]
            ],
            "volume_eff": 18.967880053253705,
            "alpha_iso": 5.958496351807446,
            "c6_ii": 11.489384936748772,
            "c8_ii": 208.7124004873632,
            "c10_ii": 4750.225052617594,
            "slater_b_init": 44.19938573806398
        },
        {
            "index": 3,
            "element": "O",
            "charge": -0.6420125234726832,
            "dipole": [
                0.03829016186805521,
                0.1008432257728338,
                -0.12882136955714502
            ],
            "quadrupole": [
                [
                    -4.476772950653885,
                    -4.405793766502212,
                    0.04275006305523214
                ],
                [
                    -4.405793766502212,
                    0.0008795060420079116,
                    -4.422922710912045
                ],
                [
                    0.04275006305523214,
                    -4.422922710912045,
                    -0.005586555613725514
                ]
            ],
            "volume_eff": 26.017192572819965,
            "alpha_iso": 7.762035353217006,
            "c6_ii": 32.232078465830384,
            "c8_ii": 1421.0587863456449,
            "c10_ii": 60331.671898626475,
            "slater_b_init": 32.78494342151821
        },
        {
            "index": 4,
            "element": "O",
            "charge": -0.3728983537670896,
            "dipole": [
                -0.10809162305771607,
                0.01963245798239524,
                -0.029220259813144845
            ],
            "quadrupole": [
                [
                    -3.964364873255777,
                    -4.033394862140617,
                    0.007383883805646251
                ],
                [
                    -4.033394862140617,
                    -0.029014883090054674,
                    -4.0355272812734775
                ],
                [
                    0.007383883805646251,
                    -4.0355272812734775,
                    0.0385417737818211
                ]
            ],
            "volume_eff": 22.7105766340004,
            "alpha_iso": 6.775531150475257,
            "c6_ii": 24.559740363118813,
            "c8_ii": 988.9917232716888,
            "c10_ii": 38350.508491330045,
            "slater_b_init": 34.304560679117564
        },
        {
            "index": 5,
            "element": "C",
            "charge": -0.23519399272436203,
            "dipole": [
                0.16224172991003252,
                -0.0691213235737435,
                0.09532697759615254
            ],
            "quadrupole": [
                [
                    -4.7937771539178335,
                    -4.70837557411248,
                    -0.00859600887109926
                ],
                [
                    -4.70837557411248,
                    -0.06644462619951558,
                    -4.703306547920931
                ],
                [
                    -0.00859600887109926,
                    -4.703306547920931,
                    0.08504838332156227
                ]
            ],
            "volume_eff": 35.1907801902945,
            "alpha_iso": 11.05469534773649,
            "c6_ii": 39.547313042896064,
            "c8_ii": 1084.69720665692,
            "c10_ii": 37274.73131142031,
            "slater_b_init": 35.9704772660146
        },
        {
            "index": 6,
            "element": "C",
            "charge": 0.8370013418479552,
            "dipole": [
                -0.11568220959034022,
                -0.04461221999741966,
                0.05521869213176642
            ],
            "quadrupole": [
                [
                    -3.2462074659174815,
                    -3.1680283069878055,
                    0.008169081889650535
                ],
                [
                    -3.1680283069878055,
                    -0.04956335822799947,
                    -3.1743769487404396
                ],
                [
                    0.008169081889650535,
                    -3.1743769487404396,
                    0.06300619584055656
                ]
            ],
            "volume_eff": 22.387463242336796,
            "alpha_iso": 7.032710966179098,
            "c6_ii": 16.00548956024871,
            "c8_ii": 324.72158851490485,
            "c10_ii": 8254.063829080502,
            "slater_b_init": 41.823547777004
        },
        {
            "index": 7,
            "element": "F",
            "charge": -0.25548074288474965,
            "dipole": [
                0.0026206406925931955,
                -0.060168305742664706,
                0.0015738143219906318
            ],