{
    "molecule": "FRAG_CeqO",
    "atoms": [
        {
            "index": 0,
            "element": "C",
            "charge": 0.30843856425375904,
            "dipole": [
                0.07626599187839354,
                -0.0107448763091895,
                -0.0011727086533075766
            ],
            "quadrupole": [
                [
                    -3.932506626695834,
                    -3.897007988143734,
                    0.0015402034158861692
                ],
                [
                    -3.897007988143734,
                    0.004897991611510812,
                    -3.552672560402789
                ],
                [
                    0.0015402034158861692,
                    -3.552672560402789,
                    0.005921288629673862
                ]
            ],
            "volume_eff": 26.720536736908407,
            "alpha_iso": 8.393885885939813,
            "c6_ii": 22.800771697249793,
            "c8_ii": 520.4974517490787,
            "c10_ii": 14886.826571332014,
            "slater_b_init": 39.42824435901179
        },
        {
            "index": 1,
            "element": "O",
            "charge": -0.4115076429974316,
            "dipole": [
                0.06053001610190812,
                -0.009066545360910986,
                -0.0007413372236132878
            ],
            "quadrupole": [
                [
                    -4.215225708446983,
                    -4.290199160649634,
                    0.001767805565383867
                ],
                [
                    -4.290199160649634,
                    -0.012050456765898828,
                    -3.9680045875894936
                ],
                [
                    0.001767805565383867,
                    -3.9680045875894936,
                    0.003597858333856892
                ]
            ],
            "volume_eff": 23.961597729671325,
            "alpha_iso": 7.148763963548351,
            "c6_ii": 27.340030480858346,
            "c8_ii": 1141.0192057677202,
            "c10_ii": 45856.03482545671,
            "slater_b_init": 33.696851554926766
        },
        {
            "index": 2,
            "element": "H",
            "charge": 0.05152569285509778,
            "dipole": [
                -0.019274371770268067,
                0.07056269160793925,
                -3.415082949302966e-05
            ],
            "quadrupole": [
                [
                    -0.5602689844245203,
                    -0.5812994295470811,
                    -3.922742730167254e-05
                ],
                [
                    -0.5812994295470811,
                    0.006868557542930058,
                    -0.5682423175629963
                ],
                [
                    -3.922742730167254e-05,
                    -0.5682423175629963,
                    -0.00016156277303482498
                ]
            ],
            "volume_eff": 3.300555123116244,
            "alpha_iso": 1.0533686563136948,
            "c6_ii": 0.3561632552926802,
            "c8_ii": 2.5890159199347385,
            "c10_ii": 25.97529477902703,
            "slater_b_init": 64.90388579061556
        },
        {
            "index": 3,
            "element": "H",
            "charge": 0.051200255256956706,
            "dipole": [
                -0.03991587410940305,
                -0.06173965878486822,
                0.0009559833591414438
            ],
            "quadrupole": [
                [
                    -0.5665243674948065,
                    -0.5758564221293099,
                    0.00027239046562018825
                ],
                [
                    -0.5758564221293099,
                    -0.012037577899828653,
                    -0.5686392545462174
                ],
                [
                    0.00027239046562018825,
                    -0.5686392545462174,
                    7.536254230787902e-05
                ]
            ],
            "volume_eff": 3.3028036327812855,
            "alpha_iso": 1.0540862657812613,
            "c6_ii": 0.3566486944250097,
            "c8_ii": 2.5937219829932476,
            "c10_ii": 26.034327410142282,
            "slater_b_init": 64.88915384763038
        }
    ]
}