{
    "molecule": "FRAG_COCeqO",
    "atoms": [
        {
            "index": 0,
            "element": "C",
            "charge": -0.11218606394320929,
            "dipole": [
                0.15679679147707518,
                -0.07003559815719879,
                0.013924556869208661
            ],
            "quadrupole": [
                [
                    -4.423610155577731,
                    -4.537633764520958,
                    -0.010907080895035342
                ],
                [
                    -4.537633764520958,
                    -0.06922415095296941,
                    -4.530110893608094
                ],
                [
                    -0.010907080895035342,
                    -4.530110893608094,
                    0.005936724163940794
                ]
            ],
            "volume_eff": 32.90863281794008,
            "alpha_iso": 10.33779041401259,
            "c6_ii": 34.58429052786637,
            "c8_ii": 907.1053061888434,
            "c10_ii": 29809.246864567373,
            "slater_b_init": 36.78345777086398
        },
        {
            "index": 1,
            "element": "O",
            "charge": -0.3630399292720803,
            "dipole": [
                -0.10986604047298092,
                0.028267398686224108,
                -0.012782051309485114
            ],
            "quadrupole": [
                [
                    -4.021181759774548,
                    -4.065500601604919,
                    -0.0044560217477559285
                ],
                [
                    -4.065500601604919,
                    0.01954021284715637,
                    -4.010354921614078
                ],
                [
                    -0.0044560217477559285,
                    -4.010354921614078,
                    0.0014747410064545922
                ]
            ],
            "volume_eff": 22.93218322718478,
            "alpha_iso": 6.841645824684962,
            "c6_ii": 25.041379780888025,
            "c8_ii": 1014.9359482005282,
            "c10_ii": 39612.16681118129,
            "slater_b_init": 34.19370138425245
        },
        {
            "index": 2,
            "element": "C",
            "charge": 0.5994926796440172,
            "dipole": [
                -0.1148545894964507,
                0.013185035803498543,
                -0.014627754193822177
            ],
            "quadrupole": [
                [
                    -3.485426765035601,
                    -3.536662454568539,
                    -0.028351355591985476
                ],
                [
                    -3.536662454568539,
                    0.029462642302853823,
                    -3.2739732396541563
                ],
                [
                    -0.028351355591985476,
                    -3.2739732396541563,
                    -0.028883466994779165
                ]
            ],
            "volume_eff": 23.951363152344804,
            "alpha_iso": 7.523988424820358,
            "c6_ii": 18.319755032391054,
            "c8_ii": 388.78732302769987,
            "c10_ii": 10337.582512309104,
            "slater_b_init": 40.89269689515315
        },
        {
            "index": 3,
            "element": "O",
            "charge": -0.5262777898410622,
            "dipole": [
                -0.03215458344024558,
                0.09730529574002356,
                0.006281169939965021
            ],
            "quadrupole": [
                [
                    -4.396345039454255,
                    -4.3198846664210135,
                    -0.010548241984099743
                ],
                [
                    -4.3198846664210135,
                    0.024547435002074125,
                    -4.194055006275722
                ],
                [
                    -0.010548241984099743,
                    -4.194055006275722,
                    -0.026754625398882008
                ]
            ],
            "volume_eff": 25.08209416428688,
            "alpha_iso": 7.483055717522052,
            "c6_ii": 29.956773552675433,
            "c8_ii": 1288.9053036140474,
            "c10_ii": 53401.882731988255,
            "slater_b_init": 33.18740671610496
        },
        {
            "index": 4,
            "element": "H",
            "charge": 0.11511381834110479,
            "dipole": [
                -0.012148627421833954,
                0.025862779176129204,
                0.056064213551050124
            ],
            "quadrupole": [
                [
                    -0.49532591656191743,
                    -0.5170744168728575,
                    -0.001142319569170111
                ],
                [
                    -0.5170744168728575,
                    -0.009504783084937057,
                    -0.5124247878384225
                ],
                [
                    -0.001142319569170111,
                    -0.5124247878384225,
                    0.006597350785363009
                ]
            ],
            "volume_eff": 2.8671480370640574,
            "alpha_iso": 0.9150472458715078,
            "c6_ii": 0.2687666421802817,
            "c8_ii": 1.7787014489580515,
            "c10_ii": 16.246914957532702,
            "slater_b_init": 68.0220406439492
        },
        {
            "index": 5,
            "element": "H",
            "charge": 0.11495318923432607,
            "dipole": [
                0.002797436431339036,
                0.03888790247083696,
                -0.0496199294813848
            ],
            "quadrupole": [
                [
                    -0.49298274754436766,
                    -0.5175829077732741,
                    -0.0017325389474905015
                ],
                [
                    -0.5175829077732741,
                    -0.007977698941771834,
                    -0.515331140795828
                ],
                [
                    -0.0017325389474905015,
                    -0.515331140795828,
                    -0.0030219112073121544
                ]
            ],
            "volume_eff": 2.8704194681976523,
            "alpha_iso": 0.9160913196375486,
            "c6_ii": 0.26938032041724563,
            "c8_ii": 1.7841186170094747,
            "c10_ii": 16.308789976811678,
            "slater_b_init": 67.99618913608204
        },
        {
            "index": 6,
            "element": "H",
            "charge": 0.11429238326656077,
            "dipole": [
                -0.033814652448561675,
                -0.05080090345047917,
                -0.01093902084847426
            ],
            "quadrupole": [
                [
                    -0.49130362029444413,
                    -0.5054994687407383,
                    -0.00046199482581639673
                ],
                [
                    -0.5054994687407383,
                    -0.00996413578553109,
                    -0.5139179072979093
                ],
                [
                    -0.00046199482581639673,
                    -0.5139179072979093,
                    0.0019943393728382997
                ]
            ],
            "volume_eff": 2.819292157281757,
            "alpha_iso": 0.8997740927494968,
            "c6_ii": 0.2598694921921319,
            "c8_ii": 1.7006292137373396,
            "c10_ii": 15.360456673171793,
            "slater_b_init": 68.40476172809646
        },
        {
            "index": 7,
            "element": "H",
            "charge": 0.05450642852571752,
            "dipole": [
                0.08340438936862932,
                -0.03582820276806081,
                0.0074426963280209936
            ],