{
    "molecule": "Est_329",
    "atoms": [
        {
            "index": 0,
            "element": "C",
            "charge": -0.23536284181750844,
            "dipole": [
                0.005550895306246183,
                -0.0023335805975682276,
                0.0033674998564407217
            ],
            "quadrupole": [
                [
                    -4.882835474424006,
                    -4.671791475575643,
                    0.0982234107758245
                ],
                [
                    -4.671791475575643,
                    0.010193204128489279,
                    -4.695221901002519
                ],
                [
                    0.0982234107758245,
                    -4.695221901002519,
                    -0.03670254530954469
                ]
            ],
            "volume_eff": 35.25531022202085,
            "alpha_iso": 11.074966561891367,
            "c6_ii": 39.692483406741346,
            "c8_ii": 1090.0093972206187,
            "c10_ii": 37503.057179186784,
            "slater_b_init": 35.94851751333229
        },
        {
            "index": 1,
            "element": "C",
            "charge": -0.35238478286471064,
            "dipole": [
                -0.006328806233582479,
                0.018616941666806396,
                -0.021478598650476424
            ],
            "quadrupole": [
                [
                    -5.0598845480555115,
                    -4.854288698314976,
                    0.11040036604914007
                ],
                [
                    -4.854288698314976,
                    -0.015242051062802481,
                    -4.876281913330668
                ],
                [
                    0.11040036604914007,
                    -4.876281913330668,
                    -0.010185254140026684
                ]
            ],
            "volume_eff": 36.85445315423415,
            "alpha_iso": 11.57731512698455,
            "c6_ii": 43.37496465699268,
            "c8_ii": 1226.8874522097826,
            "c10_ii": 43479.5234491506,
            "slater_b_init": 35.42086598529716
        },
        {
            "index": 2,
            "element": "C",
            "charge": 0.7893500251214434,
            "dipole": [
                -0.06602439509129059,
                -0.01991265211534798,
                0.016577035357621412
            ],
            "quadrupole": [
                [
                    -3.1384747175017207,
                    -3.0566526973422,
                    0.14064766907965942
                ],
                [
                    -3.0566526973422,
                    -0.03284797186621243,
                    -3.0788273120158722
                ],
                [
                    0.14064766907965942,
                    -3.0788273120158722,
                    0.01935267983492731
                ]
            ],
            "volume_eff": 20.96471162512519,
            "alpha_iso": 6.585773285379641,
            "c6_ii": 14.035793716077631,
            "c8_ii": 272.5640133000232,
            "c10_ii": 6631.541831658307,
            "slater_b_init": 42.74902372179307
        },
        {
            "index": 3,
            "element": "O",
            "charge": -0.5790470268831278,
            "dipole": [
                0.036230722964599685,
                -0.07089132872099406,
                0.07974164054631996
            ],
            "quadrupole": [
                [
                    -4.4312469510581085,
                    -4.330738479124157,
                    0.07058197900023801
                ],
                [
                    -4.330738479124157,
                    -0.01628486876658966,
                    -4.3390577130635615
                ],
                [
                    0.07058197900023801,
                    -4.3390577130635615,
                    0.004776121882842384
                ]
            ],
            "volume_eff": 25.567509080702532,
            "alpha_iso": 7.6278756373366665,
            "c6_ii": 31.12750319352943,
            "c8_ii": 1356.5006633802975,
            "c10_ii": 56925.298738617115,
            "slater_b_init": 32.97603555799974
        },
        {
            "index": 4,
            "element": "O",
            "charge": -0.38886745510160914,
            "dipole": [
                -0.09116306463039445,
                -0.019006122561156028,
                0.014095767310444879
            ],
            "quadrupole": [
                [
                    -4.001885483850138,
                    -4.0611009972670775,
                    0.032390103923553785
                ],
                [
                    -4.0611009972670775,
                    0.006053829223156719,
                    -4.066710087753128
                ],
                [
                    0.032390103923553785,
                    -4.066710087753128,
                    -0.0021342108910992275
                ]
            ],
            "volume_eff": 22.96241042614126,
            "alpha_iso": 6.850663884042144,
            "c6_ii": 25.107438003191444,
            "c8_ii": 1018.5073341645997,
            "c10_ii": 39786.4789295827,
            "slater_b_init": 34.17869085683504
        },
        {
            "index": 5,
            "element": "C",
            "charge": 0.09512113190380767,
            "dipole": [
                0.06388435308584749,
                0.0967053551794506,
                -0.1003933194218377
            ],
            "quadrupole": [
                [
                    -4.146168694131234,
                    -4.149515437738346,
                    0.028373427425834333
                ],
                [
                    -4.149515437738346,
                    0.07475033055906044,
                    -4.170813116406041
                ],
                [
                    0.028373427425834333,
                    -4.170813116406041,
                    -0.08471309574271833
                ]
            ],
            "volume_eff": 29.976225801421016,
            "alpha_iso": 9.416615435001365,
            "c6_ii": 28.695453578353455,
            "c8_ii": 707.2451936580412,
            "c10_ii": 21839.433824331518,
            "slater_b_init": 37.94578265291278
        },
        {
            "index": 6,
            "element": "C",
            "charge": -0.49225728136967994,
            "dipole": [
                0.04683693098763999,
                -0.009608944174563377,
                0.01325134147709787
            ],
            "quadrupole": [
                [
                    -5.173487457502243,
                    -5.158907209912552,
                    0.016315899430363268
                ],
                [
                    -5.158907209912552,
                    0.03637958938287365,
                    -5.172204287246081
                ],
                [
                    0.016315899430363268,
                    -5.172204287246081,
                    -0.04579850780216519
                ]
            ],
            "volume_eff": 38.991932829550485,
            "alpha_iso": 12.248774710853557,
            "c6_ii": 48.55217817599753,
            "c8_ii": 1425.927694195322,
            "c10_ii": 52468.75380330133,
            "slater_b_init": 34.76142547519167
        },
        {
            "index": 7,
            "element": "H",
            "charge": 0.15794856575675276,
            "dipole": [
                0.03481687014926122,
                0.03111093819875719,
                -0.03130889775262011
            ],