{
    "molecule": "Na",
    "atoms": [
        {
            "index": 0,
            "element": "Na",
            "charge": 0.9999999999754721,
            "dipole": [
                3.327212037566055e-16,
                9.782474392292759e-17,
                1.2102541027097975e-15
            ],
            "quadrupole": [
                [
                    -2.1829976889732245,
                    -2.1829976889732183,
                    -4.788201277948602e-16
                ],
                [
                    -2.1829976889732183,
                    7.16131236305485e-16,
                    -2.1829976889732245
                ],
                [
                    -4.788201277948602e-16,
                    -2.1829976889732245,
                    -1.1069328466837829e-16
                ]
            ],
            "volume_eff": 8.20192149846691,
            "alpha_iso": 8.896350852003776,
            "c6_ii": 4.634260009505389,
            "c8_ii": 21.536159993548257,
            "c10_ii": 55.84577731170569,
            "slater_b_init": 73.77058854020606
        }
    ]
}