{
    "molecule": "FRAG_CO",
    "atoms": [
        {
            "index": 0,
            "element": "C",
            "charge": -0.0548202640219122,
            "dipole": [
                0.1462087676420247,
                -0.08721524779199781,
                -0.05254557015148633
            ],
            "quadrupole": [
                [
                    -4.43275949640836,
                    -4.436996813873891,
                    0.01657180089353947
                ],
                [
                    -4.436996813873891,
                    -0.06060242109468527,
                    -4.457279792023701
                ],
                [
                    0.01657180089353947,
                    -4.457279792023701,
                    -0.03905021972804449
                ]
            ],
            "volume_eff": 32.60790178870538,
            "alpha_iso": 10.243319933624726,
            "c6_ii": 33.95509105581155,
            "c8_ii": 885.1680820735157,
            "c10_ii": 28910.862703718823,
            "slater_b_init": 36.89619213841679
        },
        {
            "index": 1,
            "element": "O",
            "charge": -0.617126240015919,
            "dipole": [
                -0.13127891824950036,
                -0.025232406663759373,
                -0.021553520147323656
            ],
            "quadrupole": [
                [
                    -4.325784479710358,
                    -4.452680722320517,
                    0.056775854232791384
                ],
                [
                    -4.452680722320517,
                    0.03019442356384485,
                    -4.497960614533947
                ],
                [
                    0.056775854232791384,
                    -4.497960614533947,
                    0.027876930724867126
                ]
            ],
            "volume_eff": 26.018082067693488,
            "alpha_iso": 7.762300727378167,
            "c6_ii": 32.23428245141247,
            "c8_ii": 1421.1883479053704,
            "c10_ii": 60338.5477177941,
            "slater_b_init": 32.78456980479838
        },
        {
            "index": 2,
            "element": "H",
            "charge": 0.06754704177096305,
            "dipole": [
                0.0016334899715671153,
                -0.006996820701065555,
                0.06211870731582713
            ],
            "quadrupole": [
                [
                    -0.5465949165572249,
                    -0.5620814736570156,
                    0.0003912896613541578
                ],
                [
                    -0.5620814736570156,
                    -0.010276611097556525,
                    -0.569374491258025
                ],
                [
                    0.0003912896613541578,
                    -0.569374491258025,
                    0.0005270608917546606
                ]
            ],
            "volume_eff": 3.234718196989415,
            "alpha_iso": 1.0323568713796005,
            "c6_ii": 0.3420960303333532,
            "c8_ii": 2.453578464285924,
            "c10_ii": 24.288015003650035,
            "slater_b_init": 65.3412660339312
        },
        {
            "index": 3,
            "element": "H",
            "charge": 0.06765193961301086,
            "dipole": [
                0.005141583230107889,
                0.05417840284191936,
                -0.030538218304391747
            ],
            "quadrupole": [
                [
                    -0.5458861042760974,
                    -0.5675773002223751,
                    0.002846285886264186
                ],
                [
                    -0.5675773002223751,
                    -0.004210098205637504,
                    -0.5643157856238621
                ],
                [
                    0.002846285886264186,
                    -0.5643157856238621,
                    -0.008593748280101465
                ]
            ],
            "volume_eff": 3.2346807615768154,
            "alpha_iso": 1.0323449239074944,
            "c6_ii": 0.34208811222045465,
            "c8_ii": 2.453502744275099,
            "c10_ii": 24.287078065168558,
            "slater_b_init": 65.34151810082723
        },
        {
            "index": 4,
            "element": "H",
            "charge": 0.10805631719855802,
            "dipole": [
                -0.03067291701543222,
                -0.042516035051934235,
                -0.029329716218813386
            ],
            "quadrupole": [
                [
                    -0.4976830774867662,
                    -0.511650593679982,
                    0.003257960480121846
                ],
                [
                    -0.511650593679982,
                    -0.011497575545446078,
                    -0.5156847112765733
                ],
                [
                    0.003257960480121846,
                    -0.5156847112765733,
                    -0.006874756186908049
                ]
            ],
            "volume_eff": 2.8523441385495536,
            "alpha_iso": 0.910322597409432,
            "c6_ii": 0.26599837055815584,
            "c8_ii": 1.7543161973443384,
            "c10_ii": 15.968970739524542,
            "slater_b_init": 68.1395176173958
        },
        {
            "index": 5,
            "element": "H",
            "charge": 0.4296814995731164,
            "dipole": [
                0.015541572498506177,
                0.013101589988583752,
                0.009258746484330428
            ],
            "quadrupole": [
                [
                    -0.2654106949966784,
                    -0.2668060389199378,
                    0.005263283383386105
                ],
                [
                    -0.2668060389199378,
                    -0.005263990777931944,
                    -0.27174414901472327
                ],
                [
                    0.005263283383386105,
                    -0.27174414901472327,
                    -0.003106229446088327
                ]
            ],
            "volume_eff": 1.3788186476415536,
            "alpha_iso": 0.4400485045664533,
            "c6_ii": 0.06215691167469715,
            "c8_ii": 0.2524963718997756,
            "c10_ii": 1.4156666832274147,
            "slater_b_init": 86.82217197411742
        }
    ]
}