{
    "molecule": "Est_397",
    "atoms": [
        {
            "index": 0,
            "element": "C",
            "charge": -0.09672005326920718,
            "dipole": [
                0.15583681469612443,
                -0.004436107437276452,
                -0.019944990984134964
            ],
            "quadrupole": [
                [
                    -4.423352723424069,
                    -4.557535716514127,
                    0.010096342716110304
                ],
                [
                    -4.557535716514127,
                    -0.005671176219314428,
                    -4.525154612893669
                ],
                [
                    0.010096342716110304,
                    -4.525154612893669,
                    -0.010075348313689503
                ]
            ],
            "volume_eff": 33.11745613645075,
            "alpha_iso": 10.403389362235835,
            "c6_ii": 35.02459566915507,
            "c8_ii": 922.5361363846297,
            "c10_ii": 30444.447914908727,
            "slater_b_init": 36.705981557430114
        },
        {
            "index": 1,
            "element": "O",
            "charge": -0.31287082576873715,
            "dipole": [
                -0.05586000065434983,
                -0.07188686399986233,
                0.02977252646718481
            ],
            "quadrupole": [
                [
                    -3.939648263341893,
                    -3.9610286030382302,
                    -0.010176423519626512
                ],
                [
                    -3.9610286030382302,
                    -0.0790066078740809,
                    -4.0315366049928345
                ],
                [
                    -0.010176423519626512,
                    -4.0315366049928345,
                    0.0059805287725319175
                ]
            ],
            "volume_eff": 22.539724773439325,
            "alpha_iso": 6.724558772186318,
            "c6_ii": 24.19160406780425,
            "c8_ii": 969.2753838504347,
            "c10_ii": 37397.21701048898,
            "slater_b_init": 34.39101916181971
        },
        {
            "index": 2,
            "element": "C",
            "charge": -0.15901300367721838,
            "dipole": [
                -0.06341158958849821,
                0.1602525483598155,
                -0.026850422333116637
            ],
            "quadrupole": [
                [
                    -4.700500402645118,
                    -4.5506261945841695,
                    -0.006935271936319091
                ],
                [
                    -4.5506261945841695,
                    -0.02467745319077036,
                    -4.573578577451473
                ],
                [
                    -0.006935271936319091,
                    -4.573578577451473,
                    0.008082289258944636
                ]
            ],
            "volume_eff": 34.08299813005763,
            "alpha_iso": 10.706700983264177,
            "c6_ii": 37.09665681276669,
            "c8_ii": 996.0143052441723,
            "c10_ii": 33505.09390176085,
            "slater_b_init": 36.35603965132576
        },
        {
            "index": 3,
            "element": "C",
            "charge": 0.727293137466674,
            "dipole": [
                0.08742660955592281,
                0.037507217304006045,
                -0.0027544163771982292
            ],
            "quadrupole": [
                [
                    -3.3162352999953995,
                    -3.19217431563323,
                    -0.09677882695823299
                ],
                [
                    -3.19217431563323,
                    0.015720429910722013,
                    -3.0476053418266096
                ],
                [
                    -0.09677882695823299,
                    -3.0476053418266096,
                    0.026876607618137507
                ]
            ],
            "volume_eff": 21.71167140835131,
            "alpha_iso": 6.820420337701981,
            "c6_ii": 15.05378489558992,
            "c8_ii": 299.235756745332,
            "c10_ii": 7452.392653085659,
            "slater_b_init": 42.253051543161284
        },
        {
            "index": 4,
            "element": "O",
            "charge": -0.5534419604488026,
            "dipole": [
                0.049648395515981096,
                -0.09889882958113645,
                -0.0425197091191467
            ],
            "quadrupole": [
                [
                    -4.415719531830991,
                    -4.33352333665754,
                    -0.05242578815299308
                ],
                [
                    -4.33352333665754,
                    -0.009222667699409185,
                    -4.241162348481685
                ],
                [
                    -0.05242578815299308,
                    -4.241162348481685,
                    -0.01349646471611233
                ]
            ],
            "volume_eff": 25.249040439725846,
            "alpha_iso": 7.532862893619865,
            "c6_ii": 30.356884932632735,
            "c8_ii": 1311.9095734664763,
            "c10_ii": 54595.91914539466,
            "slater_b_init": 33.114100032423806
        },
        {
            "index": 5,
            "element": "O",
            "charge": -0.33724435390410434,
            "dipole": [
                0.0723124454955029,
                0.02445621682998166,
                0.0007725796824279297
            ],
            "quadrupole": [
                [
                    -3.9190959460325554,
                    -3.9917479605746053,
                    -0.013890905248343268
                ],
                [
                    -3.9917479605746053,
                    0.026246572028402432,
                    -3.961651468201514
                ],
                [
                    -0.013890905248343268,
                    -3.961651468201514,
                    0.012585297660695889
                ]
            ],
            "volume_eff": 22.25898556943833,
            "alpha_iso": 6.64080232458381,
            "c6_ii": 23.59272928743089,
            "c8_ii": 937.4149483002698,
            "c10_ii": 35867.007913933856,
            "slater_b_init": 34.53499995022029
        },
        {
            "index": 6,
            "element": "C",
            "charge": -0.0423416689582945,
            "dipole": [
                -0.15430362989554602,
                0.057462871700188406,
                0.03310883925348218
            ],
            "quadrupole": [
                [
                    -4.254380995079327,
                    -4.414030252967319,
                    -0.043103371572471794
                ],
                [
                    -4.414030252967319,
                    -0.035591303134304975,
                    -4.336491978459473
                ],
                [
                    -0.043103371572471794,
                    -4.336491978459473,
                    -0.01687877986863866
                ]
            ],
            "volume_eff": 31.23873146541929,
            "alpha_iso": 9.813214072906582,
            "c6_ii": 31.163481545390542,
            "c8_ii": 789.4909820356767,
            "c10_ii": 25058.948089048492,
            "slater_b_init": 37.42754737087776
        },
        {
            "index": 7,
            "element": "C",
            "charge": 0.30705709696743444,
            "dipole": [
                -0.05189539253348925,
                -0.05045129130890943,
                -0.0240027249370249
            ],