{
    "molecule": "FRAG_CC_C_C",
    "atoms": [
        {
            "index": 0,
            "element": "C",
            "charge": -0.4512589085974481,
            "dipole": [
                0.037915126109844495,
                0.05093946993717772,
                0.023534620321248367
            ],
            "quadrupole": [
                [
                    -5.143069981353397,
                    -5.165264303132442,
                    -0.04862833536911854
                ],
                [
                    -5.165264303132442,
                    -0.02666401123735072,
                    -5.183074423918198
                ],
                [
                    -0.04862833536911854,
                    -5.183074423918198,
                    -0.024534503815004115
                ]
            ],
            "volume_eff": 39.363442174200266,
            "alpha_iso": 12.365479217026259,
            "c6_ii": 49.481781625198686,
            "c8_ii": 1462.4453658538662,
            "c10_ii": 54153.73715755779,
            "slater_b_init": 34.651721006598486
        },
        {
            "index": 1,
            "element": "C",
            "charge": 0.07932420612456692,
            "dipole": [
                0.018927392471494966,
                0.003165922296879752,
                -0.04506304045328732
            ],
            "quadrupole": [
                [
                    -4.162767253827059,
                    -4.170639790745015,
                    -0.0023508042505415035
                ],
                [
                    -4.170639790745015,
                    -0.0008513289472191696,
                    -4.13748185886109
                ],
                [
                    -0.0023508042505415035,
                    -4.13748185886109,
                    -0.015894178197923995
                ]
            ],
            "volume_eff": 29.96479991906331,
            "alpha_iso": 9.413026152585331,
            "c6_ii": 28.67358235330071,
            "c8_ii": 706.5265500363902,
            "c10_ii": 21811.698082915755,
            "slater_b_init": 37.95060507737913
        },
        {
            "index": 2,
            "element": "C",
            "charge": -0.44806688873525147,
            "dipole": [
                -0.06655980442462257,
                0.01364273678384263,
                -0.019196253813088534
            ],
            "quadrupole": [
                [
                    -5.214836189334028,
                    -5.114769446090252,
                    -0.0006122092747403847
                ],
                [
                    -5.114769446090252,
                    0.016920535883006835,
                    -5.128338596521145
                ],
                [
                    -0.0006122092747403847,
                    -5.128338596521145,
                    0.013535907135076507
                ]
            ],
            "volume_eff": 39.236008997230236,
            "alpha_iso": 12.32544785253306,
            "c6_ii": 49.16192068106145,
            "c8_ii": 1449.8542143022232,
            "c10_ii": 53571.559421367005,
            "slater_b_init": 34.689195144944534
        },
        {
            "index": 3,
            "element": "C",
            "charge": -0.45438644927104566,
            "dipole": [
                0.017876456154717793,
                -0.06503336979245575,
                0.01128188048482973
            ],
            "quadrupole": [
                [
                    -5.1318636188856805,
                    -5.21447029063844,
                    0.042848965596930966
                ],
                [
                    -5.21447029063844,
                    0.008917648542136064,
                    -5.165036583453885
                ],
                [
                    0.042848965596930966,
                    -5.165036583453885,
                    -0.0017953826683548579
                ]
            ],
            "volume_eff": 39.42578397405676,
            "alpha_iso": 12.385063028499506,
            "c6_ii": 49.63863915171938,
            "c8_ii": 1468.629909403549,
            "c10_ii": 54440.15213066197,
            "slater_b_init": 34.633447091517226
        },
        {
            "index": 4,
            "element": "H",
            "charge": 0.13082618232915721,
            "dipole": [
                -0.04394442103691132,
                0.015913164652242934,
                0.00429613911985403
            ],
            "quadrupole": [
                [
                    -0.516607502797621,
                    -0.5009091740670734,
                    0.004706599346006173
                ],
                [
                    -0.5009091740670734,
                    0.0024289107304697804,
                    -0.5043288785224432
                ],
                [
                    0.004706599346006173,
                    -0.5043288785224432,
                    -0.0010775659270017704
                ]
            ],
            "volume_eff": 2.8945356373267934,
            "alpha_iso": 0.9237879693596149,
            "c6_ii": 0.2739257965515134,
            "c8_ii": 1.8243709537375337,
            "c10_ii": 16.77001766382326,
            "slater_b_init": 67.80682279379616
        },
        {
            "index": 5,
            "element": "H",
            "charge": 0.1345247011899683,
            "dipole": [
                0.021154230959394157,
                0.007591719339673785,
                -0.03832076175062615
            ],
            "quadrupole": [
                [
                    -0.5026755431801089,
                    -0.4986200655339055,
                    0.003206012016204633
                ],
                [
                    -0.4986200655339055,
                    0.004442260997688583,
                    -0.5131221102872868
                ],
                [
                    0.003206012016204633,
                    -0.5131221102872868,
                    0.006276608695067905
                ]
            ],
            "volume_eff": 2.8841802404149797,
            "alpha_iso": 0.9204830554515893,
            "c6_ii": 0.27196932641618315,
            "c8_ii": 1.8070179738261567,
            "c10_ii": 16.57086480588753,
            "slater_b_init": 67.88787735364261
        },
        {
            "index": 6,
            "element": "H",
            "charge": 0.13087796190622247,
            "dipole": [
                0.012564895688556474,
                -0.03773622020093353,
                0.024771939842885376
            ],
            "quadrupole": [
                [
                    -0.5041915905605168,
                    -0.5144488670785777,
                    0.005178484057889707
                ],
                [
                    -0.5144488670785777,
                    0.0040752690243283434,
                    -0.5024918135998391
                ],
                [
                    0.005178484057889707,
                    -0.5024918135998391,
                    0.0034790247201582206
                ]
            ],
            "volume_eff": 2.891850279567508,
            "alpha_iso": 0.9229309402875027,
            "c6_ii": 0.27341777202517675,
            "c8_ii": 1.8198610287846757,
            "c10_ii": 16.71821341318978,
            "slater_b_init": 67.8278046598368
        },
        {
            "index": 7,
            "element": "H",
            "charge": 0.08978456193226858,
            "dipole": [
                -0.019245023788287158,
                -0.0022205084579289074,
                0.046806768344247913
            ],