{
    "molecule": "LEth_197",
    "atoms": [
        {
            "index": 0,
            "element": "C",
            "charge": -0.10455955458997579,
            "dipole": [
                -0.15401793893108606,
                0.0011201734019994308,
                0.03980622466990685
            ],
            "quadrupole": [
                [
                    -4.46647521797782,
                    -4.591366148484023,
                    0.021642129360975242
                ],
                [
                    -4.591366148484023,
                    0.0050770176329048775,
                    -4.571292889971313
                ],
                [
                    0.021642129360975242,
                    -4.571292889971313,
                    -0.030416408133710736
                ]
            ],
            "volume_eff": 33.61602192774824,
            "alpha_iso": 10.560006888297876,
            "c6_ii": 36.08708707923524,
            "c8_ii": 960.0377630590278,
            "c10_ii": 31999.210610708127,
            "slater_b_init": 36.523612450946096
        },
        {
            "index": 1,
            "element": "O",
            "charge": -0.3878600177580722,
            "dipole": [
                0.05951156954014472,
                0.023979411887663466,
                -0.029095569146396594
            ],
            "quadrupole": [
                [
                    -4.0004173978569355,
                    -4.106731232791491,
                    -0.022518922150777547
                ],
                [
                    -4.106731232791491,
                    -0.06722945644794359,
                    -4.12575933073619
                ],
                [
                    -0.022518922150777547,
                    -4.12575933073619,
                    0.0282533133638974
                ]
            ],
            "volume_eff": 23.302444957011726,
            "alpha_iso": 6.952110650158195,
            "c6_ii": 25.856541250887197,
            "c8_ii": 1059.2249507042188,
            "c10_ii": 41784.53352947013,
            "slater_b_init": 34.01162787436285
        },
        {
            "index": 2,
            "element": "C",
            "charge": 0.3406957338469123,
            "dipole": [
                -0.08277549395340102,
                -0.08887617212639659,
                0.11524258755156835
            ],
            "quadrupole": [
                [
                    -3.8222412494193914,
                    -3.8534633242973397,
                    -0.009215697604526342
                ],
                [
                    -3.8534633242973397,
                    -0.03199366702024618,
                    -3.86167984514176
                ],
                [
                    -0.009215697604526342,
                    -3.86167984514176,
                    0.010534473862235256
                ]
            ],
            "volume_eff": 27.664877300825534,
            "alpha_iso": 8.690537371987078,
            "c6_ii": 24.440871495332846,
            "c8_ii": 571.007040422825,
            "c10_ii": 16714.011561079074,
            "slater_b_init": 38.97441296408971
        },
        {
            "index": 3,
            "element": "O",
            "charge": -0.3826038172091124,
            "dipole": [
                -0.007029022705643143,
                -0.08298068360545408,
                -0.01376670239872311
            ],
            "quadrupole": [
                [
                    -3.986058238925326,
                    -4.095515848317849,
                    0.002536984090256266
                ],
                [
                    -4.095515848317849,
                    0.040209192516871696,
                    -4.142464807848617
                ],
                [
                    0.002536984090256266,
                    -4.142464807848617,
                    0.012826661531966148
                ]
            ],
            "volume_eff": 23.294301426925802,
            "alpha_iso": 6.949681088696095,
            "c6_ii": 25.838472183108717,
            "c8_ii": 1058.2381222519764,
            "c10_ii": 41735.878421529625,
            "slater_b_init": 34.01559082421192
        },
        {
            "index": 4,
            "element": "C",
            "charge": -0.0058640684710953295,
            "dipole": [
                0.055877004186941144,
                0.13050563684795435,
                0.0513166493688116
            ],
            "quadrupole": [
                [
                    -4.365665781364512,
                    -4.311078498678797,
                    0.00751257964989874
                ],
                [
                    -4.311078498678797,
                    0.07125782634564033,
                    -4.333604880975472
                ],
                [
                    0.00751257964989874,
                    -4.333604880975472,
                    0.051416114753801485
                ]
            ],
            "volume_eff": 31.719166874631604,
            "alpha_iso": 9.96413619098375,
            "c6_ii": 32.129408802175014,
            "c8_ii": 822.2859291829706,
            "c10_ii": 26366.80108641449,
            "slater_b_init": 37.23761934051067
        },
        {
            "index": 5,
            "element": "C",
            "charge": 0.05879710659627424,
            "dipole": [
                -0.04944037507700457,
                -0.11854392809460482,
                -0.05356602178814559
            ],
            "quadrupole": [
                [
                    -4.259370860451669,
                    -4.1808660337975585,
                    0.014138648563683251
                ],
                [
                    -4.1808660337975585,
                    0.1023765715593319,
                    -4.240870870311614
                ],
                [
                    0.014138648563683251,
                    -4.240870870311614,
                    0.05185673771000888
                ]
            ],
            "volume_eff": 30.683631455926623,
            "alpha_iso": 9.638837106573806,
            "c6_ii": 30.065795998230474,
            "c8_ii": 752.6322459623999,
            "c10_ii": 23605.184331643628,
            "slater_b_init": 37.65190140151011
        },
        {
            "index": 6,
            "element": "F",
            "charge": -0.22370779343161118,
            "dipole": [
                0.03492835760915471,
                0.03545497781033326,
                0.013291264959093337
            ],
            "quadrupole": [
                [
                    -3.5409203865188426,
                    -3.529484561828219,
                    0.02248732200215865
                ],
                [
                    -3.529484561828219,
                    0.03988718569691192,
                    -3.5775981372954084
                ],
                [
                    0.02248732200215865,
                    -3.5775981372954084,
                    0.013801623106555342
                ]
            ],
            "volume_eff": 17.956687223791725,
            "alpha_iso": 5.639290202513104,
            "c6_ii": 20.92210130800019,
            "c8_ii": 916.9075993384212,
            "c10_ii": 37279.44965092029,
            "slater_b_init": 33.31475681133908
        },
        {
            "index": 7,
            "element": "H",
            "charge": 0.08104040953540326,
            "dipole": [
                0.002018186870274088,
                -0.018971778397968757,
                -0.05438232572644453
            ],