{
    "molecule": "Na",
    "atoms": [
        {
            "index": 0,
            "element": "Na",
            "charge": 1.0000000000531877,
            "dipole": [
                -2.1921706737535078e-16,
                2.4580309709031906e-17,
                1.9609291283693296e-16
            ],
            "quadrupole": [
                [
                    -2.1528630553751524,
                    -2.1528630553751524,
                    2.5349641471604363e-16
                ],
                [
                    -2.1528630553751524,
                    6.452153521235175e-17,
                    -2.1528630553751524
                ],
                [
                    2.5349641471604363e-16,
                    -2.1528630553751524,
                    -1.2568983799835088e-16
                ]
            ],
            "volume_eff": 7.974205416412973,
            "alpha_iso": 8.649354808335938,
            "c6_ii": 4.380503361594777,
            "c8_ii": 19.97835675261485,
            "c10_ii": 50.84282917233237,
            "slater_b_init": 74.46622039719871
        }
    ]
}