{
    "molecule": "FEC",
    "atoms": [
        {
            "index": 0,
            "element": "O",
            "charge": -0.5923439291010695,
            "dipole": [
                0.17470398626240555,
                -0.029604547357660542,
                -0.003254176794811256
            ],
            "quadrupole": [
                [
                    -4.379311391035774,
                    -4.425408825704785,
                    0.021793487289782514
                ],
                [
                    -4.425408825704785,
                    -0.006467965643656818,
                    -4.28316238873968
                ],
                [
                    0.021793487289782514,
                    -4.28316238873968,
                    0.0038902498158943075
                ]
            ],
            "volume_eff": 25.434430507692475,
            "alpha_iso": 7.588172637654109,
            "c6_ii": 30.804309947528914,
            "c8_ii": 1337.7540508393913,
            "c10_ii": 55943.63075145876,
            "slater_b_init": 33.0334481825201
        },
        {
            "index": 1,
            "element": "C",
            "charge": 0.9747361061332755,
            "dipole": [
                -0.03369494064877374,
                0.0019174337142385204,
                0.007222581702772876
            ],
            "quadrupole": [
                [
                    -2.9608807916482456,
                    -2.8828210016268287,
                    0.021189320232095687
                ],
                [
                    -2.8828210016268287,
                    0.008715329910553267,
                    -2.766316713482198
                ],
                [
                    0.021189320232095687,
                    -2.766316713482198,
                    0.00830713978256453
                ]
            ],
            "volume_eff": 19.252569875829057,
            "alpha_iso": 6.04792770968452,
            "c6_ii": 11.836862628480242,
            "c8_ii": 217.17076251488106,
            "c10_ii": 4992.068829622114,
            "slater_b_init": 43.9804426291797
        },
        {
            "index": 2,
            "element": "O",
            "charge": -0.3817272911445375,
            "dipole": [
                -0.076779465716263,
                0.06634499636973633,
                0.004761630036262062
            ],
            "quadrupole": [
                [
                    -3.96764941414471,
                    -4.047856632349546,
                    0.0104557933172832
                ],
                [
                    -4.047856632349546,
                    -0.039001037108629955,
                    -4.034167239240686
                ],
                [
                    0.0104557933172832,
                    -4.034167239240686,
                    -0.0030892923014926746
                ]
            ],
            "volume_eff": 22.694652928920945,
            "alpha_iso": 6.770780431832768,
            "c6_ii": 24.5253119147804,
            "c8_ii": 987.1436313813243,
            "c10_ii": 38260.949222175244,
            "slater_b_init": 34.31258206927354
        },
        {
            "index": 3,
            "element": "C",
            "charge": -0.1054004483091564,
            "dipole": [
                0.13966340842120822,
                0.06980167262595025,
                -0.027629270838947773
            ],
            "quadrupole": [
                [
                    -4.311766748463108,
                    -4.4574867806997425,
                    -0.03930982149135966
                ],
                [
                    -4.4574867806997425,
                    0.07187208411493509,
                    -4.4095771803841215
                ],
                [
                    -0.03930982149135966,
                    -4.4095771803841215,
                    -0.023774397584535797
                ]
            ],
            "volume_eff": 31.690679204521654,
            "alpha_iso": 9.955187184666487,
            "c6_ii": 32.07172248395452,
            "c8_ii": 820.3180354033311,
            "c10_ii": 26287.948447232866,
            "slater_b_init": 37.248773990558476
        },
        {
            "index": 4,
            "element": "C",
            "charge": 0.425232788644335,
            "dipole": [
                0.01204386350439876,
                -0.11448974755824931,
                0.12708496386752277
            ],
            "quadrupole": [
                [
                    -3.5985222606854625,
                    -3.680569440728324,
                    -0.04592061870050704
                ],
                [
                    -3.680569440728324,
                    -0.03431774807065165,
                    -3.649589070051051
                ],
                [
                    -0.04592061870050704,
                    -3.649589070051051,
                    -0.04168575874936581
                ]
            ],
            "volume_eff": 25.57035949158717,
            "alpha_iso": 8.03257366227869,
            "c6_ii": 20.880113661256193,
            "c8_ii": 462.87425295972685,
            "c10_ii": 12856.052864409723,
            "slater_b_init": 40.010767974693195
        },
        {
            "index": 5,
            "element": "F",
            "charge": -0.23171806308069876,
            "dipole": [
                0.013146721090521661,
                -0.005158129527003202,
                0.010784535088088422
            ],
            "quadrupole": [
                [
                    -3.524120253085194,
                    -3.561846719016017,
                    -0.026584947054283055
                ],
                [
                    -3.561846719016017,
                    0.0033320987729420944,
                    -3.551456407711406
                ],
                [
                    -0.026584947054283055,
                    -3.551456407711406,
                    -0.0458613458926846
                ]
            ],
            "volume_eff": 17.904214424893222,
            "alpha_iso": 5.622811141702004,
            "c6_ii": 20.80000337845276,
            "c8_ii": 909.7799858572024,
            "c10_ii": 36917.56093258891,
            "slater_b_init": 33.34727082361505
        },
        {
            "index": 6,
            "element": "O",
            "charge": -0.43586199219421573,
            "dipole": [
                -0.044275099195146966,
                -0.06525971709570709,
                0.03445235828704703
            ],
            "quadrupole": [
                [
                    -4.023975682550424,
                    -4.113013149505078,
                    0.007501137379850775
                ],
                [
                    -4.113013149505078,
                    0.0003218683025833009,
                    -4.087869142821679
                ],
                [
                    0.007501137379850775,
                    -4.087869142821679,
                    0.0008311465994110467
                ]
            ],
            "volume_eff": 23.121149056657796,
            "alpha_iso": 6.898022370494591,
            "c6_ii": 25.45577218559545,
            "c8_ii": 1037.3914465898824,
            "c10_ii": 40710.70599815762,
            "slater_b_init": 34.10029304625209
        },
        {
            "index": 7,
            "element": "H",
            "charge": 0.13656773195374128,
            "dipole": [
                -0.0016016697925149135,
                0.022633683314172166,
                0.0555409492067381
            ],