{
    "molecule": "FSI",
    "atoms": [
        {
            "index": 0,
            "element": "N",
            "charge": -0.8646491470245339,
            "dipole": [
                -0.13650357098904584,
                0.08385305710819538,
                0.20681363330347238
            ],
            "quadrupole": [
                [
                    -5.212609960137728,
                    -5.083524618441034,
                    -0.04028833943678625
                ],
                [
                    -5.083524618441034,
                    -0.02015681765162719,
                    -5.150594634550081
                ],
                [
                    -0.04028833943678625,
                    -5.150594634550081,
                    -0.030700700395206403
                ]
            ],
            "volume_eff": 34.07597194360601,
            "alpha_iso": 9.927645369397027,
            "c6_ii": 43.55564372622987,
            "c8_ii": 1663.868577013759,
            "c10_ii": 69239.69283407861,
            "slater_b_init": 32.641065150583906
        },
        {
            "index": 1,
            "element": "S",
            "charge": 1.5996177880539904,
            "dipole": [
                0.010558144409736622,
                0.04128491644958183,
                0.09187269301534733
            ],
            "quadrupole": [
                [
                    -7.058376921829093,
                    -7.012214616426524,
                    0.06011696636037589
                ],
                [
                    -7.012214616426524,
                    -0.017887377511450694,
                    -6.8909408585230505
                ],
                [
                    0.06011696636037589,
                    -6.8909408585230505,
                    -0.0348407087704649
                ]
            ],
            "volume_eff": 53.064249620582295,
            "alpha_iso": 13.830575698981557,
            "c6_ii": 66.72263233586195,
            "c8_ii": 1578.6450389787296,
            "c10_ii": 37537.19948098418,
            "slater_b_init": 38.19010521025939
        },
        {
            "index": 2,
            "element": "O",
            "charge": -0.6756366478380329,
            "dipole": [
                0.09623486885685963,
                0.16289133849916523,
                -0.14521445677376182
            ],
            "quadrupole": [
                [
                    -4.444234025131144,
                    -4.464664788127654,
                    0.03493451478237199
                ],
                [
                    -4.464664788127654,
                    -0.005314024247516626,
                    -4.447422205760793
                ],
                [
                    0.03493451478237199,
                    -4.447422205760793,
                    0.01167127258682676
                ]
            ],
            "volume_eff": 25.95399049096955,
            "alpha_iso": 7.743179483493678,
            "c6_ii": 32.07566957517557,
            "c8_ii": 1411.8718196668917,
            "c10_ii": 59844.520670258105,
            "slater_b_init": 32.81153402749827
        },
        {
            "index": 3,
            "element": "O",
            "charge": -0.6743799886520563,
            "dipole": [
                0.12711064417057305,
                -0.1976557172583892,
                0.020924101274817503
            ],
            "quadrupole": [
                [
                    -4.444045873259794,
                    -4.4814147664994515,
                    0.012028760581665774
                ],
                [
                    -4.4814147664994515,
                    0.016525246665123793,
                    -4.422831172340167
                ],
                [
                    0.012028760581665774,
                    -4.422831172340167,
                    0.0028899517303045495
                ]
            ],
            "volume_eff": 25.93288905609131,
            "alpha_iso": 7.736884027784146,
            "c6_ii": 32.02353366139747,
            "c8_ii": 1408.812833195745,
            "c10_ii": 59682.489341462424,
            "slater_b_init": 32.820431130315434
        },
        {
            "index": 4,
            "element": "F",
            "charge": -0.31657102225197775,
            "dipole": [
                0.019284943880089882,
                0.032337405657989,
                0.06751363569485519
            ],
            "quadrupole": [
                [
                    -3.6126046279695325,
                    -3.639311006121846,
                    -0.0011985617080105503
                ],
                [
                    -3.639311006121846,
                    0.0059831581136939645,
                    -3.646004733591895
                ],
                [
                    -0.0011985617080105503,
                    -3.646004733591895,
                    0.006371282543211706
                ]
            ],
            "volume_eff": 18.424866345561302,
            "alpha_iso": 5.786321662242392,
            "c6_ii": 22.02731472298392,
            "c8_ii": 982.0507098616279,
            "c10_ii": 40619.064738880654,
            "slater_b_init": 33.03015446512224
        },
        {
            "index": 5,
            "element": "S",
            "charge": 1.5961467234767746,
            "dipole": [
                -0.0952861162440655,
                0.00759342706469122,
                0.04025031413357988
            ],
            "quadrupole": [
                [
                    -6.957288915107218,
                    -7.0433634405333105,
                    0.014525629258361919
                ],
                [
                    -7.0433634405333105,
                    -0.032713259724667584,
                    -6.995761198171408
                ],
                [
                    0.014525629258361919,
                    -6.995761198171408,
                    -0.10799465589536957
                ]
            ],
            "volume_eff": 53.197494554755345,
            "alpha_iso": 13.865304431824532,
            "c6_ii": 67.05813561089438,
            "c8_ii": 1589.237825562883,
            "c10_ii": 37852.30870806468,
            "slater_b_init": 38.15819335325423
        },
        {
            "index": 6,
            "element": "O",
            "charge": -0.6735407159560349,
            "dipole": [
                -0.01515392629345577,
                0.12420929646222081,
                -0.1991331989972905
            ],
            "quadrupole": [
                [
                    -4.417601428905656,
                    -4.460056372095083,
                    0.022131064126412973
                ],
                [
                    -4.460056372095083,
                    -0.0019342479909945948,
                    -4.466571558511563
                ],
                [
                    0.022131064126412973,
                    -4.466571558511563,
                    -0.004539535629575848
                ]
            ],
            "volume_eff": 25.921856561417762,
            "alpha_iso": 7.733592565284857,
            "c6_ii": 31.996292245093812,
            "c8_ii": 1407.2151492303014,
            "c10_ii": 59597.89663244557,
            "slater_b_init": 32.82508665943784
        },
        {
            "index": 7,
            "element": "O",
            "charge": -0.6737998505470095,
            "dipole": [
                0.015271657043487694,
                -0.23285067208793198,
                -0.03349011798564619
            ],