{
    "molecule": "TMP",
    "atoms": [
        {
            "index": 0,
            "element": "C",
            "charge": -0.07190604718412263,
            "dipole": [
                0.010316752737294363,
                0.18305487459292047,
                -0.04717450119080324
            ],
            "quadrupole": [
                [
                    -4.477904104004373,
                    -4.3310340631899695,
                    -0.044536205012125976
                ],
                [
                    -4.3310340631899695,
                    -0.020135811805021397,
                    -4.455644238928966
                ],
                [
                    -0.044536205012125976,
                    -4.455644238928966,
                    -0.01891599188905841
                ]
            ],
            "volume_eff": 32.179187016522775,
            "alpha_iso": 10.108645136080453,
            "c6_ii": 33.06810640488652,
            "c8_ii": 854.4729420265065,
            "c10_ii": 27663.15835936802,
            "slater_b_init": 37.0593225480305
        },
        {
            "index": 1,
            "element": "O",
            "charge": -0.5507596570223487,
            "dipole": [
                -0.14445362079966603,
                -0.12210986199232209,
                -0.07219539588945777
            ],
            "quadrupole": [
                [
                    -4.247483227116722,
                    -4.194698779076789,
                    -0.008069537931128938
                ],
                [
                    -4.194698779076789,
                    -0.0015950243370966447,
                    -4.23958336797953
                ],
                [
                    -0.008069537931128938,
                    -4.23958336797953,
                    -0.031450972598405506
                ]
            ],
            "volume_eff": 24.204664813892528,
            "alpha_iso": 7.221281215194455,
            "c6_ii": 27.89751979654173,
            "c8_ii": 1172.146120793379,
            "c10_ii": 47425.017364199084,
            "slater_b_init": 33.58367548473059
        },
        {
            "index": 2,
            "element": "P",
            "charge": 1.7716895274098974,
            "dipole": [
                -0.00035126568787183785,
                0.013325639961349401,
                -0.07445148919967834
            ],
            "quadrupole": [
                [
                    -6.202590133092747,
                    -6.211459289781766,
                    -0.0021412420213177113
                ],
                [
                    -6.211459289781766,
                    0.004179831893929427,
                    -6.238022038220547
                ],
                [
                    -0.0021412420213177113,
                    -6.238022038220547,
                    -0.002551807884546205
                ]
            ],
            "volume_eff": 49.66682262352683,
            "alpha_iso": 19.102624085971858,
            "c6_ii": 108.01343310310585,
            "c8_ii": 3415.9074492534955,
            "c10_ii": 61178.852694028246,
            "slater_b_init": 36.09632040545883
        },
        {
            "index": 3,
            "element": "O",
            "charge": -0.8714538311287452,
            "dipole": [
                0.014674919184849639,
                -0.052128114068980734,
                0.32724748656016794
            ],
            "quadrupole": [
                [
                    -4.780652902891538,
                    -4.783045935662723,
                    0.007093188607566576
                ],
                [
                    -4.783045935662723,
                    2.692044635454691e-06,
                    -4.8346292650315394
                ],
                [
                    0.007093188607566576,
                    -4.8346292650315394,
                    0.0005053956300229092
                ]
            ],
            "volume_eff": 28.780891906483316,
            "alpha_iso": 8.586564436188391,
            "c6_ii": 39.443545457555494,
            "c8_ii": 1860.0682906461789,
            "c10_ii": 84467.84549358173,
            "slater_b_init": 31.70004165466667
        },
        {
            "index": 4,
            "element": "O",
            "charge": -0.5571053396389196,
            "dipole": [
                0.18144549330405602,
                -0.04820592616373191,
                -0.08043230215890318
            ],
            "quadrupole": [
                [
                    -4.230251670376241,
                    -4.232517331697868,
                    -0.019619768602088267
                ],
                [
                    -4.232517331697868,
                    0.015744069666801207,
                    -4.2606174550787586
                ],
                [
                    -0.019619768602088267,
                    -4.2606174550787586,
                    0.031199625088710277
                ]
            ],
            "volume_eff": 24.322030286211895,
            "alpha_iso": 7.256296328483107,
            "c6_ii": 28.16871906534347,
            "c8_ii": 1187.3636792583386,
            "c10_ii": 48195.89009004743,
            "slater_b_init": 33.52956924278097
        },
        {
            "index": 5,
            "element": "C",
            "charge": -0.0651070040863928,
            "dipole": [
                -0.1619416090652277,
                -0.06403084215244274,
                -0.07768028147777106
            ],
            "quadrupole": [
                [
                    -4.377590429193958,
                    -4.41869733583798,
                    0.015252118879450572
                ],
                [
                    -4.41869733583798,
                    0.058399004701840986,
                    -4.425635162295506
                ],
                [
                    0.015252118879450572,
                    -4.425635162295506,
                    0.07377589249514994
                ]
            ],
            "volume_eff": 32.04931769669969,
            "alpha_iso": 10.06784849110985,
            "c6_ii": 32.80173134014817,
            "c8_ii": 845.3078509002365,
            "c10_ii": 27292.762600102727,
            "slater_b_init": 37.109311992392136
        },
        {
            "index": 6,
            "element": "O",
            "charge": -0.5546312468239805,
            "dipole": [
                -0.0446843602125735,
                0.1975072542162135,
                -0.029477384974862714
            ],
            "quadrupole": [
                [
                    -4.213686298826974,
                    -4.258652967382337,
                    0.037988524350504635
                ],
                [
                    -4.258652967382337,
                    -0.013477229635275105,
                    -4.236386434485471
                ],
                [
                    0.037988524350504635,
                    -4.236386434485471,
                    -0.0003307059235957711
                ]
            ],
            "volume_eff": 24.285860352343832,
            "alpha_iso": 7.245505298489321,
            "c6_ii": 28.085000468957965,
            "c8_ii": 1182.660819615649,
            "c10_ii": 47957.39305068988,
            "slater_b_init": 33.54620664289645
        },
        {
            "index": 7,
            "element": "C",
            "charge": -0.06655799108119975,
            "dipole": [
                0.13934627132219166,
                -0.08372017422249116,
                -0.09637506918287354
            ],