{
    "molecule": "TFSI",
    "atoms": [
        {
            "index": 0,
            "element": "C",
            "charge": 0.5726637992393302,
            "dipole": [
                -0.12564397216511677,
                0.07641440484547943,
                0.1600426762804554
            ],
            "quadrupole": [
                [
                    -3.701902780831024,
                    -3.65330378940602,
                    -0.07091627217594429
                ],
                [
                    -3.65330378940602,
                    0.06574813978287533,
                    -3.7735951087604604
                ],
                [
                    -0.07091627217594429,
                    -3.7735951087604604,
                    0.12434327427299045
                ]
            ],
            "volume_eff": 27.0554895279023,
            "alpha_iso": 8.49910665797978,
            "c6_ii": 23.375988414174834,
            "c8_ii": 538.0787701858,
            "c10_ii": 15518.015849857182,
            "slater_b_init": 39.2648581863838
        },
        {
            "index": 1,
            "element": "F",
            "charge": -0.21528178532542697,
            "dipole": [
                -0.02495053622687738,
                -0.014388960952327175,
                -0.009357873206555968
            ],
            "quadrupole": [
                [
                    -3.490619379302107,
                    -3.5360987073437484,
                    0.005017346139883981
                ],
                [
                    -3.5360987073437484,
                    0.022715958552292848,
                    -3.542997701452604
                ],
                [
                    0.005017346139883981,
                    -3.542997701452604,
                    0.010281323455381599
                ]
            ],
            "volume_eff": 17.741166800883196,
            "alpha_iso": 5.571606102756706,
            "c6_ii": 20.422891160707746,
            "c8_ii": 887.8538217349529,
            "c10_ii": 35808.76662060931,
            "slater_b_init": 33.44911721067526
        },
        {
            "index": 2,
            "element": "F",
            "charge": -0.21707091173131232,
            "dipole": [
                0.023669577700783737,
                -0.009890324677794013,
                0.01849006258997725
            ],
            "quadrupole": [
                [
                    -3.5280465872302407,
                    -3.543350752155149,
                    -0.01969872006890503
                ],
                [
                    -3.543350752155149,
                    -0.007799424941257464,
                    -3.4983958753872204
                ],
                [
                    -0.01969872006890503,
                    -3.4983958753872204,
                    0.023487024847234115
                ]
            ],
            "volume_eff": 17.73512045272782,
            "alpha_iso": 5.569707249617001,
            "c6_ii": 20.40897292528696,
            "c8_ii": 887.0471481772095,
            "c10_ii": 35768.102967548264,
            "slater_b_init": 33.45291799360141
        },
        {
            "index": 3,
            "element": "F",
            "charge": -0.21689198427550238,
            "dipole": [
                0.012073880630551915,
                0.03150700784589518,
                -0.008216600197194515
            ],
            "quadrupole": [
                [
                    -3.5421964559314736,
                    -3.4827005108634177,
                    -0.008082074389756886
                ],
                [
                    -3.4827005108634177,
                    0.0042877248053225375,
                    -3.5482088675768706
                ],
                [
                    -0.008082074389756886,
                    -3.5482088675768706,
                    -0.0011373814667514231
                ]
            ],
            "volume_eff": 17.745455223211735,
            "alpha_iso": 5.572952880016908,
            "c6_ii": 20.432765659795233,
            "c8_ii": 888.4262394266486,
            "c10_ii": 35837.62725997411,
            "slater_b_init": 33.44642252075981
        },
        {
            "index": 4,
            "element": "S",
            "charge": 1.14267580066082,
            "dipole": [
                0.1378796434411479,
                -0.07268977634084335,
                -0.136306707777528
            ],
            "quadrupole": [
                [
                    -8.011287454012129,
                    -7.959987894973239,
                    -0.00809057853513975
                ],
                [
                    -7.959987894973239,
                    0.02151958432692513,
                    -7.974968470522892
                ],
                [
                    -0.00809057853513975,
                    -7.974968470522892,
                    0.05841910018791365
                ]
            ],
            "volume_eff": 63.003850922038055,
            "alpha_iso": 16.421216463722683,
            "c6_ii": 94.05963900429651,
            "c8_ii": 2495.310938176046,
            "c10_ii": 66529.16838524208,
            "slater_b_init": 36.06582177043099
        },
        {
            "index": 5,
            "element": "O",
            "charge": -0.5887197035444984,
            "dipole": [
                -0.05386574299471349,
                0.04404097019528358,
                -0.16343299628776276
            ],
            "quadrupole": [
                [
                    -4.30042127304817,
                    -4.323150274562905,
                    0.014260591472985144
                ],
                [
                    -4.323150274562905,
                    0.0002458811749232682,
                    -4.350695189699889
                ],
                [
                    0.014260591472985144,
                    -4.350695189699889,
                    -0.012358862244158317
                ]
            ],
            "volume_eff": 24.979583277582037,
            "alpha_iso": 7.452472359057624,
            "c6_ii": 29.712406395585706,
            "c8_ii": 1274.9057037430946,
            "c10_ii": 52677.83109496472,
            "slater_b_init": 33.23274277105467
        },
        {
            "index": 6,
            "element": "O",
            "charge": -0.598868158568596,
            "dipole": [
                0.016062339735785525,
                -0.17956851571454352,
                -0.004501746733214895
            ],
            "quadrupole": [
                [
                    -4.327504140239528,
                    -4.384986963445226,
                    -0.00020537829985115024
                ],
                [
                    -4.384986963445226,
                    0.010680115552710208,
                    -4.332956604659109
                ],
                [
                    -0.00020537829985115024,
                    -4.332956604659109,
                    -0.0059954218742553165
                ]
            ],
            "volume_eff": 25.186267644686268,
            "alpha_iso": 7.5141350984146875,
            "c6_ii": 30.206129284113477,
            "c8_ii": 1303.229987260104,
            "c10_ii": 54144.78530192424,
            "slater_b_init": 33.14158776391697
        },
        {
            "index": 7,
            "element": "N",
            "charge": -0.770708580976704,
            "dipole": [
                0.01139756067509101,
                0.05948796559843929,
                0.1377672595083486
            ],