{
    "molecule": "LCarb_87",
    "atoms": [
        {
            "index": 0,
            "element": "C",
            "charge": -0.526044482294953,
            "dipole": [
                0.02877548207849713,
                0.06665539549388132,
                -0.02834037982383787
            ],
            "quadrupole": [
                [
                    -5.291895486530211,
                    -5.385223747969882,
                    0.06803951618551814
                ],
                [
                    -5.385223747969882,
                    -0.026612297714615676,
                    -5.250551148157481
                ],
                [
                    0.06803951618551814,
                    -5.250551148157481,
                    0.01459641758263472
                ]
            ],
            "volume_eff": 40.41312276896689,
            "alpha_iso": 12.695221812240908,
            "c6_ii": 52.155968123396356,
            "c8_ii": 1568.765011264139,
            "c10_ii": 59118.88541462114,
            "slater_b_init": 34.34907360258158
        },
        {
            "index": 1,
            "element": "C",
            "charge": 0.16271918118598094,
            "dipole": [
                -0.19175260299254202,
                0.0011225029967558866,
                0.015254176966252444
            ],
            "quadrupole": [
                [
                    -4.095270433240435,
                    -4.198402441033893,
                    0.033912687187737434
                ],
                [
                    -4.198402441033893,
                    -0.04871519400960599,
                    -4.1385525838194575
                ],
                [
                    0.033912687187737434,
                    -4.1385525838194575,
                    0.016437873527769552
                ]
            ],
            "volume_eff": 30.115217106188265,
            "alpha_iso": 9.460277624980606,
            "c6_ii": 28.96217595669184,
            "c8_ii": 716.0238083918061,
            "c10_ii": 22178.80785343298,
            "slater_b_init": 37.887315326946755
        },
        {
            "index": 2,
            "element": "O",
            "charge": -0.40222934210571637,
            "dipole": [
                0.09291244981138151,
                -0.004947392760426018,
                -0.0036203807664287936
            ],
            "quadrupole": [
                [
                    -4.036831748042666,
                    -4.064435056838081,
                    0.01540953707473265
                ],
                [
                    -4.064435056838081,
                    0.016065818377838926,
                    -4.030129653074549
                ],
                [
                    0.01540953707473265,
                    -4.030129653074549,
                    -0.007037008369872575
                ]
            ],
            "volume_eff": 22.905647621007382,
            "alpha_iso": 6.833729124499441,
            "c6_ii": 24.98346085232158,
            "c8_ii": 1011.8071892687859,
            "c10_ii": 39459.584367069285,
            "slater_b_init": 34.20690046442703
        },
        {
            "index": 3,
            "element": "C",
            "charge": 1.0155009481517911,
            "dipole": [
                0.0007834219932498804,
                -0.04179687751469644,
                0.020360140722479953
            ],
            "quadrupole": [
                [
                    -2.826521893698478,
                    -2.8550869302772317,
                    0.06081248144773078
                ],
                [
                    -2.8550869302772317,
                    -0.00234857757959849,
                    -2.739105574219404
                ],
                [
                    0.06081248144773078,
                    -2.739105574219404,
                    0.008173394884639789
                ]
            ],
            "volume_eff": 18.71836694018522,
            "alpha_iso": 5.880115269168131,
            "c6_ii": 11.18909868033067,
            "c8_ii": 201.47106630007266,
            "c10_ii": 4545.11342453797,
            "slater_b_init": 44.394909989006194
        },
        {
            "index": 4,
            "element": "O",
            "charge": -0.6345719624213118,
            "dipole": [
                0.05016118272840541,
                0.14522518485971908,
                -0.06681698825897821
            ],
            "quadrupole": [
                [
                    -4.443512787182392,
                    -4.433290618610741,
                    0.03463116165669307
                ],
                [
                    -4.433290618610741,
                    -0.0004876438362418612,
                    -4.364776518421421
                ],
                [
                    0.03463116165669307,
                    -4.364776518421421,
                    0.00774255233043782
                ]
            ],
            "volume_eff": 25.80670418331086,
            "alpha_iso": 7.699237712147991,
            "c6_ii": 31.71265010395489,
            "c8_ii": 1390.6067821634526,
            "c10_ii": 58719.957730105096,
            "slater_b_init": 32.87383728082292
        },
        {
            "index": 5,
            "element": "O",
            "charge": -0.41311250275277267,
            "dipole": [
                -0.1061691835827137,
                0.02558291078463087,
                0.00681216500907195
            ],
            "quadrupole": [
                [
                    -4.031808779916438,
                    -4.112487465686207,
                    0.010983905754738886
                ],
                [
                    -4.112487465686207,
                    -0.030525425846535274,
                    -4.086462586586481
                ],
                [
                    0.010983905754738886,
                    -4.086462586586481,
                    0.002799155908013786
                ]
            ],
            "volume_eff": 23.2253007638225,
            "alpha_iso": 6.929095255505055,
            "c6_ii": 25.685625258362734,
            "c8_ii": 1049.899715789105,
            "c10_ii": 41325.21084125485,
            "slater_b_init": 34.04924346052014
        },
        {
            "index": 6,
            "element": "C",
            "charge": -0.043056712947445064,
            "dipole": [
                0.08922095665042615,
                -0.12687915338262776,
                0.05333240728880274
            ],
            "quadrupole": [
                [
                    -4.4371392562319985,
                    -4.384591883233354,
                    0.004724587964301735
                ],
                [
                    -4.384591883233354,
                    -0.09958272785150639,
                    -4.376498405205078
                ],
                [
                    0.004724587964301735,
                    -4.376498405205078,
                    0.039381237221645965
                ]
            ],
            "volume_eff": 32.17578729595975,
            "alpha_iso": 10.107577161034477,
            "c6_ii": 33.06111950477767,
            "c8_ii": 854.2322304569628,
            "c10_ii": 27653.41754804102,
            "slater_b_init": 37.060627741721326
        },
        {
            "index": 7,
            "element": "C",
            "charge": 0.04015689095066577,
            "dipole": [
                0.022604990050982616,
                0.002317681520790249,
                0.1618302841204247
            ],