{
    "molecule": "GBL",
    "atoms": [
        {
            "index": 0,
            "element": "O",
            "charge": -0.5705815551759663,
            "dipole": [
                0.10188256903979714,
                0.05914954680561035,
                0.03566237025411018
            ],
            "quadrupole": [
                [
                    -4.371036191204416,
                    -4.446189272894298,
                    -0.018367400800434353
                ],
                [
                    -4.446189272894298,
                    0.02134274673066744,
                    -4.257675620898167
                ],
                [
                    -0.018367400800434353,
                    -4.257675620898167,
                    -0.02590017629991718
                ]
            ],
            "volume_eff": 25.49296269823103,
            "alpha_iso": 7.605635280135224,
            "c6_ii": 30.94625284722999,
            "c8_ii": 1345.979322707172,
            "c10_ii": 56373.92723318565,
            "slater_b_init": 33.00814705932111
        },
        {
            "index": 1,
            "element": "C",
            "charge": 0.7978315497789712,
            "dipole": [
                -0.03659159257987469,
                0.07878681544865569,
                -0.009260449708531128
            ],
            "quadrupole": [
                [
                    -3.1210562518210883,
                    -3.1858510891678624,
                    -0.01899653954711576
                ],
                [
                    -3.1858510891678624,
                    -0.02034359166376238,
                    -2.928573775204696
                ],
                [
                    -0.01899653954711576,
                    -2.928573775204696,
                    -0.04801220441868021
                ]
            ],
            "volume_eff": 20.856488239678797,
            "alpha_iso": 6.551776410370302,
            "c6_ii": 13.891257461994371,
            "c8_ii": 268.82807803704793,
            "c10_ii": 6518.117022782631,
            "slater_b_init": 42.82283712173098
        },
        {
            "index": 2,
            "element": "C",
            "charge": -0.4548648399002513,
            "dipole": [
                -0.04953316649273407,
                -0.0560786349563569,
                -0.02977574502138168
            ],
            "quadrupole": [
                [
                    -5.023461531753439,
                    -5.055134037952329,
                    0.0068844588777910816
                ],
                [
                    -5.055134037952329,
                    0.019595855915703616,
                    -4.979527254814775
                ],
                [
                    0.0068844588777910816,
                    -4.979527254814775,
                    -0.03197027537331661
                ]
            ],
            "volume_eff": 37.343415776600864,
            "alpha_iso": 11.730915950764668,
            "c6_ii": 44.53354534337479,
            "c8_ii": 1270.7757174024332,
            "c10_ii": 45432.32933150142,
            "slater_b_init": 35.26558982957018
        },
        {
            "index": 3,
            "element": "C",
            "charge": -0.2618363742232468,
            "dipole": [
                0.049007846094825364,
                0.012568856692383702,
                0.03781626053533323
            ],
            "quadrupole": [
                [
                    -4.691541645052858,
                    -4.700446110468435,
                    -0.05537499509322668
                ],
                [
                    -4.700446110468435,
                    -0.00784744363171076,
                    -4.705751190942226
                ],
                [
                    -0.05537499509322668,
                    -4.705751190942226,
                    -0.024633713442983915
                ]
            ],
            "volume_eff": 34.54828911006261,
            "alpha_iso": 10.852865689024902,
            "c6_ii": 38.11643558849342,
            "c8_ii": 1032.6875027878443,
            "c10_ii": 35054.196848307474,
            "slater_b_init": 36.19208891827647
        },
        {
            "index": 4,
            "element": "C",
            "charge": 0.060768194655393515,
            "dipole": [
                0.11115231364698144,
                0.07412302174770996,
                0.016875500966945338
            ],
            "quadrupole": [
                [
                    -4.231072004524054,
                    -4.150430291576062,
                    -0.011388326833577161
                ],
                [
                    -4.150430291576062,
                    0.07728405156877655,
                    -4.184381880672915
                ],
                [
                    -0.011388326833577161,
                    -4.184381880672915,
                    0.031130513487416307
                ]
            ],
            "volume_eff": 30.168632369288897,
            "alpha_iso": 9.47705728878185,
            "c6_ii": 29.06500730719555,
            "c8_ii": 719.4155071301915,
            "c10_ii": 22310.20767844107,
            "slater_b_init": 37.86494157505263
        },
        {
            "index": 5,
            "element": "O",
            "charge": -0.38392617656007744,
            "dipole": [
                -0.056938444695683696,
                -0.028515041510857014,
                -0.016439302607590175
            ],
            "quadrupole": [
                [
                    -4.001066331455464,
                    -4.093921735016105,
                    0.0048643551977523595
                ],
                [
                    -4.093921735016105,
                    0.026462398799698993,
                    -4.035704907660354
                ],
                [
                    0.0048643551977523595,
                    -4.035704907660354,
                    0.010674043000503312
                ]
            ],
            "volume_eff": 22.985909918268458,
            "alpha_iso": 6.857674782245838,
            "c6_ii": 25.158853680973515,
            "c8_ii": 1021.2892513505774,
            "c10_ii": 39922.36461419591,
            "slater_b_init": 34.1670394329215
        },
        {
            "index": 6,
            "element": "H",
            "charge": 0.18389564669833458,
            "dipole": [
                0.03205619217257735,
                -0.016387750734311205,
                -0.03130237197885101
            ],
            "quadrupole": [
                [
                    -0.44316463224297653,
                    -0.44123580007126023,
                    0.00129733155967864
                ],
                [
                    -0.44123580007126023,
                    0.0063323501159425685,
                    -0.4386857205441953
                ],
                [
                    0.00129733155967864,
                    -0.4386857205441953,
                    0.003436102298653977
                ]
            ],
            "volume_eff": 2.4034551029188203,
            "alpha_iso": 0.7670601392294107,
            "c6_ii": 0.18886311959334218,
            "c8_ii": 1.1112167610531536,
            "c10_ii": 9.023822892805546,
            "slater_b_init": 72.1419190697108
        },
        {
            "index": 7,
            "element": "H",
            "charge": 0.17856385299713196,
            "dipole": [
                -0.009628857783422215,
                -0.01967161740236549,
                0.04046362291742188
            ],