{
    "molecule": "LEth_192",
    "atoms": [
        {
            "index": 0,
            "element": "N",
            "charge": -0.4098596869734745,
            "dipole": [
                0.06226737172844585,
                0.032582008506669355,
                -0.07160831724086075
            ],
            "quadrupole": [
                [
                    -4.65807655813049,
                    -4.585314330425862,
                    0.10711696465983592
                ],
                [
                    -4.585314330425862,
                    -0.0605813455348237,
                    -4.743701657761009
                ],
                [
                    0.10711696465983592,
                    -4.743701657761009,
                    0.15720132622482208
                ]
            ],
            "volume_eff": 30.654333312054455,
            "alpha_iso": 8.930790020047363,
            "c6_ii": 35.247773032299065,
            "c8_ii": 1254.7831614233207,
            "c10_ii": 48659.45161388485,
            "slater_b_init": 33.81295406764672
        },
        {
            "index": 1,
            "element": "C",
            "charge": 0.2896866518023149,
            "dipole": [
                -0.029042520626144333,
                -0.042684023963085266,
                0.03938782425162518
            ],
            "quadrupole": [
                [
                    -3.7091788270798514,
                    -3.6332060146647804,
                    0.09225604577982782
                ],
                [
                    -3.6332060146647804,
                    -0.0447627021522774,
                    -3.807126348253384
                ],
                [
                    0.09225604577982782,
                    -3.807126348253384,
                    0.13849520612090846
                ]
            ],
            "volume_eff": 25.79571337256643,
            "alpha_iso": 8.10336545735071,
            "c6_ii": 21.249772075478653,
            "c8_ii": 473.83257525027864,
            "c10_ii": 13237.62312325144,
            "slater_b_init": 39.8939143657909
        },
        {
            "index": 2,
            "element": "C",
            "charge": -0.02583500197687627,
            "dipole": [
                -0.1001109006989903,
                -0.09007817440009908,
                -0.07938339775455416
            ],
            "quadrupole": [
                [
                    -4.291300939353983,
                    -4.3115129908351655,
                    0.017970082318615153
                ],
                [
                    -4.3115129908351655,
                    0.019867457148568447,
                    -4.35523032713805
                ],
                [
                    0.017970082318615153,
                    -4.35523032713805,
                    0.017520189359984055
                ]
            ],
            "volume_eff": 31.17143468250125,
            "alpha_iso": 9.7920737222517,
            "c6_ii": 31.029356823901203,
            "c8_ii": 784.963707456962,
            "c10_ii": 24879.45379464285,
            "slater_b_init": 37.45446243084976
        },
        {
            "index": 3,
            "element": "O",
            "charge": -0.328225700650286,
            "dipole": [
                -0.008462090924498313,
                0.08927807279447957,
                -0.029956578973423586
            ],
            "quadrupole": [
                [
                    -3.9393570714655826,
                    -4.029991947965377,
                    0.0025364397377499025
                ],
                [
                    -4.029991947965377,
                    0.0164150594466266,
                    -4.025371025381444
                ],
                [
                    0.0025364397377499025,
                    -4.025371025381444,
                    0.0610050935689132
                ]
            ],
            "volume_eff": 22.68518617474336,
            "alpha_iso": 6.767956096332274,
            "c6_ii": 24.504855406767707,
            "c8_ii": 986.0459516221432,
            "c10_ii": 38207.77505767472,
            "slater_b_init": 34.317354399593086
        },
        {
            "index": 4,
            "element": "C",
            "charge": -0.036258426982705316,
            "dipole": [
                0.09944638511221238,
                -0.05129458586506325,
                0.11877358464678583
            ],
            "quadrupole": [
                [
                    -4.3493901814899845,
                    -4.420518496802598,
                    -0.05421961594936824
                ],
                [
                    -4.420518496802598,
                    0.007961239551274056,
                    -4.370769530619241
                ],
                [
                    -0.05421961594936824,
                    -4.370769530619241,
                    0.030315343975874043
                ]
            ],
            "volume_eff": 31.970370555678333,
            "alpha_iso": 10.043048342097904,
            "c6_ii": 32.64032925055515,
            "c8_ii": 839.7665806934073,
            "c10_ii": 27069.304893610883,
            "slater_b_init": 37.139832605089374
        },
        {
            "index": 5,
            "element": "C",
            "charge": 0.01716107346197049,
            "dipole": [
                -0.0589218693746241,
                -0.060404002110850466,
                0.13587979626215455
            ],
            "quadrupole": [
                [
                    -4.302135250936427,
                    -4.384471614536418,
                    -0.054110710261669775
                ],
                [
                    -4.384471614536418,
                    0.038688096108287516,
                    -4.256811818199664
                ],
                [
                    -0.054110710261669775,
                    -4.256811818199664,
                    -0.028431197996874918
                ]
            ],
            "volume_eff": 31.45391427684381,
            "alpha_iso": 9.880810767594912,
            "c6_ii": 31.594289155596616,
            "c8_ii": 804.0764285437492,
            "c10_ii": 25638.967576600666,
            "slater_b_init": 37.34200210031868
        },
        {
            "index": 6,
            "element": "F",
            "charge": -0.21441845308263652,
            "dipole": [
                0.027761348950647174,
                -0.002357805470721324,
                -0.04427409650373178
            ],
            "quadrupole": [
                [
                    -3.5463123501778866,
                    -3.5578259545519586,
                    -0.0168349084621626
                ],
                [
                    -3.5578259545519586,
                    0.0007014524355692471,
                    -3.5030347167587683
                ],
                [
                    -0.0168349084621626,
                    -3.5030347167587683,
                    -0.04003756227581082
                ]
            ],
            "volume_eff": 17.85386943494378,
            "alpha_iso": 5.607000318412095,
            "c6_ii": 20.683192480706143,
            "c8_ii": 902.9740495707345,
            "c10_ii": 36572.66549516638,
            "slater_b_init": 33.3785860228908
        },
        {
            "index": 7,
            "element": "H",
            "charge": 0.12938767653919547,
            "dipole": [
                -0.035121609533892394,
                0.04095799538635474,
                0.03668124751071523
            ],