{
    "molecule": "TFSI",
    "atoms": [
        {
            "index": 0,
            "element": "C",
            "charge": 0.5726637992393897,
            "dipole": [
                -0.12564397216511985,
                0.07641440484548508,
                0.16004267628044486
            ],
            "quadrupole": [
                [
                    -3.7019027808310176,
                    -3.6533037894060034,
                    -0.07091627217593605
                ],
                [
                    -3.6533037894060034,
                    0.06574813978286936,
                    -3.7735951087604453
                ],
                [
                    -0.07091627217593605,
                    -3.7735951087604453,
                    0.12434327427301148
                ]
            ],
            "volume_eff": 27.055489527902434,
            "alpha_iso": 8.499106657979823,
            "c6_ii": 23.375988414175065,
            "c8_ii": 538.0787701858071,
            "c10_ii": 15518.015849857444,
            "slater_b_init": 39.26485818638373
        },
        {
            "index": 1,
            "element": "F",
            "charge": -0.21528178532545184,
            "dipole": [
                -0.02495053622687431,
                -0.014388960952320479,
                -0.009357873206566973
            ],
            "quadrupole": [
                [
                    -3.4906193793021387,
                    -3.5360987073437884,
                    0.005017346139875012
                ],
                [
                    -3.5360987073437884,
                    0.02271595855230176,
                    -3.54299770145262
                ],
                [
                    0.005017346139875012,
                    -3.54299770145262,
                    0.010281323455382647
                ]
            ],
            "volume_eff": 17.741166800883498,
            "alpha_iso": 5.5716061027568005,
            "c6_ii": 20.42289116070844,
            "c8_ii": 887.8538217349932,
            "c10_ii": 35808.766620611335,
            "slater_b_init": 33.44911721067508
        },
        {
            "index": 2,
            "element": "F",
            "charge": -0.21707091173130877,
            "dipole": [
                0.02366957770079636,
                -0.0098903246777939,
                0.018490062589975986
            ],
            "quadrupole": [
                [
                    -3.528046587230245,
                    -3.543350752155158,
                    -0.01969872006891246
                ],
                [
                    -3.543350752155158,
                    -0.007799424941259145,
                    -3.4983958753872377
                ],
                [
                    -0.01969872006891246,
                    -3.4983958753872377,
                    0.02348702484724309
                ]
            ],
            "volume_eff": 17.735120452727923,
            "alpha_iso": 5.569707249617034,
            "c6_ii": 20.408972925287205,
            "c8_ii": 887.0471481772234,
            "c10_ii": 35768.10296754896,
            "slater_b_init": 33.45291799360134
        },
        {
            "index": 3,
            "element": "F",
            "charge": -0.21689198427553613,
            "dipole": [
                0.012073880630553134,
                0.03150700784587519,
                -0.008216600197193771
            ],
            "quadrupole": [
                [
                    -3.542196455931479,
                    -3.4827005108634936,
                    -0.008082074389755545
                ],
                [
                    -3.4827005108634936,
                    0.004287724805327692,
                    -3.5482088675769026
                ],
                [
                    -0.008082074389755545,
                    -3.5482088675769026,
                    -0.0011373814667459932
                ]
            ],
            "volume_eff": 17.74545522321207,
            "alpha_iso": 5.572952880017014,
            "c6_ii": 20.432765659796008,
            "c8_ii": 888.4262394266934,
            "c10_ii": 35837.627259976376,
            "slater_b_init": 33.4464225207596
        },
        {
            "index": 4,
            "element": "S",
            "charge": 1.142675800660701,
            "dipole": [
                0.1378796434411613,
                -0.07268977634084657,
                -0.13630670777754794
            ],
            "quadrupole": [
                [
                    -8.011287454012377,
                    -7.959987894973475,
                    -0.008090578535143618
                ],
                [
                    -7.959987894973475,
                    0.021519584326883705,
                    -7.974968470523123
                ],
                [
                    -0.008090578535143618,
                    -7.974968470523123,
                    0.05841910018790154
                ]
            ],
            "volume_eff": 63.003850922040556,
            "alpha_iso": 16.421216463723336,
            "c6_ii": 94.05963900430397,
            "c8_ii": 2495.3109381763106,
            "c10_ii": 66529.16838525089,
            "slater_b_init": 36.06582177043051
        },
        {
            "index": 5,
            "element": "O",
            "charge": -0.58871970354447,
            "dipole": [
                -0.053865742994715866,
                0.044040970195280194,
                -0.1634329962877551
            ],
            "quadrupole": [
                [
                    -4.3004212730481095,
                    -4.323150274562828,
                    0.014260591473004935
                ],
                [
                    -4.323150274562828,
                    0.0002458811749244837,
                    -4.35069518969984
                ],
                [
                    0.014260591473004935,
                    -4.35069518969984,
                    -0.012358862244174498
                ]
            ],
            "volume_eff": 24.97958327758159,
            "alpha_iso": 7.452472359057491,
            "c6_ii": 29.712406395584644,
            "c8_ii": 1274.9057037430339,
            "c10_ii": 52677.831094961584,
            "slater_b_init": 33.232742771054866
        },
        {
            "index": 6,
            "element": "O",
            "charge": -0.5988681585685498,
            "dipole": [
                0.016062339735796884,
                -0.1795685157145539,
                -0.004501746733214078
            ],
            "quadrupole": [
                [
                    -4.32750414023945,
                    -4.384986963445121,
                    -0.00020537829984712243
                ],
                [
                    -4.384986963445121,
                    0.010680115552711205,
                    -4.33295660465901
                ],
                [
                    -0.00020537829984712243,
                    -4.33295660465901,
                    -0.0059954218742658515
                ]
            ],
            "volume_eff": 25.186267644685547,
            "alpha_iso": 7.514135098414473,
            "c6_ii": 30.206129284111746,
            "c8_ii": 1303.2299872600047,
            "c10_ii": 54144.78530191909,
            "slater_b_init": 33.14158776391728
        },
        {
            "index": 7,
            "element": "N",
            "charge": -0.770708580976665,
            "dipole": [
                0.01139756067510571,
                0.059487965598427124,
                0.13776725950833243
            ],