{
    "molecule": "DOL",
    "atoms": [
        {
            "index": 0,
            "element": "C",
            "charge": 0.40570387403416586,
            "dipole": [
                0.12501546400718846,
                -0.027227006058350715,
                -0.00015662605523372554
            ],
            "quadrupole": [
                [
                    -3.7410352555426916,
                    -3.6883560425955864,
                    0.0022104337708206754
                ],
                [
                    -3.6883560425955864,
                    0.011324414569542817,
                    -3.4727379058903156
                ],
                [
                    0.0022104337708206754,
                    -3.4727379058903156,
                    0.0014198347359860538
                ]
            ],
            "volume_eff": 25.345214057206263,
            "alpha_iso": 7.961847347813485,
            "c6_ii": 20.514036212837667,
            "c8_ii": 452.0856306068102,
            "c10_ii": 12482.591223633199,
            "slater_b_init": 40.128892823471354
        },
        {
            "index": 1,
            "element": "O",
            "charge": -0.4929739645501563,
            "dipole": [
                -0.00024921172107641196,
                -0.0002556287006003615,
                -0.016826734845120428
            ],
            "quadrupole": [
                [
                    -4.094652028558201,
                    -4.284322900417122,
                    0.0002959583796327737
                ],
                [
                    -4.284322900417122,
                    -0.044284155574216215,
                    -4.285656092072714
                ],
                [
                    0.0002959583796327737,
                    -4.285656092072714,
                    -0.0002514768850239384
                ]
            ],
            "volume_eff": 24.345480194648804,
            "alpha_iso": 7.263292433762627,
            "c6_ii": 28.223062581012115,
            "c8_ii": 1190.4189006636532,
            "c10_ii": 48350.956781361485,
            "slater_b_init": 33.51880040047665
        },
        {
            "index": 2,
            "element": "C",
            "charge": 0.40570290804861386,
            "dipole": [
                -0.1250149527393867,
                0.027229086641207358,
                0.00015664058374728124
            ],
            "quadrupole": [
                [
                    -3.7410374308452714,
                    -3.688358617210883,
                    0.002210446754462297
                ],
                [
                    -3.688358617210883,
                    0.011324895161603723,
                    -3.472739685064972
                ],
                [
                    0.002210446754462297,
                    -3.472739685064972,
                    0.0014197761846384525
                ]
            ],
            "volume_eff": 25.345233994030927,
            "alpha_iso": 7.961853610690342,
            "c6_ii": 20.51406848598423,
            "c8_ii": 452.0865789155349,
            "c10_ii": 12482.623953475919,
            "slater_b_init": 40.12888230153377
        },
        {
            "index": 3,
            "element": "O",
            "charge": -0.4929740216128913,
            "dipole": [
                0.0002493951273253982,
                0.00025594406823335904,
                0.01682670631808034
            ],
            "quadrupole": [
                [
                    -4.094652020482493,
                    -4.284322752433055,
                    0.0002952202276689362
                ],
                [
                    -4.284322752433055,
                    -0.04428413384417985,
                    -4.285656039653782
                ],
                [
                    0.0002952202276689362,
                    -4.285656039653782,
                    -0.0002516683511444597
                ]
            ],
            "volume_eff": 24.345479479092802,
            "alpha_iso": 7.26329222028183,
            "c6_ii": 28.22306092196235,
            "c8_ii": 1190.4188073610371,
            "c10_ii": 48350.95204429927,
            "slater_b_init": 33.5188007288686
        },
        {
            "index": 4,
            "element": "H",
            "charge": 0.04132649729009796,
            "dipole": [
                -0.013812282675897352,
                0.0768426559295827,
                -0.0007323076001743958
            ],
            "quadrupole": [
                [
                    -0.5629039112393843,
                    -0.5739410932262592,
                    0.00024926920460987797
                ],
                [
                    -0.5739410932262592,
                    0.002035297900893791,
                    -0.5466999473928145
                ],
                [
                    0.00024926920460987797,
                    -0.5466999473928145,
                    7.597230565060404e-05
                ]
            ],
            "volume_eff": 3.195604233588423,
            "alpha_iso": 1.0198736915707733,
            "c6_ii": 0.33387285204584105,
            "c8_ii": 2.375257588200435,
            "c10_ii": 23.322788631874573,
            "slater_b_init": 65.60677646771305
        },
        {
            "index": 5,
            "element": "H",
            "charge": 0.040496108001117914,
            "dipole": [
                -0.04575444664966946,
                -0.06443437477599027,
                0.0009308199176635958
            ],
            "quadrupole": [
                [
                    -0.5675578970327946,
                    -0.571880570098742,
                    0.0003351246363269044
                ],
                [
                    -0.571880570098742,
                    -0.0060063243869128815,
                    -0.5478570998201123
                ],
                [
                    0.0003351246363269044,
                    -0.5478570998201123,
                    0.00021086627331494054
                ]
            ],
            "volume_eff": 3.2043271727831604,
            "alpha_iso": 1.0226576083350511,
            "c6_ii": 0.3356980639632684,
            "c8_ii": 2.3925867149981124,
            "c10_ii": 23.53567684372711,
            "slater_b_init": 65.5471899590791
        },
        {
            "index": 6,
            "element": "H",
            "charge": 0.04132593629812664,
            "dipole": [
                0.01381152118307303,
                -0.0768428027806069,
                0.0007322936495528224
            ],
            "quadrupole": [
                [
                    -0.5629049083331122,
                    -0.5739424684987828,
                    0.0002492675083743465
                ],
                [
                    -0.5739424684987828,
                    0.002035306223648577,
                    -0.5467011556447834
                ],
                [
                    0.0002492675083743465,
                    -0.5467011556447834,
                    7.59784563317171e-05
                ]
            ],
            "volume_eff": 3.1956139572726174,
            "alpha_iso": 1.0198767948742395,
            "c6_ii": 0.3338748838863796,
            "c8_ii": 2.3752768616035596,
            "c10_ii": 23.323025190409023,
            "slater_b_init": 65.60670992439972
        },
        {
            "index": 7,
            "element": "H",
            "charge": 0.04049714484642397,
            "dipole": [
                0.04575505794897626,
                0.06443384411935864,
                -0.0009308257099828937
            ],