{
    "molecule": "Na",
    "atoms": [
        {
            "index": 0,
            "element": "Na",
            "charge": 1.0000000000531895,
            "dipole": [
                3.8775941308802723e-17,
                2.231719605035203e-16,
                9.975985973472525e-17
            ],
            "quadrupole": [
                [
                    -2.1528630553751524,
                    -2.1528630553751515,
                    1.9522952867753455e-16
                ],
                [
                    -2.1528630553751515,
                    5.299357786416881e-16,
                    -2.1528630553751533
                ],
                [
                    1.9522952867753455e-16,
                    -2.1528630553751533,
                    4.441305965679268e-16
                ]
            ],
            "volume_eff": 7.974205416412971,
            "alpha_iso": 8.649354808335936,
            "c6_ii": 4.380503361594775,
            "c8_ii": 19.978356752614836,
            "c10_ii": 50.84282917233233,
            "slater_b_init": 74.46622039719873
        }
    ]
}