{
    "molecule": "Est_264",
    "atoms": [
        {
            "index": 0,
            "element": "C",
            "charge": -0.42610832654766284,
            "dipole": [
                0.07196909392694338,
                -0.03259850330263277,
                -0.006900584325282827
            ],
            "quadrupole": [
                [
                    -5.100146411474294,
                    -5.092949499417044,
                    -0.011450965113104044
                ],
                [
                    -5.092949499417044,
                    0.044870718161607585,
                    -5.05027437401984
                ],
                [
                    -0.011450965113104044,
                    -5.05027437401984,
                    0.009916499340227267
                ]
            ],
            "volume_eff": 38.35922169702869,
            "alpha_iso": 12.050017287024719,
            "c6_ii": 46.98927718319379,
            "c8_ii": 1365.057353720206,
            "c10_ii": 49684.10753022026,
            "slater_b_init": 34.95150676977292
        },
        {
            "index": 1,
            "element": "C",
            "charge": -0.12484009192569623,
            "dipole": [
                -0.0011413173099540526,
                0.08250897241318468,
                0.03217538018054166
            ],
            "quadrupole": [
                [
                    -4.500698014012684,
                    -4.5300968930135985,
                    -0.038919820229141124
                ],
                [
                    -4.5300968930135985,
                    0.02208078464672907,
                    -4.444871166203045
                ],
                [
                    -0.038919820229141124,
                    -4.444871166203045,
                    -0.0003982575407075898
                ]
            ],
            "volume_eff": 32.85515761016616,
            "alpha_iso": 10.320991919423923,
            "c6_ii": 34.4719856788745,
            "c8_ii": 903.1799343551925,
            "c10_ii": 29648.089975895164,
            "slater_b_init": 36.80340326279559
        },
        {
            "index": 2,
            "element": "C",
            "charge": -0.46600232582665413,
            "dipole": [
                -0.0919575202435308,
                -0.018887808815576668,
                -0.01612536940983955
            ],
            "quadrupole": [
                [
                    -5.106902170792502,
                    -5.133383608873665,
                    -0.05112308054226376
                ],
                [
                    -5.133383608873665,
                    -0.018318120902507905,
                    -5.036726942957977
                ],
                [
                    -0.05112308054226376,
                    -5.036726942957977,
                    -0.020106935380086798
                ]
            ],
            "volume_eff": 38.26306113683488,
            "alpha_iso": 12.019809781204671,
            "c6_ii": 46.75398296123339,
            "c8_ii": 1355.9511129316668,
            "c10_ii": 49270.15281431316,
            "slater_b_init": 34.980761659244045
        },
        {
            "index": 3,
            "element": "C",
            "charge": 0.7914119466654901,
            "dipole": [
                0.07061004438207363,
                -0.011799922220356317,
                0.002825072948134718
            ],
            "quadrupole": [
                [
                    -3.1422370075508637,
                    -3.1579214367296315,
                    -0.09022940397446894
                ],
                [
                    -3.1579214367296315,
                    0.059345437383499025,
                    -2.953433509071113
                ],
                [
                    -0.09022940397446894,
                    -2.953433509071113,
                    -0.0009391096517806853
                ]
            ],
            "volume_eff": 20.880144426370677,
            "alpha_iso": 6.559207673205448,
            "c6_ii": 13.922787270771213,
            "c8_ii": 269.6419523031136,
            "c10_ii": 6542.7932666396155,
            "slater_b_init": 42.806658947556635
        },
        {
            "index": 4,
            "element": "O",
            "charge": -0.5654456711605427,
            "dipole": [
                -0.013470465562024267,
                -0.11069985416032974,
                -0.04590317578121067
            ],
            "quadrupole": [
                [
                    -4.409056681144103,
                    -4.356652198742677,
                    -0.0455289374323992
                ],
                [
                    -4.356652198742677,
                    0.011669021834891321,
                    -4.260136356089838
                ],
                [
                    -0.0455289374323992,
                    -4.260136356089838,
                    -0.012587017386742855
                ]
            ],
            "volume_eff": 25.348593424418983,
            "alpha_iso": 7.562563784080801,
            "c6_ii": 30.596741680978464,
            "c8_ii": 1325.748675444496,
            "c10_ii": 55316.769284575304,
            "slater_b_init": 33.07069285618629
        },
        {
            "index": 5,
            "element": "O",
            "charge": -0.37046217416411764,
            "dipole": [
                0.08325761369186362,
                -0.013414375187231833,
                0.0027407048123571412
            ],
            "quadrupole": [
                [
                    -3.9628752211433165,
                    -4.046999610161983,
                    -0.012390370760297384
                ],
                [
                    -4.046999610161983,
                    -0.006394331609567444,
                    -4.020467177029946
                ],
                [
                    -0.012390370760297384,
                    -4.020467177029946,
                    0.0028764823510317628
                ]
            ],
            "volume_eff": 22.678074886616898,
            "alpha_iso": 6.765834496559737,
            "c6_ii": 24.48949438900785,
            "c8_ii": 985.2218925291262,
            "c10_ii": 38167.86543861886,
            "slater_b_init": 34.32094105163703
        },
        {
            "index": 6,
            "element": "C",
            "charge": -0.038711650774326145,
            "dipole": [
                -0.11772218610222356,
                0.11737736261580776,
                0.035692270865123964
            ],
            "quadrupole": [
                [
                    -4.300299931906709,
                    -4.364794879867753,
                    -0.023836837805168452
                ],
                [
                    -4.364794879867753,
                    -0.08149961013757222,
                    -4.335410788640204
                ],
                [
                    -0.023836837805168452,
                    -4.335410788640204,
                    -0.029196127153961388
                ]
            ],
            "volume_eff": 31.26251065211021,
            "alpha_iso": 9.820683974484883,
            "c6_ii": 31.21094341433621,
            "c8_ii": 791.0945780286758,
            "c10_ii": 25122.588186266286,
            "slater_b_init": 37.41805546544318
        },
        {
            "index": 7,
            "element": "C",
            "charge": 0.3129233224291248,
            "dipole": [
                -0.06484906462266386,
                -0.0272742796030556,
                -0.017398995704598234
            ],