{
    "molecule": "Spec_1064",
    "atoms": [
        {
            "index": 0,
            "element": "O",
            "charge": -0.5973809311265725,
            "dipole": [
                0.1745356236496536,
                -0.001889493423639161,
                0.04888328130285327
            ],
            "quadrupole": [
                [
                    -4.390488514876431,
                    -4.441543110857133,
                    -0.011928648426318562
                ],
                [
                    -4.441543110857133,
                    0.0027377333153968293,
                    -4.304057065308432
                ],
                [
                    -0.011928648426318562,
                    -4.304057065308432,
                    -0.02839779161469406
                ]
            ],
            "volume_eff": 25.566046502780218,
            "alpha_iso": 7.627439288122275,
            "c6_ii": 31.123942025592015,
            "c8_ii": 1356.2937452077908,
            "c10_ii": 56914.444842169934,
            "slater_b_init": 32.97666437510272
        },
        {
            "index": 1,
            "element": "C",
            "charge": 0.9472694459629754,
            "dipole": [
                -0.045852735062161455,
                0.0012417001340133285,
                -0.01297605178207069
            ],
            "quadrupole": [
                [
                    -2.9593944463926944,
                    -2.9152982759494575,
                    -0.010778905589401167
                ],
                [
                    -2.9152982759494575,
                    0.0034886136586550665,
                    -2.7945156369965676
                ],
                [
                    -0.010778905589401167,
                    -2.7945156369965676,
                    -0.0484096329065057
                ]
            ],
            "volume_eff": 19.33515724640376,
            "alpha_iso": 6.073871386304846,
            "c6_ii": 11.938633156733125,
            "c8_ii": 219.66389990716286,
            "c10_ii": 5063.808012677789,
            "slater_b_init": 43.917734528929955
        },
        {
            "index": 2,
            "element": "O",
            "charge": -0.2909570256793934,
            "dipole": [
                -0.07273264543865705,
                0.04736726637392325,
                -0.015210217891555274
            ],
            "quadrupole": [
                [
                    -3.853067551990436,
                    -3.9326737884834877,
                    -0.011901185425774535
                ],
                [
                    -3.9326737884834877,
                    -0.027244413000041746,
                    -3.890423043835692
                ],
                [
                    -0.011901185425774535,
                    -3.890423043835692,
                    0.006887167781433812
                ]
            ],
            "volume_eff": 21.736044699104497,
            "alpha_iso": 6.48478681630742,
            "c6_ii": 22.497200851374842,
            "c8_ii": 879.830357838515,
            "c10_ii": 33134.39032292127,
            "slater_b_init": 34.8097637819695
        },
        {
            "index": 3,
            "element": "C",
            "charge": -0.06961286654383692,
            "dipole": [
                0.12307425294643531,
                0.14738156824270698,
                0.04581846444426054
            ],
            "quadrupole": [
                [
                    -4.3920038166935065,
                    -4.482850430761443,
                    0.010779755996953726
                ],
                [
                    -4.482850430761443,
                    0.061354814983843715,
                    -4.391820565906954
                ],
                [
                    0.010779755996953726,
                    -4.391820565906954,
                    0.00619696118292024
                ]
            ],
            "volume_eff": 32.15509842356246,
            "alpha_iso": 10.10107803881543,
            "c6_ii": 33.01861690038025,
            "c8_ii": 852.7683028942859,
            "c10_ii": 27594.191960820575,
            "slater_b_init": 37.06857441530943
        },
        {
            "index": 4,
            "element": "C",
            "charge": -0.06506878068343802,
            "dipole": [
                0.12729816218498607,
                -0.14901243585555127,
                0.02296934967422064
            ],
            "quadrupole": [
                [
                    -4.377168331462336,
                    -4.467057260385398,
                    -0.02254658363625234
                ],
                [
                    -4.467057260385398,
                    -0.0633624180744598,
                    -4.390174695684377
                ],
                [
                    -0.02254658363625234,
                    -4.390174695684377,
                    -0.0025134930082587165
                ]
            ],
            "volume_eff": 32.05336516704894,
            "alpha_iso": 10.069119947764063,
            "c6_ii": 32.810016846851696,
            "c8_ii": 845.5925553315825,
            "c10_ii": 27304.25352846415,
            "slater_b_init": 37.10774996022439
        },
        {
            "index": 5,
            "element": "O",
            "charge": -0.2901100606137561,
            "dipole": [
                -0.0728478416729354,
                -0.04403398716188335,
                -0.023787209659789074
            ],
            "quadrupole": [
                [
                    -3.8502506480362513,
                    -3.9316459904329757,
                    0.0036583477484636077
                ],
                [
                    -3.9316459904329757,
                    0.02658199380586608,
                    -3.887569645145977
                ],
                [
                    0.0036583477484636077,
                    -3.887569645145977,
                    0.013003784365113147
                ]
            ],
            "volume_eff": 21.71764432238762,
            "alpha_iso": 6.479297201154318,
            "c6_ii": 22.459127525576964,
            "c8_ii": 877.8456003527355,
            "c10_ii": 33040.98428431602,
            "slater_b_init": 34.81959191909949
        },
        {
            "index": 6,
            "element": "H",
            "charge": 0.18270367404749988,
            "dipole": [
                -0.04518772075827308,
                0.043841781396481566,
                -0.008687671267728124
            ],
            "quadrupole": [
                [
                    -0.41944774866167184,
                    -0.4212605201995577,
                    0.003946479562431026
                ],
                [
                    -0.4212605201995577,
                    0.006371272959203595,
                    -0.4427780781328789
                ],
                [
                    0.003946479562431026,
                    -0.4427780781328789,
                    0.007539869782123795
                ]
            ],
            "volume_eff": 2.2841426409920764,
            "alpha_iso": 0.7289816939336413,
            "c6_ii": 0.17057743286851101,
            "c8_ii": 0.9701331323336746,
            "c10_ii": 7.615198967518407,
            "slater_b_init": 73.37677528470051
        },
        {
            "index": 7,
            "element": "H",
            "charge": 0.1818226319499836,
            "dipole": [
                -0.04438399612275312,
                -0.04295112976723304,
                -0.015878439089486916
            ],