{
    "molecule": "Sulf_457",
    "atoms": [
        {
            "index": 0,
            "element": "C",
            "charge": -0.22495606587717099,
            "dipole": [
                0.11745148479850694,
                0.010564867523393225,
                0.012642742366729886
            ],
            "quadrupole": [
                [
                    -4.902275790227681,
                    -4.593346597598108,
                    -0.024160463535263237
                ],
                [
                    -4.593346597598108,
                    -0.1080600238996485,
                    -4.617719110388587
                ],
                [
                    -0.024160463535263237,
                    -4.617719110388587,
                    -0.027457863422651836
                ]
            ],
            "volume_eff": 34.57095457236636,
            "alpha_iso": 10.85998572953917,
            "c6_ii": 38.16646469537514,
            "c8_ii": 1034.4951475739679,
            "c10_ii": 35130.913418578515,
            "slater_b_init": 36.18417775148336
        },
        {
            "index": 1,
            "element": "C",
            "charge": -0.20604958624145908,
            "dipole": [
                -0.06529368295173178,
                -0.07872637251299378,
                -0.005337500752739478
            ],
            "quadrupole": [
                [
                    -4.97116395398891,
                    -4.541164665694288,
                    -0.02416076379343447
                ],
                [
                    -4.541164665694288,
                    -0.16834888108258497,
                    -4.468976660714798
                ],
                [
                    -0.02416076379343447,
                    -4.468976660714798,
                    -0.05455181428840456
                ]
            ],
            "volume_eff": 34.27793889698643,
            "alpha_iso": 10.767938920519295,
            "c6_ii": 37.52222569843887,
            "c8_ii": 1011.2782531862664,
            "c10_ii": 34148.15189891979,
            "slater_b_init": 36.28698890180694
        },
        {
            "index": 2,
            "element": "S",
            "charge": 1.2408108118187968,
            "dipole": [
                -0.013149313376398124,
                -0.11986099415935769,
                0.028038885374130348
            ],
            "quadrupole": [
                [
                    -7.491645296478544,
                    -7.498843801134577,
                    0.020909243314580585
                ],
                [
                    -7.498843801134577,
                    0.024699262611966342,
                    -7.558746019871307
                ],
                [
                    0.020909243314580585,
                    -7.558746019871307,
                    -0.009756882624302814
                ]
            ],
            "volume_eff": 57.30238329730388,
            "alpha_iso": 14.935195646637714,
            "c6_ii": 77.80625064152534,
            "c8_ii": 1937.639193961525,
            "c10_ii": 48495.04818822325,
            "slater_b_init": 37.22436535535714
        },
        {
            "index": 3,
            "element": "O",
            "charge": -0.5694480513309053,
            "dipole": [
                0.016294206744363812,
                -0.07404019830799317,
                0.1842289070813654
            ],
            "quadrupole": [
                [
                    -4.258319680951489,
                    -4.25780484267711,
                    0.02989947893109197
                ],
                [
                    -4.25780484267711,
                    -0.007044234557110254,
                    -4.295658901786394
                ],
                [
                    0.02989947893109197,
                    -4.295658901786394,
                    0.03017780145522313
                ]
            ],
            "volume_eff": 24.502188428431186,
            "alpha_iso": 7.310045166493282,
            "c6_ii": 28.587567258034284,
            "c8_ii": 1210.9621282664118,
            "c10_ii": 49396.196183419874,
            "slater_b_init": 33.4471889724361
        },
        {
            "index": 4,
            "element": "O",
            "charge": -0.5738517402307277,
            "dipole": [
                0.07228147934658313,
                -0.11348871911363331,
                -0.15271339619377244
            ],
            "quadrupole": [
                [
                    -4.252030233949379,
                    -4.291455414644745,
                    -0.03494393219568643
                ],
                [
                    -4.291455414644745,
                    0.0023435772996082036,
                    -4.290197603454387
                ],
                [
                    -0.03494393219568643,
                    -4.290197603454387,
                    -0.014782050131050339
                ]
            ],
            "volume_eff": 24.55259039386802,
            "alpha_iso": 7.3250822169551,
            "c6_ii": 28.705299724566824,
            "c8_ii": 1217.6161782667643,
            "c10_ii": 49735.70949392404,
            "slater_b_init": 33.424286311905924
        },
        {
            "index": 5,
            "element": "C",
            "charge": -0.4501999443211737,
            "dipole": [
                -0.039996459855848605,
                0.11088481194156356,
                0.061390687478808645
            ],
            "quadrupole": [
                [
                    -5.016189811823215,
                    -5.0668969384514995,
                    -0.04241048702135352
                ],
                [
                    -5.0668969384514995,
                    0.05621909223672432,
                    -5.062769095824106
                ],
                [
                    -0.04241048702135352,
                    -5.062769095824106,
                    -0.030466096973465247
                ]
            ],
            "volume_eff": 37.622698283387955,
            "alpha_iso": 11.818648675409829,
            "c6_ii": 45.2021477326036,
            "c8_ii": 1296.2774716349509,
            "c10_ii": 46574.83619287351,
            "slater_b_init": 35.17811130858566
        },
        {
            "index": 6,
            "element": "C",
            "charge": -0.3671005597161088,
            "dipole": [
                0.001919875974785632,
                -0.06843096835458838,
                -0.08015552665327083
            ],
            "quadrupole": [
                [
                    -4.876328789641587,
                    -4.921611284466034,
                    -0.027911721219165537
                ],
                [
                    -4.921611284466034,
                    0.009760634486877114,
                    -4.899751915454328
                ],
                [
                    -0.027911721219165537,
                    -4.899751915454328,
                    0.01131767712899164
                ]
            ],
            "volume_eff": 36.35576383046953,
            "alpha_iso": 11.420658794911892,
            "c6_ii": 42.20906558775419,
            "c8_ii": 1183.1147357173065,
            "c10_ii": 41549.17920716306,
            "slater_b_init": 35.582086201459084
        },
        {
            "index": 7,
            "element": "H",
            "charge": 0.2572681425650498,
            "dipole": [
                0.05766518515448799,
                0.020237692953658647,
                0.00673955334820196
            ],