{
    "molecule": "FRAG_CCO",
    "atoms": [
        {
            "index": 0,
            "element": "C",
            "charge": -0.5326988822959393,
            "dipole": [
                0.02711711258323674,
                -0.017449382703993502,
                0.0035638674602465016
            ],
            "quadrupole": [
                [
                    -5.344549293784934,
                    -5.296472340086425,
                    -0.018558710340417523
                ],
                [
                    -5.296472340086425,
                    0.028305091407958543,
                    -5.254462472000138
                ],
                [
                    -0.018558710340417523,
                    -5.254462472000138,
                    0.016260480188420887
                ]
            ],
            "volume_eff": 40.45511077581467,
            "alpha_iso": 12.708411762036018,
            "c6_ii": 52.26440135643766,
            "c8_ii": 1573.1151731169566,
            "c10_ii": 59323.87612382521,
            "slater_b_init": 34.33718595424071
        },
        {
            "index": 1,
            "element": "C",
            "charge": 0.14595358804094438,
            "dipole": [
                0.05495220175565651,
                0.10303276243780142,
                0.08894563295726417
            ],
            "quadrupole": [
                [
                    -4.106451255440052,
                    -4.162164906785689,
                    -8.804831586810299e-05
                ],
                [
                    -4.162164906785689,
                    0.06388391007690063,
                    -4.042482805497832
                ],
                [
                    -8.804831586810299e-05,
                    -4.042482805497832,
                    0.05149667580063452
                ]
            ],
            "volume_eff": 29.670607331794166,
            "alpha_iso": 9.320609633024343,
            "c6_ii": 28.113315272188483,
            "c8_ii": 688.1798678107647,
            "c10_ii": 21106.018953020674,
            "slater_b_init": 38.075623167019096
        },
        {
            "index": 2,
            "element": "O",
            "charge": -0.6327224506643656,
            "dipole": [
                -0.06668693930063628,
                -0.10066685774185752,
                0.02390834381709855
            ],
            "quadrupole": [
                [
                    -4.478119182603783,
                    -4.384684156828681,
                    -0.04697815168045102
                ],
                [
                    -4.384684156828681,
                    0.06131382204517347,
                    -4.492569698765457
                ],
                [
                    -0.04697815168045102,
                    -4.492569698765457,
                    0.04175157570907168
                ]
            ],
            "volume_eff": 26.272951373576557,
            "alpha_iso": 7.838339083829469,
            "c6_ii": 32.868900193833404,
            "c8_ii": 1458.61673577713,
            "c10_ii": 62331.38767210876,
            "slater_b_init": 32.67821268339383
        },
        {
            "index": 3,
            "element": "H",
            "charge": 0.13556095308347893,
            "dipole": [
                0.00473106788007962,
                0.035614910326468026,
                -0.02159899324585447
            ],
            "quadrupole": [
                [
                    -0.4967140412867621,
                    -0.5134693518756449,
                    0.0038156595936540308
                ],
                [
                    -0.5134693518756449,
                    -0.0040434060178901575,
                    -0.5044331914087022
                ],
                [
                    0.0038156595936540308,
                    -0.5044331914087022,
                    -0.0021049447048840414
                ]
            ],
            "volume_eff": 2.8840160949819196,
            "alpha_iso": 0.920430668611251,
            "c6_ii": 0.2719383704780743,
            "c8_ii": 1.8067437425314559,
            "c10_ii": 16.56772139256188,
            "slater_b_init": 67.88916528838993
        },
        {
            "index": 4,
            "element": "H",
            "charge": 0.1527030200272631,
            "dipole": [
                -0.025265829175468622,
                -0.03064902220040883,
                -0.018672621328156478
            ],
            "quadrupole": [
                [
                    -0.48329487321006337,
                    -0.4797546970406614,
                    -0.001756132702810314
                ],
                [
                    -0.4797546970406614,
                    -0.0076748864907989055,
                    -0.4842824327773679
                ],
                [
                    -0.001756132702810314,
                    -0.4842824327773679,
                    -0.003808474996315769
                ]
            ],
            "volume_eff": 2.7098339413595545,
            "alpha_iso": 0.8648406195828365,
            "c6_ii": 0.24008249048507457,
            "c8_ii": 1.5302059568250928,
            "c10_ii": 13.4610657014846,
            "slater_b_init": 69.31365539427367
        },
        {
            "index": 5,
            "element": "H",
            "charge": 0.15771906459879093,
            "dipole": [
                -0.004443312626825679,
                0.006313091476789616,
                0.04381270386666997
            ],
            "quadrupole": [
                [
                    -0.4732999200839495,
                    -0.47697853563619286,
                    -0.004947319710433267
                ],
                [
                    -0.47697853563619286,
                    -0.003890344812480805,
                    -0.4827205042705927
                ],
                [
                    -0.004947319710433267,
                    -0.4827205042705927,
                    0.00517437954789031
                ]
            ],
            "volume_eff": 2.6816521489336616,
            "alpha_iso": 0.855846430510743,
            "c6_ii": 0.23511482627243807,
            "c8_ii": 1.4881358988567595,
            "c10_ii": 13.000059064348754,
            "slater_b_init": 69.55561816417473
        },
        {
            "index": 6,
            "element": "H",
            "charge": 0.05117102346504265,
            "dipole": [
                0.01915550493188418,
                0.0006879404886530537,
                -0.060784605720235106
            ],
            "quadrupole": [
                [
                    -0.5565540144231871,
                    -0.5720886135467509,
                    -0.0012462689255194614
                ],
                [
                    -0.5720886135467509,
                    0.005403663860935257,
                    -0.5773460809106603
                ],
                [
                    -0.0012462689255194614,
                    -0.5773460809106603,
                    0.010997921616967202
                ]
            ],
            "volume_eff": 3.290771606214216,
            "alpha_iso": 1.0502462573024094,
            "c6_ii": 0.35405490401753936,
            "c8_ii": 2.5686014521150278,
            "c10_ii": 25.719527650335078,
            "slater_b_init": 64.96814225283602
        },
        {
            "index": 7,
            "element": "H",
            "charge": 0.09078937327163439,
            "dipole": [
                -0.0066459346607514996,
                -0.044614903247927114,
                0.04261056869163936
            ],