{
    "molecule": "DTD",
    "atoms": [
        {
            "index": 0,
            "element": "O",
            "charge": -0.6154343313267141,
            "dipole": [
                0.1615571667678031,
                0.01917540342557308,
                -0.208468767863103
            ],
            "quadrupole": [
                [
                    -4.346818741232199,
                    -4.299189985947519,
                    0.007663072879806169
                ],
                [
                    -4.299189985947519,
                    0.005966419999023414,
                    -4.347933130940547
                ],
                [
                    0.007663072879806169,
                    -4.347933130940547,
                    0.013412308850724924
                ]
            ],
            "volume_eff": 24.899745734288672,
            "alpha_iso": 7.428653423489439,
            "c6_ii": 29.522781560583436,
            "c8_ii": 1264.0686471480938,
            "c10_ii": 52118.70663466348,
            "slater_b_init": 33.268223586562044
        },
        {
            "index": 1,
            "element": "S",
            "charge": 1.6130122871195205,
            "dipole": [
                -0.005525853071588692,
                -0.0008652211351447097,
                0.0012062273992204363
            ],
            "quadrupole": [
                [
                    -6.805237588181277,
                    -6.607677088598052,
                    0.06645856226367516
                ],
                [
                    -6.607677088598052,
                    0.031265046115371675,
                    -6.904142110132024
                ],
                [
                    0.06645856226367516,
                    -6.904142110132024,
                    0.02235107390703566
                ]
            ],
            "volume_eff": 50.21896341839135,
            "alpha_iso": 13.088985146282852,
            "c6_ii": 59.759176669586004,
            "c8_ii": 1362.8866390978856,
            "c10_ii": 31237.83484013017,
            "slater_b_init": 38.89815022226196
        },
        {
            "index": 2,
            "element": "O",
            "charge": -0.616663264719314,
            "dipole": [
                0.09784903665874106,
                -0.06341219454785137,
                0.24049075346007018
            ],
            "quadrupole": [
                [
                    -4.340514228730592,
                    -4.301086038339916,
                    0.012053375890164053
                ],
                [
                    -4.301086038339916,
                    0.007210806981429436,
                    -4.358871473637669
                ],
                [
                    0.012053375890164053,
                    -4.358871473637669,
                    -0.011841760616811048
                ]
            ],
            "volume_eff": 24.91319849299742,
            "alpha_iso": 7.432666953711938,
            "c6_ii": 29.554691135078983,
            "c8_ii": 1265.890659615906,
            "c10_ii": 52212.62759851165,
            "slater_b_init": 33.26223439217896
        },
        {
            "index": 3,
            "element": "O",
            "charge": -0.42822549138548816,
            "dipole": [
                -0.0913429532699587,
                0.10187882668732064,
                -0.007018642842681415
            ],
            "quadrupole": [
                [
                    -4.023750705425835,
                    -4.097794176773412,
                    -0.005886240813523294
                ],
                [
                    -4.097794176773412,
                    0.00048687575824893267,
                    -4.0898999875432205
                ],
                [
                    -0.005886240813523294,
                    -4.0898999875432205,
                    0.019231317179943922
                ]
            ],
            "volume_eff": 23.028080722997984,
            "alpha_iso": 6.870256127303266,
            "c6_ii": 25.25125309924794,
            "c8_ii": 1026.2934140589532,
            "c10_ii": 40167.03112107827,
            "slater_b_init": 34.14617024579958
        },
        {
            "index": 4,
            "element": "C",
            "charge": -0.0026294034743390426,
            "dipole": [
                0.13426939445400138,
                0.035326382182777345,
                0.063702789018736
            ],
            "quadrupole": [
                [
                    -4.199762694808784,
                    -4.321225117936174,
                    0.05449716494297158
                ],
                [
                    -4.321225117936174,
                    0.066319835941036,
                    -4.273170692467656
                ],
                [
                    0.05449716494297158,
                    -4.273170692467656,
                    0.03218127029753294
                ]
            ],
            "volume_eff": 30.644341890879865,
            "alpha_iso": 9.626494834831371,
            "c6_ii": 29.988848407740516,
            "c8_ii": 750.0650531813671,
            "c10_ii": 23504.582079502576,
            "slater_b_init": 37.667985883077876
        },
        {
            "index": 5,
            "element": "C",
            "charge": -0.011268523319460044,
            "dipole": [
                0.1237239892180827,
                -0.08028910471426254,
                -0.03470861800038008
            ],
            "quadrupole": [
                [
                    -4.273286211224542,
                    -4.2823777131686365,
                    0.038216944929441575
                ],
                [
                    -4.2823777131686365,
                    -0.10097409191136451,
                    -4.300382078557592
                ],
                [
                    0.038216944929441575,
                    -4.300382078557592,
                    -0.003077285727512452
                ]
            ],
            "volume_eff": 30.843016428371428,
            "alpha_iso": 9.688905684305158,
            "c6_ii": 30.378958545459824,
            "c8_ii": 763.102813173147,
            "c10_ii": 24016.3877996442,
            "slater_b_init": 37.58693246139103
        },
        {
            "index": 6,
            "element": "O",
            "charge": -0.4278258452260637,
            "dipole": [
                -0.12390383536128484,
                -0.06828009917178501,
                -0.016815516472516417
            ],
            "quadrupole": [
                [
                    -4.027466000357849,
                    -4.093699869861254,
                    -0.006381195404457809
                ],
                [
                    -4.093699869861254,
                    -0.03144642898979683,
                    -4.09326920641076
                ],
                [
                    -0.006381195404457809,
                    -4.09326920641076,
                    -0.008513802747969033
                ]
            ],
            "volume_eff": 23.042172769913424,
            "alpha_iso": 6.87446038439406,
            "c6_ii": 25.282167592421526,
            "c8_ii": 1027.9690437893694,
            "c10_ii": 40249.02375731145,
            "slater_b_init": 34.13920783003089
        },
        {
            "index": 7,
            "element": "H",
            "charge": 0.13345517031006549,
            "dipole": [
                -0.04007363234497658,
                0.03656843235793918,
                0.03272016193348607
            ],