{
    "molecule": "Phos_749",
    "atoms": [
        {
            "index": 0,
            "element": "N",
            "charge": -0.4629110454437857,
            "dipole": [
                0.19606703086660568,
                -0.0022075161696158037,
                -0.05088173354860737
            ],
            "quadrupole": [
                [
                    -4.886930335136731,
                    -4.530825036361427,
                    -0.006522628684944014
                ],
                [
                    -4.530825036361427,
                    0.015163408739488102,
                    -4.5967611812592
                ],
                [
                    -0.006522628684944014,
                    -4.5967611812592,
                    0.09437357249757637
                ]
            ],
            "volume_eff": 30.365505205210486,
            "alpha_iso": 8.846643248762112,
            "c6_ii": 34.58668630122373,
            "c8_ii": 1223.5030157958581,
            "c10_ii": 47147.93355775591,
            "slater_b_init": 33.9198223689195
        },
        {
            "index": 1,
            "element": "C",
            "charge": 0.5988328684200619,
            "dipole": [
                -0.20015940184515577,
                -0.04798969560063288,
                0.07146549600703138
            ],
            "quadrupole": [
                [
                    -3.374125837942111,
                    -3.2094494487068332,
                    -0.02419679062845677
                ],
                [
                    -3.2094494487068332,
                    0.05947339470225668,
                    -3.1905471689093767
                ],
                [
                    -0.02419679062845677,
                    -3.1905471689093767,
                    0.052456320953995515
                ]
            ],
            "volume_eff": 21.90959010147986,
            "alpha_iso": 6.882593749155976,
            "c6_ii": 15.329489631679964,
            "c8_ii": 306.5651672380602,
            "c10_ii": 7681.2584664976175,
            "slater_b_init": 42.12543654245221
        },
        {
            "index": 2,
            "element": "O",
            "charge": -0.48877598484332907,
            "dipole": [
                0.040646627201641104,
                -0.18964863121080291,
                0.009487816282949674
            ],
            "quadrupole": [
                [
                    -4.074483665776435,
                    -4.1152682367535265,
                    -0.02389036179184871
                ],
                [
                    -4.1152682367535265,
                    0.001993578225115963,
                    -4.041089943228317
                ],
                [
                    -0.02389036179184871,
                    -4.041089943228317,
                    0.004019870739544175
                ]
            ],
            "volume_eff": 22.915355111538258,
            "alpha_iso": 6.836625281895392,
            "c6_ii": 25.00464148912206,
            "c8_ii": 1012.9510792609932,
            "c10_ii": 39515.355616086854,
            "slater_b_init": 34.202069496113026
        },
        {
            "index": 3,
            "element": "P",
            "charge": 1.768122545989204,
            "dipole": [
                -0.05127264782404467,
                -0.06772999186962977,
                -0.03621483860641859
            ],
            "quadrupole": [
                [
                    -6.147003386739786,
                    -6.095435997320493,
                    -0.03557252471156742
                ],
                [
                    -6.095435997320493,
                    -0.035602404827594365,
                    -6.050305270070029
                ],
                [
                    -0.03557252471156742,
                    -6.050305270070029,
                    -0.08720505004649458
                ]
            ],
            "volume_eff": 47.655619922455045,
            "alpha_iso": 18.32908458555963,
            "c6_ii": 99.44278115640151,
            "c8_ii": 3059.379962954032,
            "c10_ii": 53304.08361809447,
            "slater_b_init": 36.59712906486523
        },
        {
            "index": 4,
            "element": "O",
            "charge": -0.7653843041823674,
            "dipole": [
                0.16705202019693186,
                0.2100066636526473,
                0.277480022713978
            ],
            "quadrupole": [
                [
                    -4.573758210155214,
                    -4.598476353176649,
                    -0.01866865671124146
                ],
                [
                    -4.598476353176649,
                    -0.007142794502896512,
                    -4.609507056930602
                ],
                [
                    -0.01866865671124146,
                    -4.609507056930602,
                    -0.013297511435993841
                ]
            ],
            "volume_eff": 26.932656642956616,
            "alpha_iso": 8.035157230495344,
            "c6_ii": 34.54027869729057,
            "c8_ii": 1558.3394983935125,
            "c10_ii": 67702.9985044139,
            "slater_b_init": 32.40919054706071
        },
        {
            "index": 5,
            "element": "O",
            "charge": -0.5005059980885669,
            "dipole": [
                0.03702647787711344,
                0.04157380620660284,
                -0.1912780629833829
            ],
            "quadrupole": [
                [
                    -4.073437808932297,
                    -4.08001509652147,
                    0.015049352302896
                ],
                [
                    -4.08001509652147,
                    0.002469307648797357,
                    -4.13085802051152
                ],
                [
                    0.015049352302896,
                    -4.13085802051152,
                    -0.008040069109605618
                ]
            ],
            "volume_eff": 23.056274947586747,
            "alpha_iso": 6.878667663920908,
            "c6_ii": 25.313123242745863,
            "c8_ii": 1029.6475888014197,
            "c10_ii": 40331.19255222736,
            "slater_b_init": 34.13224609019245
        },
        {
            "index": 6,
            "element": "C",
            "charge": 0.5954929281847701,
            "dipole": [
                0.10721144310875114,
                -0.186295007135351,
                -0.03381197326389493
            ],
            "quadrupole": [
                [
                    -3.2225442634357178,
                    -3.388859481261821,
                    0.0665102914814567
                ],
                [
                    -3.388859481261821,
                    0.057217579714221936,
                    -3.2301292663005428
                ],
                [
                    0.0665102914814567,
                    -3.2301292663005428,
                    -0.025115636366972276
                ]
            ],
            "volume_eff": 22.172623427407586,
            "alpha_iso": 6.965222019080916,
            "c6_ii": 15.699772279994285,
            "c8_ii": 316.4781154335051,
            "c10_ii": 7992.97535946477,
            "slater_b_init": 41.9581957665495
        },
        {
            "index": 7,
            "element": "N",
            "charge": -0.46460996837329027,
            "dipole": [
                -0.06794316885742704,
                0.18892929625051533,
                -0.01044596478079314
            ],