{
    "molecule": "FRAG_CC_eqO_C",
    "atoms": [
        {
            "index": 0,
            "element": "C",
            "charge": -0.6284519474717172,
            "dipole": [
                -0.00742790805891664,
                0.001468571703651638,
                -0.003908268777657552
            ],
            "quadrupole": [
                [
                    -5.405482743368232,
                    -5.286206942540325,
                    0.019184035026257037
                ],
                [
                    -5.286206942540325,
                    0.015494797955080245,
                    -5.371200825914612
                ],
                [
                    0.019184035026257037,
                    -5.371200825914612,
                    0.03175926630590512
                ]
            ],
            "volume_eff": 40.4387508667921,
            "alpha_iso": 12.703272523599612,
            "c6_ii": 52.22213881174988,
            "c8_ii": 1571.4193116425674,
            "c10_ii": 59243.9459340232,
            "slater_b_init": 34.34181581618378
        },
        {
            "index": 1,
            "element": "C",
            "charge": 0.6851076498091979,
            "dipole": [
                0.007520340682939042,
                0.010655825789660024,
                -0.041278198188251576
            ],
            "quadrupole": [
                [
                    -3.2881518191470414,
                    -2.9801626653889923,
                    0.08727193800826136
                ],
                [
                    -2.9801626653889923,
                    0.06682048722891648,
                    -3.2603852769767343
                ],
                [
                    0.08727193800826136,
                    -3.2603852769767343,
                    0.020812394774315884
                ]
            ],
            "volume_eff": 21.42171266235925,
            "alpha_iso": 6.729333820636413,
            "c6_ii": 14.654384090288511,
            "c8_ii": 288.6972452169654,
            "c10_ii": 7125.776050317082,
            "slater_b_init": 42.44283990811551
        },
        {
            "index": 2,
            "element": "O",
            "charge": -0.5245388548027599,
            "dipole": [
                0.007374749670436763,
                0.02069824229957635,
                -0.07626539975554898
            ],
            "quadrupole": [
                [
                    -4.424652357583246,
                    -4.167283328384008,
                    0.05560179548092247
                ],
                [
                    -4.167283328384008,
                    0.059673501694389446,
                    -4.33300495002008
                ],
                [
                    0.05560179548092247,
                    -4.33300495002008,
                    0.003635372747806616
                ]
            ],
            "volume_eff": 25.120618810050377,
            "alpha_iso": 7.494549258247074,
            "c6_ii": 30.048867966905053,
            "c8_ii": 1294.1912202927374,
            "c10_ii": 53675.780336803946,
            "slater_b_init": 33.170432781465024
        },
        {
            "index": 3,
            "element": "C",
            "charge": -0.6215937438136203,
            "dipole": [
                0.003422840321185947,
                0.0009847014235493247,
                -0.004850102439524154
            ],
            "quadrupole": [
                [
                    -5.375850559569907,
                    -5.280245026232981,
                    0.030995197188324546
                ],
                [
                    -5.280245026232981,
                    0.02830513036371113,
                    -5.360208883006734
                ],
                [
                    0.030995197188324546,
                    -5.360208883006734,
                    -0.01945003672065163
                ]
            ],
            "volume_eff": 40.30441805162089,
            "alpha_iso": 12.661073733493474,
            "c6_ii": 51.875763366382365,
            "c8_ii": 1557.537626302054,
            "c10_ii": 58590.47961383187,
            "slater_b_init": 34.3799267500543
        },
        {
            "index": 4,
            "element": "H",
            "charge": 0.187567340542378,
            "dipole": [
                -0.024812133793268364,
                0.014607020732150923,
                -0.03349963782525655
            ],
            "quadrupole": [
                [
                    -0.4484959213917507,
                    -0.4461888445157857,
                    0.0013304455579153309
                ],
                [
                    -0.4461888445157857,
                    0.0016898607493251398,
                    -0.4477557794122152
                ],
                [
                    0.0013304455579153309,
                    -0.4477557794122152,
                    -0.00454752106150373
                ]
            ],
            "volume_eff": 2.4716004766041606,
            "alpha_iso": 0.7888086627460087,
            "c6_ii": 0.1997246514444668,
            "c8_ii": 1.1972314976083143,
            "c10_ii": 9.905234262187541,
            "slater_b_init": 71.47271374343815
        },
        {
            "index": 5,
            "element": "H",
            "charge": 0.1797424777426253,
            "dipole": [
                0.005646447885711925,
                0.03169024423423962,
                0.029110174499123148
            ],
            "quadrupole": [
                [
                    -0.45115350991402436,
                    -0.45811528963392817,
                    -0.003374150676599028
                ],
                [
                    -0.45811528963392817,
                    0.0009348252941540007,
                    -0.4630758286152161
                ],
                [
                    -0.003374150676599028,
                    -0.4630758286152161,
                    -0.0002039268895650384
                ]
            ],
            "volume_eff": 2.5390218171286927,
            "alpha_iso": 0.8103261118495828,
            "c6_ii": 0.2107696122984793,
            "c8_ii": 1.2863127281942286,
            "c10_ii": 10.834909607146962,
            "slater_b_init": 70.83439974067632
        },
        {
            "index": 6,
            "element": "H",
            "charge": 0.1798632847620425,
            "dipole": [
                -0.00992799118317435,
                -0.0412374482776097,
                0.008555500718056412
            ],
            "quadrupole": [
                [
                    -0.4530981674614006,
                    -0.4599927137614869,
                    0.0044467324296998305
                ],
                [
                    -0.4599927137614869,
                    -0.0042787699651138395,
                    -0.45867035232666375
                ],
                [
                    0.0044467324296998305,
                    -0.45867035232666375,
                    0.0003771399284633763
                ]
            ],
            "volume_eff": 2.537672311898814,
            "alpha_iso": 0.8098954186911109,
            "c6_ii": 0.21054562123009998,
            "c8_ii": 1.2844903812607613,
            "c10_ii": 10.815725444165476,
            "slater_b_init": 70.84695382454507
        },
        {
            "index": 7,
            "element": "H",
            "charge": 0.1784118006372617,
            "dipole": [
                -0.009950289263195525,
                -0.041690305208379214,
                0.00866890600086385
            ],