{
    "molecule": "DFEC",
    "atoms": [
        {
            "index": 0,
            "element": "O",
            "charge": -0.5765405315632517,
            "dipole": [
                0.17200416514294958,
                -0.034754096819726694,
                -0.011927002571828856
            ],
            "quadrupole": [
                [
                    -4.349931246042142,
                    -4.399195745485404,
                    0.0036429322449472424
                ],
                [
                    -4.399195745485404,
                    -0.008862352123076555,
                    -4.250128581108479
                ],
                [
                    0.0036429322449472424,
                    -4.250128581108479,
                    0.006570394811007892
                ]
            ],
            "volume_eff": 25.182102106312147,
            "alpha_iso": 7.512892341109701,
            "c6_ii": 30.196138571126028,
            "c8_ii": 1302.6552924647435,
            "c10_ii": 54114.9411731031,
            "slater_b_init": 33.143415053045615
        },
        {
            "index": 1,
            "element": "C",
            "charge": 0.9683648243246585,
            "dipole": [
                -0.030896905756781595,
                0.005621386204887112,
                0.0023369601293239317
            ],
            "quadrupole": [
                [
                    -2.9706725093715214,
                    -2.890601715574626,
                    0.0028408835559758623
                ],
                [
                    -2.890601715574626,
                    0.01759053065545138,
                    -2.7631654621073922
                ],
                [
                    0.0028408835559758623,
                    -2.7631654621073922,
                    0.01656764235986246
                ]
            ],
            "volume_eff": 19.26458286298847,
            "alpha_iso": 6.051701422928314,
            "c6_ii": 11.851638883554878,
            "c8_ii": 217.5323040412311,
            "c10_ii": 5002.459360499254,
            "slater_b_init": 43.971298969815834
        },
        {
            "index": 2,
            "element": "O",
            "charge": -0.4167299722108684,
            "dipole": [
                -0.021513850748875556,
                0.08833448042712108,
                -0.015511807971941146
            ],
            "quadrupole": [
                [
                    -4.0028552770580745,
                    -4.076390673758476,
                    0.004719249610708991
                ],
                [
                    -4.076390673758476,
                    -0.03398074169780724,
                    -4.0538174028258185
                ],
                [
                    0.004719249610708991,
                    -4.0538174028258185,
                    -0.005306601866332234
                ]
            ],
            "volume_eff": 22.872888838635365,
            "alpha_iso": 6.823955786112208,
            "c6_ii": 24.912051169571424,
            "c8_ii": 1007.9529920649611,
            "c10_ii": 39271.78606840958,
            "slater_b_init": 34.22322316381932
        },
        {
            "index": 3,
            "element": "C",
            "charge": 0.33325020252773285,
            "dipole": [
                0.054773262372854306,
                0.1431259438237691,
                -0.11450418773062364
            ],
            "quadrupole": [
                [
                    -3.710885196737661,
                    -3.8065989514868894,
                    -0.060773183549043805
                ],
                [
                    -3.8065989514868894,
                    0.00206517567355655,
                    -3.7901979452404837
                ],
                [
                    -0.060773183549043805,
                    -3.7901979452404837,
                    0.02045488877469175
                ]
            ],
            "volume_eff": 26.600872361147196,
            "alpha_iso": 8.356294982559328,
            "c6_ii": 22.597008527336484,
            "c8_ii": 514.3046831185768,
            "c10_ii": 14665.756434028048,
            "slater_b_init": 39.48727875103087
        },
        {
            "index": 4,
            "element": "F",
            "charge": -0.22136475533399746,
            "dipole": [
                0.014563772696362682,
                0.010375125488281817,
                -0.005265161281694549
            ],
            "quadrupole": [
                [
                    -3.519173502120702,
                    -3.5434440673513374,
                    -0.039312337195717195
                ],
                [
                    -3.5434440673513374,
                    -0.02145014416069924,
                    -3.5433081265938853
                ],
                [
                    -0.039312337195717195,
                    -3.5433081265938853,
                    0.03260064076479657
                ]
            ],
            "volume_eff": 17.835214585481,
            "alpha_iso": 5.601141770646926,
            "c6_ii": 20.63999285189854,
            "c8_ii": 900.4602817028563,
            "c10_ii": 36445.44260170003,
            "slater_b_init": 33.3902194784273
        },
        {
            "index": 5,
            "element": "C",
            "charge": 0.3293405445420845,
            "dipole": [
                0.010986749025339571,
                -0.1583588307139468,
                0.10945003648664647
            ],
            "quadrupole": [
                [
                    -3.7500879600862396,
                    -3.801169868152188,
                    -0.042662134708946156
                ],
                [
                    -3.801169868152188,
                    -0.04409850217922339,
                    -3.786061144829795
                ],
                [
                    -0.042662134708946156,
                    -3.786061144829795,
                    -0.049730205055595715
                ]
            ],
            "volume_eff": 26.698413592617253,
            "alpha_iso": 8.386936207104895,
            "c6_ii": 22.763031740968007,
            "c8_ii": 519.3490619593592,
            "c10_ii": 14845.781312420158,
            "slater_b_init": 39.439131846327065
        },
        {
            "index": 6,
            "element": "F",
            "charge": -0.21811564123949978,
            "dipole": [
                0.013818943387376121,
                -0.013233893768014501,
                -0.00020859972353189614
            ],
            "quadrupole": [
                [
                    -3.513285212817102,
                    -3.549876299473725,
                    -0.02776415916233115
                ],
                [
                    -3.549876299473725,
                    0.007214651804719921,
                    -3.52492703454897
                ],
                [
                    -0.02776415916233115,
                    -3.52492703454897,
                    -0.0525855618126617
                ]
            ],
            "volume_eff": 17.78949606967398,
            "alpha_iso": 5.58678388964968,
            "c6_ii": 20.53431199319027,
            "c8_ii": 894.318153241681,
            "c10_ii": 36134.960558100036,
            "slater_b_init": 33.41879899155467
        },
        {
            "index": 7,
            "element": "O",
            "charge": -0.4183183353043951,
            "dipole": [
                -0.04776514707073328,
                -0.0755194604386089,
                0.02161834432620181
            ],