{
    "molecule": "Est_379",
    "atoms": [
        {
            "index": 0,
            "element": "C",
            "charge": -0.20853546430149805,
            "dipole": [
                0.11110669793835987,
                0.021270738464590457,
                -0.03553345390901164
            ],
            "quadrupole": [
                [
                    -4.839191075178774,
                    -4.532179797742796,
                    -0.02072574701407855
                ],
                [
                    -4.532179797742796,
                    -0.07115552899197196,
                    -4.597278684720428
                ],
                [
                    -0.02072574701407855,
                    -4.597278684720428,
                    0.11536912030418207
                ]
            ],
            "volume_eff": 34.05365300068835,
            "alpha_iso": 10.697482618017283,
            "c6_ii": 37.03280459240025,
            "c8_ii": 993.7291227361816,
            "c10_ii": 33409.03192342617,
            "slater_b_init": 36.36647970975041
        },
        {
            "index": 1,
            "element": "C",
            "charge": -0.17463196492928645,
            "dipole": [
                -0.09713367091121887,
                -0.008714955845263467,
                0.05646950230025933
            ],
            "quadrupole": [
                [
                    -4.767342072186146,
                    -4.388807594114771,
                    0.03372631251078662
                ],
                [
                    -4.388807594114771,
                    -0.060517451677164234,
                    -4.428898808911647
                ],
                [
                    0.03372631251078662,
                    -4.428898808911647,
                    0.15077743596909302
                ]
            ],
            "volume_eff": 32.88779077054129,
            "alpha_iso": 10.331243173992027,
            "c6_ii": 34.54049781416187,
            "c8_ii": 905.5741209255264,
            "c10_ii": 29746.362979407677,
            "slater_b_init": 36.79122641550615
        },
        {
            "index": 2,
            "element": "C",
            "charge": 0.8036289221614936,
            "dipole": [
                -0.05518707830214031,
                -0.029110674743809416,
                -0.00808631133478258
            ],
            "quadrupole": [
                [
                    -3.0985043271583304,
                    -2.959912558448262,
                    -0.08297056212305823
                ],
                [
                    -2.959912558448262,
                    -0.048076112049839165,
                    -3.0708874136000897
                ],
                [
                    -0.08297056212305823,
                    -3.0708874136000897,
                    0.0691249957365389
                ]
            ],
            "volume_eff": 20.41640666781033,
            "alpha_iso": 6.413530890411622,
            "c6_ii": 13.311218314399353,
            "c8_ii": 253.96641466979398,
            "c10_ii": 6070.846183327544,
            "slater_b_init": 43.12833869406603
        },
        {
            "index": 3,
            "element": "O",
            "charge": -0.5427409310207683,
            "dipole": [
                -0.02083427221116252,
                0.05696984847385193,
                0.1101210901514552
            ],
            "quadrupole": [
                [
                    -4.338034654775621,
                    -4.238512973354517,
                    -0.05152081305012335
                ],
                [
                    -4.238512973354517,
                    -0.04403390255538526,
                    -4.295844629065732
                ],
                [
                    -0.05152081305012335,
                    -4.295844629065732,
                    0.03785974750388633
                ]
            ],
            "volume_eff": 24.863128078397878,
            "alpha_iso": 7.4177288189695325,
            "c6_ii": 29.436012790659454,
            "c8_ii": 1259.1175364407386,
            "c10_ii": 51863.65816094043,
            "slater_b_init": 33.28454771659728
        },
        {
            "index": 4,
            "element": "O",
            "charge": -0.3767960008140889,
            "dipole": [
                -0.08649388246768668,
                -0.023911514958342858,
                0.00038752142337589233
            ],
            "quadrupole": [
                [
                    -3.9770038577848545,
                    -4.0214816551048775,
                    -0.01891622586407051
                ],
                [
                    -4.0214816551048775,
                    -0.003869752822155673,
                    -4.056312433219226
                ],
                [
                    -0.01891622586407051,
                    -4.056312433219226,
                    0.00528581522408373
                ]
            ],
            "volume_eff": 22.728122195133448,
            "alpha_iso": 6.780765737774621,
            "c6_ii": 24.59770336944512,
            "c8_ii": 991.0305487464248,
            "c10_ii": 38449.35933385743,
            "slater_b_init": 34.29573097598514
        },
        {
            "index": 5,
            "element": "C",
            "charge": 0.061424152580125124,
            "dipole": [
                0.10532732099269528,
                0.08012992577876836,
                -0.07606424669318677
            ],
            "quadrupole": [
                [
                    -4.1339975433107705,
                    -4.274661799563439,
                    0.011108961495848276
                ],
                [
                    -4.274661799563439,
                    0.025584730758319588,
                    -4.195459913365922
                ],
                [
                    0.011108961495848276,
                    -4.195459913365922,
                    -0.05293453998006675
                ]
            ],
            "volume_eff": 30.305656624801298,
            "alpha_iso": 9.520101557529202,
            "c6_ii": 29.32963020014041,
            "c8_ii": 728.1619746805893,
            "c10_ii": 22649.773547982597,
            "slater_b_init": 37.80778772592295
        },
        {
            "index": 6,
            "element": "C",
            "charge": -0.3903523173690413,
            "dipole": [
                -0.0073438320488721925,
                -0.03568398952406565,
                0.014066924561365653
            ],
            "quadrupole": [
                [
                    -4.887378442132491,
                    -4.933340386847106,
                    0.03129801939637703
                ],
                [
                    -4.933340386847106,
                    0.009941497659458542,
                    -4.863552575236201
                ],
                [
                    0.03129801939637703,
                    -4.863552575236201,
                    -0.013406647763455345
                ]
            ],
            "volume_eff": 36.12379107134921,
            "alpha_iso": 11.347787771104462,
            "c6_ii": 41.67214297283405,
            "c8_ii": 1163.0909027014113,
            "c10_ii": 40672.03877917177,
            "slater_b_init": 35.65808846194253
        },
        {
            "index": 7,
            "element": "C",
            "charge": 0.3817650350734141,
            "dipole": [
                0.0856324436937513,
                0.022472376593508803,
                -0.017285333694472882
            ],