{
    "molecule": "Sulf_458",
    "atoms": [
        {
            "index": 0,
            "element": "C",
            "charge": -0.3614249941355361,
            "dipole": [
                -0.11091406311020943,
                0.001810899476169799,
                0.013945014443472853
            ],
            "quadrupole": [
                [
                    -4.95472358553296,
                    -4.870593146797219,
                    0.006815087962835578
                ],
                [
                    -4.870593146797219,
                    -0.006326358842747113,
                    -4.880859802755652
                ],
                [
                    0.006815087962835578,
                    -4.880859802755652,
                    0.006070458721310788
                ]
            ],
            "volume_eff": 36.426878448554284,
            "alpha_iso": 11.442998465514433,
            "c6_ii": 42.37435532562695,
            "c8_ii": 1189.296164391928,
            "c10_ii": 41820.70908954113,
            "slater_b_init": 35.55891599459832
        },
        {
            "index": 1,
            "element": "C",
            "charge": -0.4470733475460511,
            "dipole": [
                0.12356917970860049,
                0.037721015893447764,
                0.0015051109341135264
            ],
            "quadrupole": [
                [
                    -5.133428633122731,
                    -5.096801334303737,
                    -0.04278885938611996
                ],
                [
                    -5.096801334303737,
                    -0.014383142678297725,
                    -4.996083849919517
                ],
                [
                    -0.04278885938611996,
                    -4.996083849919517,
                    0.008093706673477075
                ]
            ],
            "volume_eff": 38.072830603833665,
            "alpha_iso": 11.960051498586491,
            "c6_ii": 46.29024975108325,
            "c8_ii": 1338.0486725306125,
            "c10_ii": 48458.36522039186,
            "slater_b_init": 35.03892524199817
        },
        {
            "index": 2,
            "element": "S",
            "charge": 1.1479690976770982,
            "dipole": [
                0.09004665792873963,
                -0.12035414384854293,
                -0.07616095920423381
            ],
            "quadrupole": [
                [
                    -7.75567595106029,
                    -7.758670165630896,
                    -0.013299128052864187
                ],
                [
                    -7.758670165630896,
                    -0.007783002997602082,
                    -7.8068295447246525
                ],
                [
                    -0.013299128052864187,
                    -7.8068295447246525,
                    0.01000378187526808
                ]
            ],
            "volume_eff": 60.28588907032995,
            "alpha_iso": 15.71281151301153,
            "c6_ii": 86.11929330544386,
            "c8_ii": 2218.4732851182985,
            "c10_ii": 57434.65425133518,
            "slater_b_init": 36.59987823608888
        },
        {
            "index": 3,
            "element": "O",
            "charge": -0.5975482518391289,
            "dipole": [
                0.07481545665577392,
                -0.13559360856707114,
                0.08401642666651517
            ],
            "quadrupole": [
                [
                    -4.321939499081994,
                    -4.347600031071652,
                    0.016978129317414704
                ],
                [
                    -4.347600031071652,
                    0.016953468641090586,
                    -4.328365740627994
                ],
                [
                    0.016978129317414704,
                    -4.328365740627994,
                    -0.0025258328147153572
                ]
            ],
            "volume_eff": 25.042070386132576,
            "alpha_iso": 7.471114921829608,
            "c6_ii": 29.861245114296512,
            "c8_ii": 1283.4280059246432,
            "c10_ii": 53118.36455116023,
            "slater_b_init": 33.20507802365474
        },
        {
            "index": 4,
            "element": "O",
            "charge": -0.5915847587283469,
            "dipole": [
                0.022009056622208485,
                -0.006415623617378813,
                -0.16960166597856716
            ],
            "quadrupole": [
                [
                    -4.311072023165556,
                    -4.297798117984005,
                    -0.006907530134412135
                ],
                [
                    -4.297798117984005,
                    -0.006680398179446151,
                    -4.342046730296199
                ],
                [
                    -0.006907530134412135,
                    -4.342046730296199,
                    0.009407998549274545
                ]
            ],
            "volume_eff": 24.899266715071565,
            "alpha_iso": 7.428510511678809,
            "c6_ii": 29.52164565792565,
            "c8_ii": 1264.0038000638021,
            "c10_ii": 52115.36452533964,
            "slater_b_init": 33.268436926395246
        },
        {
            "index": 5,
            "element": "C",
            "charge": -0.20628587317384728,
            "dipole": [
                -0.08248743055554505,
                0.16388433068690644,
                -0.043855344662036035
            ],
            "quadrupole": [
                [
                    -4.829417031671142,
                    -4.644578905274407,
                    -0.011598064729242193
                ],
                [
                    -4.644578905274407,
                    -0.015414923127488973,
                    -4.689979240972309
                ],
                [
                    -0.011598064729242193,
                    -4.689979240972309,
                    0.0375468841589101
                ]
            ],
            "volume_eff": 35.175273018401015,
            "alpha_iso": 11.049823984838014,
            "c6_ii": 39.512466878256994,
            "c8_ii": 1083.4230539953903,
            "c10_ii": 37220.007834055905,
            "slater_b_init": 35.975762403145445
        },
        {
            "index": 6,
            "element": "O",
            "charge": -0.2971324060713201,
            "dipole": [
                -0.05330123054439264,
                -0.08320940767714997,
                0.025237037810456373
            ],
            "quadrupole": [
                [
                    -3.9098021948409527,
                    -3.9471782176789088,
                    -0.004640960350951231
                ],
                [
                    -3.9471782176789088,
                    -0.0823074361976011,
                    -4.015848045204357
                ],
                [
                    -0.004640960350951231,
                    -4.015848045204357,
                    -0.001210947297415847
                ]
            ],
            "volume_eff": 22.39281398710253,
            "alpha_iso": 6.680729034826169,
            "c6_ii": 23.877276776872513,
            "c8_ii": 952.5198177494481,
            "c10_ii": 36590.87800378875,
            "slater_b_init": 34.46606411119876
        },
        {
            "index": 7,
            "element": "C",
            "charge": -0.10276302541745252,
            "dipole": [
                0.15287775443169604,
                -0.0018951624959358648,
                -0.02996598009037686
            ],