{
    "molecule": "DEC",
    "atoms": [
        {
            "index": 0,
            "element": "C",
            "charge": -0.49479669905361856,
            "dipole": [
                -0.03318020709362581,
                -0.03441645554488157,
                -0.020621371919607157
            ],
            "quadrupole": [
                [
                    -5.15534201187313,
                    -5.196138576584363,
                    -0.01888548082728183
                ],
                [
                    -5.196138576584363,
                    -0.03313348337315155,
                    -5.142930657631469
                ],
                [
                    -0.01888548082728183,
                    -5.142930657631469,
                    0.010733890052354483
                ]
            ],
            "volume_eff": 38.93195396394244,
            "alpha_iso": 12.229933182390294,
            "c6_ii": 48.402923465910234,
            "c8_ii": 1420.0860803260423,
            "c10_ii": 52200.20487568374,
            "slater_b_init": 34.77926755496704
        },
        {
            "index": 1,
            "element": "C",
            "charge": 0.11138736701119711,
            "dipole": [
                -0.09035699455070931,
                0.11370003230198342,
                -0.041889609563034724
            ],
            "quadrupole": [
                [
                    -4.079400743699751,
                    -4.207229403154242,
                    -0.042955426930866264
                ],
                [
                    -4.207229403154242,
                    -0.042681921497051314,
                    -4.100214442238881
                ],
                [
                    -0.042955426930866264,
                    -4.100214442238881,
                    0.03973965995535585
                ]
            ],
            "volume_eff": 29.749317640284453,
            "alpha_iso": 9.34533538438255,
            "c6_ii": 28.26267135146675,
            "c8_ii": 693.0589199712052,
            "c10_ii": 21293.231032215983,
            "slater_b_init": 38.042013533079405
        },
        {
            "index": 2,
            "element": "O",
            "charge": -0.4354257172730769,
            "dipole": [
                0.1014946818048614,
                -0.010004901422938467,
                -0.009316246581238977
            ],
            "quadrupole": [
                [
                    -4.065515238720744,
                    -4.109864447863869,
                    0.009264235636571121
                ],
                [
                    -4.109864447863869,
                    0.004445055300803118,
                    -4.146691674671594
                ],
                [
                    0.009264235636571121,
                    -4.146691674671594,
                    0.009767710726497191
                ]
            ],
            "volume_eff": 23.45699931711793,
            "alpha_iso": 6.998220790742366,
            "c6_ii": 26.200667698260208,
            "c8_ii": 1078.0629166760602,
            "c10_ii": 42715.494616137395,
            "slater_b_init": 33.93676417989381
        },
        {
            "index": 3,
            "element": "C",
            "charge": 1.0099192185578811,
            "dipole": [
                -0.0018564152058939938,
                0.007439700522566685,
                -0.038790280353630954
            ],
            "quadrupole": [
                [
                    -2.8447958572703413,
                    -2.7610921361718663,
                    0.024173215502974472
                ],
                [
                    -2.7610921361718663,
                    0.04284477149940086,
                    -2.895978670528179
                ],
                [
                    0.024173215502974472,
                    -2.895978670528179,
                    0.006920992425518563
                ]
            ],
            "volume_eff": 19.039277273420325,
            "alpha_iso": 5.980924797933086,
            "c6_ii": 11.576042382191257,
            "c8_ii": 210.81395555597743,
            "c10_ii": 4810.088487167256,
            "slater_b_init": 44.14406735411256
        },
        {
            "index": 4,
            "element": "O",
            "charge": -0.6595704518255356,
            "dipole": [
                0.00728233297530869,
                -0.03106701006823173,
                0.15911043691416188
            ],
            "quadrupole": [
                [
                    -4.473696611968171,
                    -4.4291719876710545,
                    0.009324839788966864
                ],
                [
                    -4.4291719876710545,
                    0.03769255692175635,
                    -4.484183757959334
                ],
                [
                    0.009324839788966864,
                    -4.484183757959334,
                    0.0071794179410799375
                ]
            ],
            "volume_eff": 26.23525992754067,
            "alpha_iso": 7.827094122028709,
            "c6_ii": 32.774659717541255,
            "c8_ii": 1453.0432805798098,
            "c10_ii": 62033.81540775864,
            "slater_b_init": 32.69385447894558
        },
        {
            "index": 5,
            "element": "O",
            "charge": -0.43126377755677936,
            "dipole": [
                -0.1034749988044582,
                0.009924914138700471,
                0.0097596084051728
            ],
            "quadrupole": [
                [
                    -4.049781908762958,
                    -4.103465810821253,
                    0.0051632634691265115
                ],
                [
                    -4.103465810821253,
                    0.003777356803638658,
                    -4.137613981348766
                ],
                [
                    0.0051632634691265115,
                    -4.137613981348766,
                    -0.018133835228109768
                ]
            ],
            "volume_eff": 23.36987124449983,
            "alpha_iso": 6.972226780127021,
            "c6_ii": 26.006391010525316,
            "c8_ii": 1067.4177309437318,
            "c10_ii": 42188.91156219069,
            "slater_b_init": 33.978886475213464
        },
        {
            "index": 6,
            "element": "C",
            "charge": 0.12171486664749764,
            "dipole": [
                0.0895243918827636,
                -0.08954544594714868,
                -0.09273971487762368
            ],
            "quadrupole": [
                [
                    -4.054732418725925,
                    -4.20179726270299,
                    -0.0019420030216078926
                ],
                [
                    -4.20179726270299,
                    -0.03151303624021613,
                    -4.050897507983748
                ],
                [
                    -0.0019420030216078926,
                    -4.050897507983748,
                    -0.05341519061545591
                ]
            ],
            "volume_eff": 29.488401330448887,
            "alpha_iso": 9.263372145690749,
            "c6_ii": 27.769089996843473,
            "c8_ii": 676.9679012584805,
            "c10_ii": 20677.068453952736,
            "slater_b_init": 38.15388407239724
        },
        {
            "index": 7,
            "element": "C",
            "charge": -0.5045216150601171,
            "dipole": [
                0.031076040378395117,
                0.037906224701549744,
                -0.007478082329802332
            ],