{
    "molecule": "DEC",
    "atoms": [
        {
            "index": 0,
            "element": "C",
            "charge": -0.4929349150765443,
            "dipole": [
                -0.04295378399930497,
                -0.00731188821764607,
                0.020995793249326416
            ],
            "quadrupole": [
                [
                    -5.149596748628642,
                    -5.150686774153215,
                    0.014866104076742062
                ],
                [
                    -5.150686774153215,
                    -0.011415163985566096,
                    -5.201046392214168
                ],
                [
                    0.014866104076742062,
                    -5.201046392214168,
                    0.05863585262843572
                ]
            ],
            "volume_eff": 38.96782886858271,
            "alpha_iso": 12.24120278594221,
            "c6_ii": 48.49216893840045,
            "c8_ii": 1423.5782986829454,
            "c10_ii": 52360.7149657297,
            "slater_b_init": 34.76859134650154
        },
        {
            "index": 1,
            "element": "C",
            "charge": 0.09840928954050199,
            "dipole": [
                -0.09008834396591699,
                0.02171636076850984,
                -0.12447483896576088
            ],
            "quadrupole": [
                [
                    -4.122352786495792,
                    -4.141324121644296,
                    0.024701917255039146
                ],
                [
                    -4.141324121644296,
                    -0.020576528167221258,
                    -4.226599160738766
                ],
                [
                    0.024701917255039146,
                    -4.226599160738766,
                    0.1008877234504611
                ]
            ],
            "volume_eff": 30.09113940621454,
            "alpha_iso": 9.452713949596191,
            "c6_ii": 28.91588282778259,
            "c8_ii": 714.4982255524839,
            "c10_ii": 22119.755011796562,
            "slater_b_init": 37.89741792663911
        },
        {
            "index": 2,
            "element": "O",
            "charge": -0.42513664143401186,
            "dipole": [
                0.10372348418627945,
                0.01006329505861965,
                -0.01975642335983358
            ],
            "quadrupole": [
                [
                    -4.034779269685356,
                    -4.097920671397157,
                    0.008229311669101494
                ],
                [
                    -4.097920671397157,
                    0.004465739613510914,
                    -4.138483487456142
                ],
                [
                    0.008229311669101494,
                    -4.138483487456142,
                    -0.005366759083945552
                ]
            ],
            "volume_eff": 23.322317315250856,
            "alpha_iso": 6.958039420019593,
            "c6_ii": 25.90066104597142,
            "c8_ii": 1061.6354856913106,
            "c10_ii": 41903.431451311044,
            "slater_b_init": 34.0019649793031
        },
        {
            "index": 3,
            "element": "C",
            "charge": 0.9946536030589233,
            "dipole": [
                -0.0013144644950985947,
                0.008491207700259224,
                -0.039308327820013984
            ],
            "quadrupole": [
                [
                    -2.8951337996938906,
                    -2.7673060396632834,
                    0.0347668454779031
                ],
                [
                    -2.7673060396632834,
                    -0.008768874304166695,
                    -2.9186029017498476
                ],
                [
                    0.0347668454779031,
                    -2.9186029017498476,
                    -0.003118579238553296
                ]
            ],
            "volume_eff": 19.272266438470865,
            "alpha_iso": 6.0541151115615275,
            "c6_ii": 11.861094694001073,
            "c8_ii": 217.76374519197407,
            "c10_ii": 5009.113135960209,
            "slater_b_init": 43.9654546182054
        },
        {
            "index": 4,
            "element": "O",
            "charge": -0.656999883619676,
            "dipole": [
                0.009243417954306363,
                -0.03493310792313063,
                0.1620963036252233
            ],
            "quadrupole": [
                [
                    -4.532661933020163,
                    -4.41257930160177,
                    0.017213598333629846
                ],
                [
                    -4.41257930160177,
                    -0.008491541241954665,
                    -4.482661564454093
                ],
                [
                    0.017213598333629846,
                    -4.482661564454093,
                    0.0031456251579622995
                ]
            ],
            "volume_eff": 26.41742168499488,
            "alpha_iso": 7.88144072370013,
            "c6_ii": 33.23137458664957,
            "c8_ii": 1480.1033326470836,
            "c10_ii": 63481.2326276531,
            "slater_b_init": 32.61853408806851
        },
        {
            "index": 5,
            "element": "O",
            "charge": -0.42009173965323754,
            "dipole": [
                -0.10643834180219419,
                -0.0060798027888398125,
                -0.002648044931977917
            ],
            "quadrupole": [
                [
                    -4.00775712731191,
                    -4.09509008077106,
                    0.005851166822596463
                ],
                [
                    -4.09509008077106,
                    0.0069249057488548725,
                    -4.126747957840164
                ],
                [
                    0.005851166822596463,
                    -4.126747957840164,
                    -0.007182428899057723
                ]
            ],
            "volume_eff": 23.199306314546885,
            "alpha_iso": 6.921340005444927,
            "c6_ii": 25.628161198462585,
            "c8_ii": 1046.7690934958523,
            "c10_ii": 41171.23736273242,
            "slater_b_init": 34.06195592339547
        },
        {
            "index": 6,
            "element": "C",
            "charge": 0.11087611134164899,
            "dipole": [
                0.07324795111777208,
                0.03297752526169582,
                -0.13442426683208072
            ],
            "quadrupole": [
                [
                    -4.106520439995754,
                    -4.107772162275921,
                    0.004852259416148191
                ],
                [
                    -4.107772162275921,
                    0.020705813924950894,
                    -4.1726831781867215
                ],
                [
                    0.004852259416148191,
                    -4.1726831781867215,
                    -0.10274302055097491
                ]
            ],
            "volume_eff": 29.749663570288035,
            "alpha_iso": 9.345444053493623,
            "c6_ii": 28.26332864135581,
            "c8_ii": 693.0804108572179,
            "c10_ii": 21294.056380829017,
            "slater_b_init": 38.04186608127316
        },
        {
            "index": 7,
            "element": "C",
            "charge": -0.48503668115983434,
            "dipole": [
                0.05173402982217045,
                -0.0015698353870287872,
                0.01882157889744441
            ],