{
    "molecule": "ADN",
    "atoms": [
        {
            "index": 0,
            "element": "N",
            "charge": -0.4525533143413796,
            "dipole": [
                0.058003411812478915,
                0.10311338368679746,
                0.02740931955798786
            ],
            "quadrupole": [
                [
                    -4.673788721808772,
                    -4.887844688690623,
                    -0.07639319559225195
                ],
                [
                    -4.887844688690623,
                    -0.13446851838912538,
                    -4.630335714977824
                ],
                [
                    -0.07639319559225195,
                    -4.630335714977824,
                    -0.043135705889934726
                ]
            ],
            "volume_eff": 31.21626814302106,
            "alpha_iso": 9.094503317258106,
            "c6_ii": 36.55189503689503,
            "c8_ii": 1317.0622483988893,
            "c10_ii": 51696.868228459854,
            "slater_b_init": 33.60883140526999
        },
        {
            "index": 1,
            "element": "C",
            "charge": 0.36384951794389764,
            "dipole": [
                -0.04447186494981726,
                -0.07160054469458231,
                -0.016212471583943174
            ],
            "quadrupole": [
                [
                    -3.538257518763994,
                    -3.7485096271084157,
                    -0.06586008120819105
                ],
                [
                    -3.7485096271084157,
                    -0.10645832560605807,
                    -3.5216479332883024
                ],
                [
                    -0.06586008120819105,
                    -3.5216479332883024,
                    -0.036718623024160985
                ]
            ],
            "volume_eff": 24.838574809490588,
            "alpha_iso": 7.802693657431599,
            "c6_ii": 19.7021008286549,
            "c8_ii": 428.3866510464816,
            "c10_ii": 11670.078598927576,
            "slater_b_init": 40.39989852312999
        },
        {
            "index": 2,
            "element": "C",
            "charge": -0.3117632809011557,
            "dipole": [
                -0.055415250484486915,
                0.03873702992950001,
                0.016277823360216815
            ],
            "quadrupole": [
                [
                    -4.816108830854041,
                    -4.784289955517821,
                    -0.01959306112459407
                ],
                [
                    -4.784289955517821,
                    -0.003578917301089284,
                    -4.754789500852304
                ],
                [
                    -0.01959306112459407,
                    -4.754789500852304,
                    0.03443670150952343
                ]
            ],
            "volume_eff": 35.2583442594043,
            "alpha_iso": 11.075919662640095,
            "c6_ii": 39.699315493012485,
            "c8_ii": 1090.2595621965627,
            "c10_ii": 37513.81651364606,
            "slater_b_init": 35.94748634111872
        },
        {
            "index": 3,
            "element": "C",
            "charge": -0.2128912953112181,
            "dipole": [
                0.03462808145138566,
                0.03842203535908137,
                -0.046523573700461326
            ],
            "quadrupole": [
                [
                    -4.674832302329401,
                    -4.657137621748441,
                    0.06332004683341533
                ],
                [
                    -4.657137621748441,
                    0.008483222016889022,
                    -4.686672301712619
                ],
                [
                    0.06332004683341533,
                    -4.686672301712619,
                    0.010927772262615702
                ]
            ],
            "volume_eff": 34.55314421851679,
            "alpha_iso": 10.854390853984333,
            "c6_ii": 38.127149429134285,
            "c8_ii": 1033.0745472898054,
            "c10_ii": 35070.62022141463,
            "slater_b_init": 36.190393705953994
        },
        {
            "index": 4,
            "element": "C",
            "charge": -0.21876134374905387,
            "dipole": [
                -0.030416932189309125,
                -0.030783545993713173,
                0.04409771691896508
            ],
            "quadrupole": [
                [
                    -4.663699949873017,
                    -4.656497482790023,
                    0.06387366729894402
                ],
                [
                    -4.656497482790023,
                    0.004878059688045927,
                    -4.679146137308594
                ],
                [
                    0.06387366729894402,
                    -4.679146137308594,
                    0.014960387454475197
                ]
            ],
            "volume_eff": 34.43151659893836,
            "alpha_iso": 10.816183224797388,
            "c6_ii": 37.859205494036814,
            "c8_ii": 1023.4057997734101,
            "c10_ii": 34660.810323134654,
            "slater_b_init": 36.23295721588711
        },
        {
            "index": 5,
            "element": "C",
            "charge": -0.31174372699463326,
            "dipole": [
                0.04980949900526713,
                0.016734796883595658,
                -0.03215576112212177
            ],
            "quadrupole": [
                [
                    -4.823529952650976,
                    -4.765693910805876,
                    0.052742178264081806
                ],
                [
                    -4.765693910805876,
                    -0.00431074113517942,
                    -4.798209830489371
                ],
                [
                    0.052742178264081806,
                    -4.798209830489371,
                    0.027176853689248052
                ]
            ],
            "volume_eff": 35.41057820587628,
            "alpha_iso": 11.123741844777886,
            "c6_ii": 40.042872781414125,
            "c8_ii": 1102.8577922651468,
            "c10_ii": 38056.44918507938,
            "slater_b_init": 35.89589828503003
        },
        {
            "index": 6,
            "element": "C",
            "charge": 0.3532191708039214,
            "dipole": [
                0.057542839097753457,
                -0.04258715344578384,
                0.04608226471473278
            ],
            "quadrupole": [
                [
                    -3.6066600092502177,
                    -3.629247912684803,
                    0.12591376918773511
                ],
                [
                    -3.629247912684803,
                    0.10842972340051617,
                    -3.646579568539172
                ],
                [
                    0.12591376918773511,
                    -3.646579568539172,
                    -0.11540198936141867
                ]
            ],
            "volume_eff": 25.05765266333055,
            "alpha_iso": 7.871513925653575,
            "c6_ii": 20.05118116006896,
            "c8_ii": 438.53658197205965,
            "c10_ii": 12016.725857730185,
            "slater_b_init": 40.28181559627338
        },
        {
            "index": 7,
            "element": "N",
            "charge": -0.4488879191117441,
            "dipole": [
                -0.0672351718587976,
                0.06778729710310533,
                -0.06829734886498491
            ],