{
    "molecule": "BOB",
    "atoms": [
        {
            "index": 0,
            "element": "B",
            "charge": 1.2524945905460347,
            "dipole": [
                -0.0017966453813754281,
                -0.008073297453483624,
                -0.00579625857632518
            ],
            "quadrupole": [
                [
                    -2.2269256263797956,
                    -2.1463646991489282,
                    0.003618684550401773
                ],
                [
                    -2.1463646991489282,
                    0.009858374429121658,
                    -2.1482539184527085
                ],
                [
                    0.003618684550401773,
                    -2.1482539184527085,
                    -0.009968471137701933
                ]
            ],
            "volume_eff": 16.04206973043944,
            "alpha_iso": 7.3080539883113005,
            "c6_ii": 12.645000554572837,
            "c8_ii": 223.62949015209762,
            "c10_ii": 2569.900291393435,
            "slater_b_init": 47.95084760290538
        },
        {
            "index": 1,
            "element": "O",
            "charge": -0.6271050380168894,
            "dipole": [
                0.00986135481317972,
                -0.027467574863873363,
                0.13758949209334798
            ],
            "quadrupole": [
                [
                    -4.33244657068142,
                    -4.348451654113964,
                    0.011960044381871239
                ],
                [
                    -4.348451654113964,
                    0.0038355734765810616,
                    -4.476001829960053
                ],
                [
                    0.011960044381871239,
                    -4.476001829960053,
                    0.0162390980483086
                ]
            ],
            "volume_eff": 25.564224361307264,
            "alpha_iso": 7.626895665804377,
            "c6_ii": 31.11950565686636,
            "c8_ii": 1356.035985390543,
            "c10_ii": 56900.924625373766,
            "slater_b_init": 32.9774478491662
        },
        {
            "index": 2,
            "element": "C",
            "charge": 0.5710388447657291,
            "dipole": [
                -0.06140387407745904,
                -0.023143171849153616,
                0.1555281574728546
            ],
            "quadrupole": [
                [
                    -3.5331230693710176,
                    -3.293668860194688,
                    -0.026189395492097565
                ],
                [
                    -3.293668860194688,
                    -0.08093616736152631,
                    -3.643530028500999
                ],
                [
                    -0.026189395492097565,
                    -3.643530028500999,
                    -0.04218745749307512
                ]
            ],
            "volume_eff": 24.453179845838445,
            "alpha_iso": 7.681627176703175,
            "c6_ii": 19.095449009825696,
            "c8_ii": 410.890133286459,
            "c10_ii": 11077.353375568391,
            "slater_b_init": 40.611034383405965
        },
        {
            "index": 3,
            "element": "O",
            "charge": -0.5060640196014639,
            "dipole": [
                0.056185387318460275,
                0.026054054451000112,
                0.06781739413361436
            ],
            "quadrupole": [
                [
                    -4.331240469214076,
                    -4.197526113960205,
                    0.009328525142706096
                ],
                [
                    -4.197526113960205,
                    -0.041721894047988456,
                    -4.4230178185546425
                ],
                [
                    0.009328525142706096,
                    -4.4230178185546425,
                    0.044597587999094336
                ]
            ],
            "volume_eff": 25.257121432336326,
            "alpha_iso": 7.535273797492605,
            "c6_ii": 30.37631957371696,
            "c8_ii": 1313.0295483634816,
            "c10_ii": 54654.1859114526,
            "slater_b_init": 33.110568047166254
        },
        {
            "index": 4,
            "element": "C",
            "charge": 0.5735941039539414,
            "dipole": [
                -0.004686001479516631,
                -0.012939080004744566,
                -0.16165770229988732
            ],
            "quadrupole": [
                [
                    -3.5480130955328035,
                    -3.2852900470855757,
                    0.01495057803222855
                ],
                [
                    -3.2852900470855757,
                    -0.08975329325365254,
                    -3.6006290421921867
                ],
                [
                    0.01495057803222855,
                    -3.6006290421921867,
                    0.06114730739259017
                ]
            ],
            "volume_eff": 24.323633119195552,
            "alpha_iso": 7.640931869904362,
            "c6_ii": 18.893659281723888,
            "c8_ii": 405.1109528766233,
            "c10_ii": 10882.942910542559,
            "slater_b_init": 40.683004362486166
        },
        {
            "index": 5,
            "element": "O",
            "charge": -0.5040292098087491,
            "dipole": [
                0.06190592203171055,
                0.024965283061187442,
                -0.052869688156840795
            ],
            "quadrupole": [
                [
                    -4.309575824777138,
                    -4.194439460499753,
                    -0.01327315629371832
                ],
                [
                    -4.194439460499753,
                    -0.040370809350217585,
                    -4.421267460775156
                ],
                [
                    -0.01327315629371832,
                    -4.421267460775156,
                    -0.022420298177141907
                ]
            ],
            "volume_eff": 25.18570822891005,
            "alpha_iso": 7.51396820089029,
            "c6_ii": 30.204787473739753,
            "c8_ii": 1303.1527987507548,
            "c10_ii": 54140.77668068634,
            "slater_b_init": 33.14183313839164
        },
        {
            "index": 6,
            "element": "O",
            "charge": -0.6281498106901999,
            "dipole": [
                0.04227289201759362,
                -0.027638132358366468,
                -0.13007347242106435
            ],
            "quadrupole": [
                [
                    -4.3555295941716725,
                    -4.360554198378108,
                    -0.0037028599669062467
                ],
                [
                    -4.360554198378108,
                    0.013823198458267726,
                    -4.494999402695612
                ],
                [
                    -0.0037028599669062467,
                    -4.494999402695612,
                    0.021746101921140036
                ]
            ],
            "volume_eff": 25.7411330663158,
            "alpha_iso": 7.679675058458857,
            "c6_ii": 31.55170028994632,
            "c8_ii": 1381.20450405886,
            "c10_ii": 58224.100476401174,
            "slater_b_init": 32.90172709816043
        },
        {
            "index": 7,
            "element": "O",
            "charge": -0.6437044078222112,
            "dipole": [
                -0.04236889992110174,
                -0.10902224316758136,
                -0.0479479074760827
            ],