{
    "molecule": "ADN",
    "atoms": [
        {
            "index": 0,
            "element": "N",
            "charge": -0.4497230388471891,
            "dipole": [
                0.06605024508747358,
                -0.07096668052586759,
                -0.07055323568893034
            ],
            "quadrupole": [
                [
                    -4.694803674036919,
                    -4.733303367431223,
                    -0.14050499307434355
                ],
                [
                    -4.733303367431223,
                    0.10479382260069173,
                    -4.7465733588840635
                ],
                [
                    -0.14050499307434355,
                    -4.7465733588840635,
                    0.11914311188840457
                ]
            ],
            "volume_eff": 31.163058421928852,
            "alpha_iso": 9.079001272530455,
            "c6_ii": 36.42739209970695,
            "c8_ii": 1311.0840829303434,
            "c10_ii": 51403.71875482232,
            "slater_b_init": 33.627949123203
        },
        {
            "index": 1,
            "element": "C",
            "charge": 0.35622597327809125,
            "dipole": [
                -0.04867499189016325,
                0.05229615009450337,
                0.04723136431800841
            ],
            "quadrupole": [
                [
                    -3.5787104054185415,
                    -3.6375063139615658,
                    -0.134003850223094
                ],
                [
                    -3.6375063139615658,
                    0.08834719799635049,
                    -3.6529486758046605
                ],
                [
                    -0.134003850223094,
                    -3.6529486758046605,
                    0.10731585369090516
                ]
            ],
            "volume_eff": 25.034338144207307,
            "alpha_iso": 7.864189992944704,
            "c6_ii": 20.01388587377176,
            "c8_ii": 437.4493459315301,
            "c10_ii": 11979.497019369535,
            "slater_b_init": 40.294316556102416
        },
        {
            "index": 2,
            "element": "C",
            "charge": -0.32124577993256764,
            "dipole": [
                -0.04871877795143479,
                -0.016183065981080047,
                -0.04336952146752024
            ],
            "quadrupole": [
                [
                    -4.83224072711398,
                    -4.785832995507483,
                    -0.014414712061313334
                ],
                [
                    -4.785832995507483,
                    0.03650862013734331,
                    -4.813899737422107
                ],
                [
                    -0.014414712061313334,
                    -4.813899737422107,
                    -0.028388006485312128
                ]
            ],
            "volume_eff": 35.51567738414599,
            "alpha_iso": 11.156757293449001,
            "c6_ii": 40.28092133340014,
            "c8_ii": 1111.6081960092513,
            "c10_ii": 38434.26185428694,
            "slater_b_init": 35.86045518698736
        },
        {
            "index": 3,
            "element": "C",
            "charge": -0.20250707226238873,
            "dipole": [
                0.019865032472046438,
                -0.06645449613647186,
                0.016056679593374742
            ],
            "quadrupole": [
                [
                    -4.645416137251387,
                    -4.698559181000683,
                    0.03334866486353652
                ],
                [
                    -4.698559181000683,
                    -0.0007853370188440723,
                    -4.599305567033629
                ],
                [
                    0.03334866486353652,
                    -4.599305567033629,
                    -0.023035888487260927
                ]
            ],
            "volume_eff": 34.311063343527266,
            "alpha_iso": 10.778344505820083,
            "c6_ii": 37.59477985648761,
            "c8_ii": 1013.8863457348692,
            "c10_ii": 34258.27272004901,
            "slater_b_init": 36.27530779645259
        },
        {
            "index": 4,
            "element": "C",
            "charge": -0.214379853899489,
            "dipole": [
                -0.015740741472778073,
                0.05732822770946829,
                -0.018824481392738512
            ],
            "quadrupole": [
                [
                    -4.646339435303851,
                    -4.712180047588424,
                    0.030401129418407967
                ],
                [
                    -4.712180047588424,
                    0.004984603680076447,
                    -4.6091469840379835
                ],
                [
                    0.030401129418407967,
                    -4.6091469840379835,
                    -0.021413696409912683
                ]
            ],
            "volume_eff": 34.334575805903064,
            "alpha_iso": 10.785730619655412,
            "c6_ii": 37.64632292353743,
            "c8_ii": 1015.7401757877159,
            "c10_ii": 34336.58959016123,
            "slater_b_init": 36.26702541095019
        },
        {
            "index": 5,
            "element": "C",
            "charge": -0.3200796023837835,
            "dipole": [
                0.037391876200273476,
                -0.03944847927925029,
                0.02085513552542932
            ],
            "quadrupole": [
                [
                    -4.838929831366195,
                    -4.848044934942063,
                    0.03674724897797507
                ],
                [
                    -4.848044934942063,
                    0.02055800280185234,
                    -4.769390934541092
                ],
                [
                    0.03674724897797507,
                    -4.769390934541092,
                    -0.03157630197002429
                ]
            ],
            "volume_eff": 35.66347077607138,
            "alpha_iso": 11.203184536985772,
            "c6_ii": 40.61686541437973,
            "c8_ii": 1123.986473488935,
            "c10_ii": 38969.98381255914,
            "slater_b_init": 35.8108500282373
        },
        {
            "index": 6,
            "element": "C",
            "charge": 0.36878423646104075,
            "dipole": [
                0.06423280460789163,
                0.05495129344342108,
                -0.0004926793711161198
            ],
            "quadrupole": [
                [
                    -3.6076547744634895,
                    -3.6813132773760477,
                    0.012683034625568704
                ],
                [
                    -3.6813132773760477,
                    -0.15289177023560283,
                    -3.4902378056885013
                ],
                [
                    0.012683034625568704,
                    -3.4902378056885013,
                    0.011696056114572539
                ]
            ],
            "volume_eff": 24.74216898432392,
            "alpha_iso": 7.772409105023222,
            "c6_ii": 19.54945831657299,
            "c8_ii": 423.9671268437832,
            "c10_ii": 11519.777724310166,
            "slater_b_init": 40.45230214637452
        },
        {
            "index": 7,
            "element": "N",
            "charge": -0.45349421143330737,
            "dipole": [
                -0.07976411981169192,
                -0.0895112183267465,
                0.0023149350571437625
            ],