{
    "molecule": "Li",
    "atoms": [
        {
            "index": 0,
            "element": "Li",
            "charge": 1.0000000000032554,
            "dipole": [
                1.5161032977131902e-18,
                -3.5913340065938494e-19,
                8.111342262189607e-19
            ],
            "quadrupole": [
                [
                    -0.2984320653145899,
                    -0.29843206531459,
                    -4.399465565378089e-19
                ],
                [
                    -0.29843206531459,
                    -5.247367576248837e-20,
                    -0.29843206531459004
                ],
                [
                    -4.399465565378089e-19,
                    -0.29843206531459004,
                    -5.504157257858554e-19
                ]
            ],
            "volume_eff": 0.8922129540668542,
            "alpha_iso": 1.3302084042451279,
            "c6_ii": 0.09144637173657326,
            "c8_ii": 0.10623368087310228,
            "c10_ii": 0.0857714564567847,
            "slater_b_init": 149.31243393785044
        }
    ]
}