{
    "molecule": "CCarb_996",
    "atoms": [
        {
            "index": 0,
            "element": "C",
            "charge": -0.35603443910986954,
            "dipole": [
                0.022994565489326643,
                0.02787843961667838,
                -0.0007899963044313127
            ],
            "quadrupole": [
                [
                    -5.081503228652593,
                    -5.0378123988131644,
                    -0.044690312754787735
                ],
                [
                    -5.0378123988131644,
                    -0.05724349516920115,
                    -4.916259877101473
                ],
                [
                    -0.044690312754787735,
                    -4.916259877101473,
                    -0.017315591663053385
                ]
            ],
            "volume_eff": 37.77397405538678,
            "alpha_iso": 11.866169860330924,
            "c6_ii": 45.56638195407593,
            "c8_ii": 1310.2231680296147,
            "c10_ii": 47202.006747317355,
            "slater_b_init": 35.13108849429156
        },
        {
            "index": 1,
            "element": "C",
            "charge": -0.19958066230237748,
            "dipole": [
                -0.047953467253491776,
                0.028004860552618197,
                -0.005550916159892382
            ],
            "quadrupole": [
                [
                    -4.844939674315613,
                    -4.679069674020849,
                    -0.03558181926178467
                ],
                [
                    -4.679069674020849,
                    -0.020397113401135893,
                    -4.628566444821065
                ],
                [
                    -0.03558181926178467,
                    -4.628566444821065,
                    -0.026265015021738555
                ]
            ],
            "volume_eff": 35.1932530076199,
            "alpha_iso": 11.055472148990544,
            "c6_ii": 39.552871130341124,
            "c8_ii": 1084.900473163998,
            "c10_ii": 37283.46287477783,
            "slater_b_init": 35.96963477022202
        },
        {
            "index": 2,
            "element": "C",
            "charge": 0.14552347217439632,
            "dipole": [
                0.07600072294710901,
                0.10749868988061363,
                0.008810837306220527
            ],
            "quadrupole": [
                [
                    -4.0627376884519615,
                    -3.9379434118655365,
                    0.014336201503916764
                ],
                [
                    -3.9379434118655365,
                    0.07204181961542519,
                    -4.068236836838527
                ],
                [
                    0.014336201503916764,
                    -4.068236836838527,
                    0.02342695900969142
                ]
            ],
            "volume_eff": 28.717568528975967,
            "alpha_iso": 9.021225715908681,
            "c6_ii": 26.33628559201069,
            "c8_ii": 630.8003277890311,
            "c10_ii": 18929.701135708023,
            "slater_b_init": 38.4922481234343
        },
        {
            "index": 3,
            "element": "O",
            "charge": -0.40231874338005014,
            "dipole": [
                0.06676697295093117,
                -0.05989762583232451,
                -0.04197218345888076
            ],
            "quadrupole": [
                [
                    -4.069691936319619,
                    -4.016887097726758,
                    0.03241609777860026
                ],
                [
                    -4.016887097726758,
                    -0.05019698598128542,
                    -4.053182325258481
                ],
                [
                    0.03241609777860026,
                    -4.053182325258481,
                    -0.011633777058718604
                ]
            ],
            "volume_eff": 22.964465516673357,
            "alpha_iso": 6.851277004974372,
            "c6_ii": 25.111932336855048,
            "c8_ii": 1018.7504306981497,
            "c10_ii": 39798.34954078269,
            "slater_b_init": 34.17767127581756
        },
        {
            "index": 4,
            "element": "C",
            "charge": 0.9661632645905751,
            "dipole": [
                0.007502107778640942,
                -0.029291174315517452,
                -0.006309847898427355
            ],
            "quadrupole": [
                [
                    -2.8889805667983253,
                    -2.9848408611637303,
                    -0.0264576333454021
                ],
                [
                    -2.9848408611637303,
                    0.010435155074095974,
                    -2.839336163544643
                ],
                [
                    -0.0264576333454021,
                    -2.839336163544643,
                    0.057776893959623606
                ]
            ],
            "volume_eff": 19.639233619132085,
            "alpha_iso": 6.16939275993678,
            "c6_ii": 12.317094218252729,
            "c8_ii": 228.99723099616122,
            "c10_ii": 5334.167611645119,
            "slater_b_init": 43.68989354878777
        },
        {
            "index": 5,
            "element": "O",
            "charge": -0.6020277334985558,
            "dipole": [
                -0.041112701944596264,
                0.15552999984376667,
                0.04163930356443461
            ],
            "quadrupole": [
                [
                    -4.4058989745454955,
                    -4.395491402125412,
                    0.005475093225199484
                ],
                [
                    -4.395491402125412,
                    -0.02078257972210304,
                    -4.3510347180001885
                ],
                [
                    0.005475093225199484,
                    -4.3510347180001885,
                    0.06664445694129065
                ]
            ],
            "volume_eff": 25.64037728547008,
            "alpha_iso": 7.64961532273693,
            "c6_ii": 31.305184757863007,
            "c8_ii": 1366.8346830384955,
            "c10_ii": 57467.895488533235,
            "slater_b_init": 32.944767370037276
        },
        {
            "index": 6,
            "element": "O",
            "charge": -0.4081666533204018,
            "dipole": [
                -0.030171833078203727,
                -0.09035167268233764,
                0.006124174027337243
            ],
            "quadrupole": [
                [
                    -4.102197111764054,
                    -3.983426030836124,
                    0.009494607068417293
                ],
                [
                    -3.983426030836124,
                    1.1893637495781193e-05,
                    -4.084702319443165
                ],
                [
                    0.009494607068417293,
                    -4.084702319443165,
                    0.010099793264844448
                ]
            ],
            "volume_eff": 23.038165613963795,
            "alpha_iso": 6.873264879304116,
            "c6_ii": 25.273374951192608,
            "c8_ii": 1027.4923948355347,
            "c10_ii": 40225.69676231274,
            "slater_b_init": 34.141187055884544
        },
        {
            "index": 7,
            "element": "C",
            "charge": 0.158496456418451,
            "dipole": [
                -0.1138450125704348,
                0.043927718194052355,
                0.029963105040902615
            ],