{
    "molecule": "PS",
    "atoms": [
        {
            "index": 0,
            "element": "O",
            "charge": -0.6178483990620229,
            "dipole": [
                0.1309380246066537,
                0.0363082551828931,
                -0.18514110992727925
            ],
            "quadrupole": [
                [
                    -4.370961521767818,
                    -4.3127146682815285,
                    -0.0019060897034964134
                ],
                [
                    -4.3127146682815285,
                    -0.005412497393315928,
                    -4.355150065292127
                ],
                [
                    -0.0019060897034964134,
                    -4.355150065292127,
                    0.01891168510470927
                ]
            ],
            "volume_eff": 25.068951596229883,
            "alpha_iso": 7.479134730366926,
            "c6_ii": 29.925388152047315,
            "c8_ii": 1287.1051211413694,
            "c10_ii": 53308.667637151884,
            "slater_b_init": 33.19320527733342
        },
        {
            "index": 1,
            "element": "S",
            "charge": 1.4459584485468646,
            "dipole": [
                0.1103374651476043,
                -0.08766511673802936,
                0.020956147159710534
            ],
            "quadrupole": [
                [
                    -7.15574152786382,
                    -6.932082065671877,
                    -0.011291328978153265
                ],
                [
                    -6.932082065671877,
                    0.0013877276731159563,
                    -7.179420514463595
                ],
                [
                    -0.011291328978153265,
                    -7.179420514463595,
                    0.0026744848425049646
                ]
            ],
            "volume_eff": 53.22187231588159,
            "alpha_iso": 13.871658209990414,
            "c6_ii": 67.11960849724713,
            "c8_ii": 1591.1806166182428,
            "c10_ii": 37910.15904956419,
            "slater_b_init": 38.1523664670325
        },
        {
            "index": 2,
            "element": "O",
            "charge": -0.6152033063387758,
            "dipole": [
                0.07725632042104354,
                0.04842983117578033,
                0.21009211401316813
            ],
            "quadrupole": [
                [
                    -4.345568986731209,
                    -4.317756071457497,
                    0.0010855135437365542
                ],
                [
                    -4.317756071457497,
                    -0.006414664318526587,
                    -4.364217460119532
                ],
                [
                    0.0010855135437365542,
                    -4.364217460119532,
                    -0.02580646200766892
                ]
            ],
            "volume_eff": 25.0445465291455,
            "alpha_iso": 7.471853660629044,
            "c6_ii": 29.867150725766393,
            "c8_ii": 1283.7664457961725,
            "c10_ii": 53135.874264338,
            "slater_b_init": 33.20398366389466
        },
        {
            "index": 3,
            "element": "C",
            "charge": -0.5352124759498569,
            "dipole": [
                -0.12782972916512875,
                -0.005564595868253723,
                0.012756891095611286
            ],
            "quadrupole": [
                [
                    -5.2616050604642695,
                    -5.21729443507015,
                    0.025461008896929333
                ],
                [
                    -5.21729443507015,
                    0.028611934921266725,
                    -5.167180980382063
                ],
                [
                    0.025461008896929333,
                    -5.167180980382063,
                    -0.005067063842254088
                ]
            ],
            "volume_eff": 39.18317242683464,
            "alpha_iso": 12.308849977016116,
            "c6_ii": 49.02960353792873,
            "c8_ii": 1444.6535913176267,
            "c10_ii": 53331.46592725299,
            "slater_b_init": 34.70478036316353
        },
        {
            "index": 4,
            "element": "C",
            "charge": -0.2539883699558114,
            "dipole": [
                0.04485177827414133,
                0.05384395437919725,
                -0.028757791975792635
            ],
            "quadrupole": [
                [
                    -4.726207462945607,
                    -4.674586337008991,
                    -0.016333848473015763
                ],
                [
                    -4.674586337008991,
                    0.0026482666339589255,
                    -4.670582650105882
                ],
                [
                    -0.016333848473015763,
                    -4.670582650105882,
                    0.057128293585827515
                ]
            ],
            "volume_eff": 34.44748616022251,
            "alpha_iso": 10.821199840907594,
            "c6_ii": 37.89433232953895,
            "c8_ii": 1024.672055087855,
            "c10_ii": 34714.425689114694,
            "slater_b_init": 36.22735725361189
        },
        {
            "index": 5,
            "element": "C",
            "charge": 0.07621552374978702,
            "dipole": [
                0.14184322421474893,
                0.03420504122136833,
                0.035316245688929
            ],
            "quadrupole": [
                [
                    -4.074494815094711,
                    -4.245290242349549,
                    -0.05087783165008914
                ],
                [
                    -4.245290242349549,
                    -0.012043084477540824,
                    -4.178075151526917
                ],
                [
                    -0.05087783165008914,
                    -4.178075151526917,
                    0.019382351171838043
                ]
            ],
            "volume_eff": 29.94356104286934,
            "alpha_iso": 9.406354254304505,
            "c6_ii": 28.632949421237615,
            "c8_ii": 705.1919202494671,
            "c10_ii": 21760.20733394467,
            "slater_b_init": 37.95957570610649
        },
        {
            "index": 6,
            "element": "O",
            "charge": -0.4364249467787271,
            "dipole": [
                -0.0770973991358871,
                -0.08254126329548869,
                -0.006572398454824824
            ],
            "quadrupole": [
                [
                    -4.039746878816408,
                    -4.120939490670616,
                    0.006541856315688153
                ],
                [
                    -4.120939490670616,
                    0.012376697504116655,
                    -4.0894770575160235
                ],
                [
                    0.006541856315688153,
                    -4.0894770575160235,
                    0.007657669000171088
                ]
            ],
            "volume_eff": 23.15428756276405,
            "alpha_iso": 6.907908996625738,
            "c6_ii": 25.52879371084842,
            "c8_ii": 1041.3611080948724,
            "c10_ii": 40905.527525942816,
            "slater_b_init": 34.08401712186506
        },
        {
            "index": 7,
            "element": "H",
            "charge": 0.21988106246262729,
            "dipole": [
                -0.007844965177648542,
                0.034858257659310936,
                0.02976533235445763
            ],