{
    "molecule": "PF6",
    "atoms": [
        {
            "index": 0,
            "element": "P",
            "charge": 0.7494796607389063,
            "dipole": [
                -0.10438571614030442,
                -0.13060174212028394,
                0.4677120588583792
            ],
            "quadrupole": [
                [
                    -9.51573360092726,
                    -9.45944220418924,
                    -0.021228739949451306
                ],
                [
                    -9.45944220418924,
                    -0.0884866653853512,
                    -9.910122789025905
                ],
                [
                    -0.021228739949451306,
                    -9.910122789025905,
                    0.10599543389028339
                ]
            ],
            "volume_eff": 88.63054072943397,
            "alpha_iso": 34.08866951132076,
            "c6_ii": 343.96306715940665,
            "c8_ii": 16003.617128464633,
            "c10_ii": 421688.1529468627,
            "slater_b_init": 29.759383207511156
        },
        {
            "index": 1,
            "element": "F",
            "charge": -0.1745441696195904,
            "dipole": [
                0.028377263043374873,
                0.018237991968768318,
                0.05485497767076454
            ],
            "quadrupole": [
                [
                    -3.4451105570991123,
                    -3.6041937968876616,
                    0.0393071395029134
                ],
                [
                    -3.6041937968876616,
                    0.06578957225619836,
                    -3.473290124823847
                ],
                [
                    0.0393071395029134,
                    -3.473290124823847,
                    0.04519858829653864
                ]
            ],
            "volume_eff": 17.783178465247666,
            "alpha_iso": 5.584799848590176,
            "c6_ii": 20.519729834745295,
            "c8_ii": 893.471469877117,
            "c10_ii": 36092.20277615649,
            "slater_b_init": 33.42275594739986
        },
        {
            "index": 2,
            "element": "F",
            "charge": -0.16801476942607252,
            "dipole": [
                -0.01776584983316949,
                -0.04388980539887509,
                -0.005739294828059775
            ],
            "quadrupole": [
                [
                    -3.5245564537433784,
                    -3.3861735926768373,
                    0.06898619273793034
                ],
                [
                    -3.3861735926768373,
                    0.014432956803123481,
                    -3.468841111761502
                ],
                [
                    0.06898619273793034,
                    -3.468841111761502,
                    -0.04049156189859952
                ]
            ],
            "volume_eff": 17.33007512969999,
            "alpha_iso": 5.442502933294212,
            "c6_ii": 19.487393538760593,
            "c8_ii": 834.0463358652182,
            "c10_ii": 33116.943760957845,
            "slater_b_init": 33.711538391922396
        },
        {
            "index": 3,
            "element": "F",
            "charge": -0.33216955674060955,
            "dipole": [
                0.008654730289581846,
                -0.07580178566245206,
                0.12457343981479828
            ],
            "quadrupole": [
                [
                    -3.8002456314162143,
                    -3.5970018567298565,
                    0.010673447002140788
                ],
                [
                    -3.5970018567298565,
                    0.04768363948503171,
                    -3.7189658269997214
                ],
                [
                    0.010673447002140788,
                    -3.7189658269997214,
                    -0.024236815600677905
                ]
            ],
            "volume_eff": 19.2209205749334,
            "alpha_iso": 6.036322164028671,
            "c6_ii": 23.971832413120904,
            "c8_ii": 1099.3099236882488,
            "c10_ii": 46769.498454930654,
            "slater_b_init": 32.56771773508353
        },
        {
            "index": 4,
            "element": "F",
            "charge": -0.40794150941615115,
            "dipole": [
                -0.008749166692714982,
                -0.013169658325377484,
                0.06558101505090741
            ],
            "quadrupole": [
                [
                    -3.7391077020853922,
                    -3.7922854804050083,
                    -0.017852031251754795
                ],
                [
                    -3.7922854804050083,
                    -0.024719403128851212,
                    -3.7795572570188254
                ],
                [
                    -0.017852031251754795,
                    -3.7795572570188254,
                    -0.005412047941140442
                ]
            ],
            "volume_eff": 19.49718823521045,
            "alpha_iso": 6.123083908578488,
            "c6_ii": 24.665892468087385,
            "c8_ii": 1141.9513871475929,
            "c10_ii": 49048.08407883267,
            "slater_b_init": 32.413161406291515
        },
        {
            "index": 5,
            "element": "F",
            "charge": -0.27616205267089455,
            "dipole": [
                -0.05714473550758217,
                0.03852285146719881,
                0.026646738597474545
            ],
            "quadrupole": [
                [
                    -3.6094391211002836,
                    -3.6388646178117368,
                    -0.002500408644459784
                ],
                [
                    -3.6388646178117368,
                    -0.06649154298791765,
                    -3.6309973723235935
                ],
                [
                    -0.002500408644459784,
                    -3.6309973723235935,
                    0.014672510435713338
                ]
            ],
            "volume_eff": 18.582962352258853,
            "alpha_iso": 5.835971647816829,
            "c6_ii": 22.40695070665914,
            "c8_ii": 1004.6825277761186,
            "c10_ii": 41792.52289990432,
            "slater_b_init": 32.93621869591248
        },
        {
            "index": 6,
            "element": "F",
            "charge": -0.39111451783574935,
            "dipole": [
                -0.06545789207017318,
                0.03917720751727473,
                -0.07327462618648507
            ],
            "quadrupole": [
                [
                    -3.678851711019056,
                    -3.6935410220139344,
                    0.017422046069605908
                ],
                [
                    -3.6935410220139344,
                    -0.0007900958367881469,
                    -3.77559365226526
                ],
                [
                    0.017422046069605908,
                    -3.77559365226526,
                    0.012496750396026551
                ]
            ],
            "volume_eff": 19.08968166025245,
            "alpha_iso": 5.995106637104074,
            "c6_ii": 23.645594467269298,
            "c8_ii": 1079.4076389153288,
            "c10_ii": 45713.49077100411,
            "slater_b_init": 32.64218020317148
        }
    ]
}