{
    "molecule": "Est_376",
    "atoms": [
        {
            "index": 0,
            "element": "C",
            "charge": -0.21314876482008138,
            "dipole": [
                0.11337743506755114,
                -0.0011340391838023651,
                0.041124879299473574
            ],
            "quadrupole": [
                [
                    -4.860202447160577,
                    -4.534957107553507,
                    -0.04159548939770043
                ],
                [
                    -4.534957107553507,
                    0.015486750536204994,
                    -4.609822249177901
                ],
                [
                    -0.04159548939770043,
                    -4.609822249177901,
                    -0.11992453101842805
                ]
            ],
            "volume_eff": 34.18083146522495,
            "alpha_iso": 10.737433968133491,
            "c6_ii": 37.309930215647604,
            "c8_ii": 1003.656562365101,
            "c10_ii": 33826.75049689479,
            "slater_b_init": 36.32132007941898
        },
        {
            "index": 1,
            "element": "C",
            "charge": -0.1749305293144392,
            "dipole": [
                -0.0934680880811413,
                -0.00885082624938508,
                -0.05360120984049404
            ],
            "quadrupole": [
                [
                    -4.771142864540724,
                    -4.370273882743343,
                    0.010026495883157061
                ],
                [
                    -4.370273882743343,
                    -0.010952099501925864,
                    -4.434418182905318
                ],
                [
                    0.010026495883157061,
                    -4.434418182905318,
                    -0.17169164278637317
                ]
            ],
            "volume_eff": 32.841604029721864,
            "alpha_iso": 10.316734250174406,
            "c6_ii": 34.44355041968354,
            "c8_ii": 902.1867172604944,
            "c10_ii": 29607.340979295324,
            "slater_b_init": 36.808465432130824
        },
        {
            "index": 2,
            "element": "C",
            "charge": 0.8116497788397687,
            "dipole": [
                -0.06334314527082353,
                0.017468302362778458,
                0.007653516039591177
            ],
            "quadrupole": [
                [
                    -3.108795875309657,
                    -2.9474631284799506,
                    -0.09165970017799024
                ],
                [
                    -2.9474631284799506,
                    0.027469759732914822,
                    -3.0389142848703417
                ],
                [
                    -0.09165970017799024,
                    -3.0389142848703417,
                    -0.06269783913499102
                ]
            ],
            "volume_eff": 20.33479545228257,
            "alpha_iso": 6.387893859355781,
            "c6_ii": 13.205012214314033,
            "c8_ii": 251.26825435679538,
            "c10_ii": 5990.33206668576,
            "slater_b_init": 43.18595845096462
        },
        {
            "index": 3,
            "element": "O",
            "charge": -0.5456782412160237,
            "dipole": [
                -0.004788224619140581,
                -0.0701484423422743,
                -0.10086963551284128
            ],
            "quadrupole": [
                [
                    -4.3535308588736745,
                    -4.243786269011167,
                    -0.0566181490987479
                ],
                [
                    -4.243786269011167,
                    0.03313988939161632,
                    -4.287365827624151
                ],
                [
                    -0.0566181490987479,
                    -4.287365827624151,
                    -0.028725008852003475
                ]
            ],
            "volume_eff": 24.905438311627012,
            "alpha_iso": 7.430351761479882,
            "c6_ii": 29.536282094290257,
            "c8_ii": 1264.8394372974824,
            "c10_ii": 52158.435140802794,
            "slater_b_init": 33.26568871360245
        },
        {
            "index": 4,
            "element": "O",
            "charge": -0.41485068028988437,
            "dipole": [
                -0.04604722314211163,
                0.01826824587628687,
                0.03680854159808653
            ],
            "quadrupole": [
                [
                    -4.020273655887206,
                    -4.045189680487778,
                    -0.02310022047742555
                ],
                [
                    -4.045189680487778,
                    0.0021097158609528362,
                    -4.086665632257139
                ],
                [
                    -0.02310022047742555,
                    -4.086665632257139,
                    -0.012301755360971018
                ]
            ],
            "volume_eff": 22.955908817178614,
            "alpha_iso": 6.848724177500802,
            "c6_ii": 25.093222105896807,
            "c8_ii": 1017.7384980323677,
            "c10_ii": 39748.94066813025,
            "slater_b_init": 34.18191726663133
        },
        {
            "index": 5,
            "element": "C",
            "charge": 0.5139570397002888,
            "dipole": [
                0.03795624583815585,
                0.07681416270647502,
                0.1300337802708409
            ],
            "quadrupole": [
                [
                    -3.530504045451722,
                    -3.567976685459231,
                    0.05146478478615956
                ],
                [
                    -3.567976685459231,
                    -0.04789223471670548,
                    -3.570394778368725
                ],
                [
                    0.05146478478615956,
                    -3.570394778368725,
                    0.03407261358865368
                ]
            ],
            "volume_eff": 25.03219235323792,
            "alpha_iso": 7.863515922483117,
            "c6_ii": 20.010455084045695,
            "c8_ii": 437.349365091451,
            "c10_ii": 11976.07466325298,
            "slater_b_init": 40.29546788301382
        },
        {
            "index": 6,
            "element": "C",
            "charge": -0.6116878275540083,
            "dipole": [
                -0.0030324764988980866,
                -0.0005259606073134064,
                0.005803046832432429
            ],
            "quadrupole": [
                [
                    -5.34102465617699,
                    -5.3631288833264215,
                    0.01936190125231194
                ],
                [
                    -5.3631288833264215,
                    -0.01696030640313095,
                    -5.348851598379845
                ],
                [
                    0.01936190125231194,
                    -5.348851598379845,
                    0.026332550336245902
                ]
            ],
            "volume_eff": 40.5244663674624,
            "alpha_iso": 12.730198858888713,
            "c6_ii": 52.443757466578326,
            "c8_ii": 1580.317247258177,
            "c10_ii": 59663.567704285204,
            "slater_b_init": 34.317585978009426
        },
        {
            "index": 7,
            "element": "F",
            "charge": -0.24916310886586857,
            "dipole": [
                -0.0009701539896465876,
                -0.012145102812090166,
                0.0214647770404247
            ],