{
    "molecule": "BF4",
    "atoms": [
        {
            "index": 0,
            "element": "B",
            "charge": 1.2005235766818965,
            "dipole": [
                0.0008246922949879255,
                -0.0007920900574226059,
                0.0011394436201745358
            ],
            "quadrupole": [
                [
                    -2.804380021956294,
                    -2.805690567694749,
                    0.0009158439460744901
                ],
                [
                    -2.805690567694749,
                    0.0011274597462371232,
                    -2.8071085971417644
                ],
                [
                    0.0009158439460744901,
                    -2.8071085971417644,
                    -4.4541936061908716e-05
                ]
            ],
            "volume_eff": 24.173261578806184,
            "alpha_iso": 11.012263608122817,
            "c6_ii": 28.71233790027656,
            "c8_ii": 667.4140503326137,
            "c10_ii": 10080.895503934731,
            "slater_b_init": 41.825197890157845
        },
        {
            "index": 1,
            "element": "F",
            "charge": -0.5503239911129292,
            "dipole": [
                -0.030255290602543658,
                0.07139552122093357,
                -0.047695007554952915
            ],
            "quadrupole": [
                [
                    -3.9965293426302217,
                    -4.002300126979645,
                    0.0037843457447998205
                ],
                [
                    -4.002300126979645,
                    0.0019442137647567928,
                    -3.999000333050382
                ],
                [
                    0.0037843457447998205,
                    -3.999000333050382,
                    -0.0008275114837653308
                ]
            ],
            "volume_eff": 21.266513104060554,
            "alpha_iso": 6.678739652514885,
            "c6_ii": 29.345765359259637,
            "c8_ii": 1439.6129971033984,
            "c10_ii": 65519.371944984436,
            "slater_b_init": 31.488112184890106
        },
        {
            "index": 2,
            "element": "F",
            "charge": -0.5511483283136691,
            "dipole": [
                0.07476425819912151,
                -0.03892603449090425,
                -0.033297423219691855
            ],
            "quadrupole": [
                [
                    -4.004163944501343,
                    -3.998562867614796,
                    -0.0014359297744201544
                ],
                [
                    -3.998562867614796,
                    0.0034057451188150524,
                    -3.9978955398526494
                ],
                [
                    -0.0014359297744201544,
                    -3.9978955398526494,
                    0.003391122376560299
                ]
            ],
            "volume_eff": 21.274753677175255,
            "alpha_iso": 6.681327601096361,
            "c6_ii": 29.368512179718458,
            "c8_ii": 1441.101041357092,
            "c10_ii": 65604.03733668053,
            "slater_b_init": 31.484046119790396
        },
        {
            "index": 3,
            "element": "F",
            "charge": -0.5472413228077748,
            "dipole": [
                -0.0697018684890255,
                -0.060534614077914675,
                0.014519816413372617
            ],
            "quadrupole": [
                [
                    -3.991215894196185,
                    -3.9910790935140885,
                    0.0015138813960080366
                ],
                [
                    -3.9910790935140885,
                    -0.008634726090875879,
                    -3.983292536393144
                ],
                [
                    0.0015138813960080366,
                    -3.983292536393144,
                    0.0019284473050701727
                ]
            ],
            "volume_eff": 21.17869729258534,
            "alpha_iso": 6.6511611332086185,
            "c6_ii": 29.103910802569054,
            "c8_ii": 1423.8152456100338,
            "c10_ii": 64621.87809350008,
            "slater_b_init": 31.531573168868903
        },
        {
            "index": 4,
            "element": "F",
            "charge": -0.5514841491840556,
            "dipole": [
                0.02762226426332198,
                0.026241790299556943,
                0.08094544685681515
            ],
            "quadrupole": [
                [
                    -3.9935029998438183,
                    -3.9938290737312685,
                    -0.004311692191604908
                ],
                [
                    -3.9938290737312685,
                    -0.0014402944934052656,
                    -4.003363196580101
                ],
                [
                    -0.004311692191604908,
                    -4.003363196580101,
                    -0.004079509886392434
                ]
            ],
            "volume_eff": 21.246440297151445,
            "alpha_iso": 6.672435795799627,
            "c6_ii": 29.290394374386977,
            "c8_ii": 1435.9923629008701,
            "c10_ii": 65313.45978681475,
            "slater_b_init": 31.498025309857482
        }
    ]
}