{
    "molecule": "NO3",
    "atoms": [
        {
            "index": 0,
            "element": "N",
            "charge": 1.0694058849646968,
            "dipole": [
                -0.0009450631543024595,
                0.0005238235171355123,
                0.00040919828246405344
            ],
            "quadrupole": [
                [
                    -2.773725701702733,
                    -2.730371054280171,
                    -0.059095389502085524
                ],
                [
                    -2.730371054280171,
                    0.012964681280999191,
                    -2.694473045672794
                ],
                [
                    -0.059095389502085524,
                    -2.694473045672794,
                    -0.01661892283098307
                ]
            ],
            "volume_eff": 16.01252956296294,
            "alpha_iso": 4.665067667949833,
            "c6_ii": 9.617624608957845,
            "c8_ii": 222.06674839331697,
            "c10_ii": 5585.48351604606,
            "slater_b_init": 41.98496138812465
        },
        {
            "index": 1,
            "element": "O",
            "charge": -0.688424944637184,
            "dipole": [
                -0.008414221252303669,
                0.0322902570407787,
                0.022574352589547753
            ],
            "quadrupole": [
                [
                    -4.7548279678809795,
                    -4.543513998345519,
                    0.027817113515404782
                ],
                [
                    -4.543513998345519,
                    -0.02583752863793983,
                    -4.57860115681304
                ],
                [
                    0.027817113515404782,
                    -4.57860115681304,
                    -0.05328389687194428
                ]
            ],
            "volume_eff": 27.885271630134316,
            "alpha_iso": 8.319362806780404,
            "c6_ii": 37.0268875572401,
            "c8_ii": 1709.6894756891566,
            "c10_ii": 76019.82285005582,
            "slater_b_init": 32.03585278361833
        },
        {
            "index": 2,
            "element": "O",
            "charge": -0.6880870387517319,
            "dipole": [
                -0.02881643919669944,
                -0.018862732431007116,
                -0.019933985797996004
            ],
            "quadrupole": [
                [
                    -4.631316893197878,
                    -4.650755454859067,
                    -0.02600142355712939
                ],
                [
                    -4.650755454859067,
                    0.10385999313604491,
                    -4.59295413608253
                ],
                [
                    -0.02600142355712939,
                    -4.59295413608253,
                    0.06874701913042781
                ]
            ],
            "volume_eff": 27.880045526085873,
            "alpha_iso": 8.31780363761678,
            "c6_ii": 37.01301010705194,
            "c8_ii": 1708.8351542339547,
            "c10_ii": 75972.34251115703,
            "slater_b_init": 32.03785436141051
        },
        {
            "index": 3,
            "element": "O",
            "charge": -0.6925148271487469,
            "dipole": [
                0.04568963451773235,
                -0.016605213454785373,
                -0.0024958991042893673
            ],
            "quadrupole": [
                [
                    -4.55803811322047,
                    -4.683581963488033,
                    -0.08142217767650527
                ],
                [
                    -4.683581963488033,
                    -0.05618357879265089,
                    -4.658411722602661
                ],
                [
                    -0.08142217767650527,
                    -4.658411722602661,
                    -0.036376354525057976
                ]
            ],
            "volume_eff": 27.944131336468374,
            "alpha_iso": 8.33692316115631,
            "c6_ii": 37.183363840959615,
            "c8_ii": 1719.3298253433586,
            "c10_ii": 76556.0119493564,
            "slater_b_init": 32.01334422499689
        }
    ]
}