{
    "molecule": "FRAG_CC_eqO_OC",
    "atoms": [
        {
            "index": 0,
            "element": "C",
            "charge": -0.6690661063689447,
            "dipole": [
                -0.0290919898554671,
                0.005744823592824433,
                -8.590070901922503e-05
            ],
            "quadrupole": [
                [
                    -5.475613583352245,
                    -5.415994227176278,
                    0.009216855417630843
                ],
                [
                    -5.415994227176278,
                    0.017997207677182967,
                    -5.361598436899057
                ],
                [
                    0.009216855417630843,
                    -5.361598436899057,
                    -0.0025190986496357475
                ]
            ],
            "volume_eff": 40.89922583086545,
            "alpha_iso": 12.847924344774487,
            "c6_ii": 53.418214267761655,
            "c8_ii": 1619.589803653766,
            "c10_ii": 61522.66813726633,
            "slater_b_init": 34.21244688458146
        },
        {
            "index": 1,
            "element": "C",
            "charge": 0.8315757788981202,
            "dipole": [
                0.06869659566441545,
                0.008235372666092486,
                -0.0010656605348285963
            ],
            "quadrupole": [
                [
                    -3.1108751680468725,
                    -3.0946579016062565,
                    0.0314105480422239
                ],
                [
                    -3.0946579016062565,
                    0.04331485627327262,
                    -2.8631574607041745
                ],
                [
                    0.0314105480422239,
                    -2.8631574607041745,
                    -0.007448082906813742
                ]
            ],
            "volume_eff": 20.348798934435628,
            "alpha_iso": 6.392292858985014,
            "c6_ii": 13.223205642836358,
            "c8_ii": 251.72994575678416,
            "c10_ii": 6004.093851564461,
            "slater_b_init": 43.17604971583645
        },
        {
            "index": 2,
            "element": "O",
            "charge": -0.5839854184225324,
            "dipole": [
                0.027450819461694052,
                -0.1143153964945487,
                0.01481159192903768
            ],
            "quadrupole": [
                [
                    -4.4534677829582705,
                    -4.3923975793415355,
                    0.015067273964885308
                ],
                [
                    -4.3923975793415355,
                    0.002044477058372087,
                    -4.2675620723538
                ],
                [
                    0.015067273964885308,
                    -4.2675620723538,
                    -0.0013097921133996772
                ]
            ],
            "volume_eff": 25.560292394226447,
            "alpha_iso": 7.625722592752641,
            "c6_ii": 31.109933572059045,
            "c8_ii": 1355.4798743295398,
            "c10_ii": 56871.75724741818,
            "slater_b_init": 32.979138747807234
        },
        {
            "index": 3,
            "element": "O",
            "charge": -0.3814432533290457,
            "dipole": [
                0.09810697824518656,
                0.001503580121471787,
                0.0003604634539086623
            ],
            "quadrupole": [
                [
                    -3.986742755758891,
                    -4.077636599019804,
                    0.006815090162307196
                ],
                [
                    -4.077636599019804,
                    0.011957638299018672,
                    -4.03456647712374
                ],
                [
                    0.006815090162307196,
                    -4.03456647712374,
                    8.51667672596524e-05
                ]
            ],
            "volume_eff": 22.8605690899027,
            "alpha_iso": 6.820280280965447,
            "c6_ii": 24.885222240413142,
            "c8_ii": 1006.5059042425904,
            "c10_ii": 39201.32206664544,
            "slater_b_init": 34.229369785290494
        },
        {
            "index": 4,
            "element": "C",
            "charge": -0.11491842637973804,
            "dipole": [
                -0.16344156339810367,
                0.05204382336779862,
                -0.008923011758834176
            ],
            "quadrupole": [
                [
                    -4.419948229115196,
                    -4.569183863516685,
                    0.0030721466815518835
                ],
                [
                    -4.569183863516685,
                    -0.05914811530856007,
                    -4.551255316889011
                ],
                [
                    0.0030721466815518835,
                    -4.551255316889011,
                    0.009633711363860264
                ]
            ],
            "volume_eff": 33.09044923280264,
            "alpha_iso": 10.394905518157897,
            "c6_ii": 34.96749465336538,
            "c8_ii": 920.5313192642606,
            "c10_ii": 30361.7696340974,
            "slater_b_init": 36.71596475362791
        },
        {
            "index": 5,
            "element": "H",
            "charge": 0.19434392048192117,
            "dipole": [
                -0.005702287029259256,
                0.01575476444806221,
                -0.04046102379791866
            ],
            "quadrupole": [
                [
                    -0.43666309933779335,
                    -0.44305542401665193,
                    0.0032870190991951347
                ],
                [
                    -0.44305542401665193,
                    0.0003890069402171927,
                    -0.44349978691193215
                ],
                [
                    0.0032870190991951347,
                    -0.44349978691193215,
                    -0.0029271774791546495
                ]
            ],
            "volume_eff": 2.421173733215574,
            "alpha_iso": 0.772715021239013,
            "c6_ii": 0.19165803833652617,
            "c8_ii": 1.133196670445256,
            "c10_ii": 9.247486285677889,
            "slater_b_init": 71.96550505859824
        },
        {
            "index": 6,
            "element": "H",
            "charge": 0.19476227983015848,
            "dipole": [
                -0.00639301518727027,
                0.025899249660695074,
                0.034216947696128555
            ],
            "quadrupole": [
                [
                    -0.4363145993426012,
                    -0.4444990079051287,
                    -0.002797896877518151
                ],
                [
                    -0.4444990079051287,
                    0.0013467124445080618,
                    -0.44068231771088956
                ],
                [
                    -0.002797896877518151,
                    -0.44068231771088956,
                    0.002815463258449019
                ]
            ],
            "volume_eff": 2.4176182806190685,
            "alpha_iso": 0.7715803023252347,
            "c6_ii": 0.19109555847338042,
            "c8_ii": 1.1287645521071823,
            "c10_ii": 9.20229786302788,
            "slater_b_init": 72.00076629278685
        },
        {
            "index": 7,
            "element": "H",
            "charge": 0.19428297985584653,
            "dipole": [
                -0.022438714577615086,
                -0.03703265064038171,
                0.004946074712493505
            ],