{
    "molecule": "Phos_770",
    "atoms": [
        {
            "index": 0,
            "element": "N",
            "charge": -0.3716314579128053,
            "dipole": [
                0.0721976089300675,
                -0.07273678606526043,
                0.02892427031410988
            ],
            "quadrupole": [
                [
                    -4.635466040829692,
                    -4.604713741703782,
                    0.04924503026062503
                ],
                [
                    -4.604713741703782,
                    0.1929623149088179,
                    -4.484169660697857
                ],
                [
                    0.04924503026062503,
                    -4.484169660697857,
                    -0.07627308127350946
                ]
            ],
            "volume_eff": 29.788776273998486,
            "alpha_iso": 8.67861985935389,
            "c6_ii": 33.28535997897656,
            "c8_ii": 1162.5120106196061,
            "c10_ii": 44228.597530763385,
            "slater_b_init": 34.1373275096511
        },
        {
            "index": 1,
            "element": "C",
            "charge": 0.2936829961878935,
            "dipole": [
                -0.07144155230992258,
                0.03419937744884876,
                -0.010776333570961406
            ],
            "quadrupole": [
                [
                    -3.696838419591217,
                    -3.706889434505066,
                    0.05762196024007713
                ],
                [
                    -3.706889434505066,
                    0.1796010182414462,
                    -3.5750261563504857
                ],
                [
                    0.05762196024007713,
                    -3.5750261563504857,
                    -0.07133470543197318
                ]
            ],
            "volume_eff": 25.073027900946112,
            "alpha_iso": 7.8763438432291455,
            "c6_ii": 20.075795297872585,
            "c8_ii": 439.2545052773224,
            "c10_ii": 12041.321446195387,
            "slater_b_init": 40.273580064857725
        },
        {
            "index": 2,
            "element": "C",
            "charge": 0.005854352811494934,
            "dipole": [
                -0.12239711366016774,
                -0.11865892254061422,
                0.06724383693362616
            ],
            "quadrupole": [
                [
                    -4.219782505561445,
                    -4.248836132654044,
                    0.014466821474355872
                ],
                [
                    -4.248836132654044,
                    0.10493814310917049,
                    -4.217569835205805
                ],
                [
                    0.014466821474355872,
                    -4.217569835205805,
                    -0.04154154572403854
                ]
            ],
            "volume_eff": 30.177572620568117,
            "alpha_iso": 9.479865744681083,
            "c6_ii": 29.08223625994783,
            "c8_ii": 719.9841634546149,
            "c10_ii": 22332.253516084336,
            "slater_b_init": 37.861201981948014
        },
        {
            "index": 3,
            "element": "O",
            "charge": -0.5330516009303317,
            "dipole": [
                0.1696497923902814,
                -0.11559822228606781,
                0.0179665459858106
            ],
            "quadrupole": [
                [
                    -4.173758042847567,
                    -4.208536877752596,
                    0.022555479004056037
                ],
                [
                    -4.208536877752596,
                    0.027792495774026066,
                    -4.180251580495349
                ],
                [
                    0.022555479004056037,
                    -4.180251580495349,
                    -0.021584926186150395
                ]
            ],
            "volume_eff": 23.849320531987573,
            "alpha_iso": 7.1152668990460155,
            "c6_ii": 27.084415620599945,
            "c8_ii": 1126.8175129080962,
            "c10_ii": 45143.7144802566,
            "slater_b_init": 33.74964783797028
        },
        {
            "index": 4,
            "element": "P",
            "charge": 1.7319849315531677,
            "dipole": [
                0.00432274084732834,
                -0.04047763707718441,
                0.10713415302563399
            ],
            "quadrupole": [
                [
                    -6.271229410146858,
                    -6.2476593692630455,
                    -0.009903874160140302
                ],
                [
                    -6.2476593692630455,
                    0.009968825382010708,
                    -6.232879867064624
                ],
                [
                    -0.009903874160140302,
                    -6.232879867064624,
                    0.015366988247025285
                ]
            ],
            "volume_eff": 49.579260255434036,
            "alpha_iso": 19.068946252090015,
            "c6_ii": 107.63291450486894,
            "c8_ii": 3399.8717581936876,
            "c10_ii": 60820.06486112494,
            "slater_b_init": 36.11755791754357
        },
        {
            "index": 5,
            "element": "O",
            "charge": -0.8149136535787704,
            "dipole": [
                -0.00831934172661344,
                0.15971235691985425,
                -0.31312483184359247
            ],
            "quadrupole": [
                [
                    -4.679675504134613,
                    -4.674540011851795,
                    0.010864556409038429
                ],
                [
                    -4.674540011851795,
                    -0.0023689162509357995,
                    -4.706030359406467
                ],
                [
                    0.010864556409038429,
                    -4.706030359406467,
                    0.004181134426204398
                ]
            ],
            "volume_eff": 27.78590925021915,
            "alpha_iso": 8.289718781833336,
            "c6_ii": 36.7634850726109,
            "c8_ii": 1693.4921767790938,
            "c10_ii": 75120.6433612433,
            "slater_b_init": 32.073994079660096
        },
        {
            "index": 6,
            "element": "O",
            "charge": -0.47912838141096614,
            "dipole": [
                0.04782030170059885,
                0.07331902269319805,
                0.15721764974332147
            ],
            "quadrupole": [
                [
                    -4.0394453605779,
                    -4.037079366352566,
                    -0.02968912474086142
                ],
                [
                    -4.037079366352566,
                    0.0023558081314476193,
                    -4.085716111148318
                ],
                [
                    -0.02968912474086142,
                    -4.085716111148318,
                    -0.00736038581155363
                ]
            ],
            "volume_eff": 22.70044447389693,
            "alpha_iso": 6.772508296079747,
            "c6_ii": 24.53783094922209,
            "c8_ii": 987.8155432637872,
            "c10_ii": 38293.50549430197,
            "slater_b_init": 34.30966377451036
        },
        {
            "index": 7,
            "element": "C",
            "charge": 0.5994516362657318,
            "dipole": [
                0.17204293039766366,
                -0.1232654455064753,
                0.018913576998849792
            ],