{
    "molecule": "SL",
    "atoms": [
        {
            "index": 0,
            "element": "C",
            "charge": -0.1921820401728116,
            "dipole": [
                0.056664042164691515,
                0.0009324041508512862,
                0.046454733161178915
            ],
            "quadrupole": [
                [
                    -4.630511547299754,
                    -4.619105550794423,
                    0.0275293333933389
                ],
                [
                    -4.619105550794423,
                    0.0022898545309938947,
                    -4.616477007434235
                ],
                [
                    0.0275293333933389,
                    -4.616477007434235,
                    -0.06267721081232903
                ]
            ],
            "volume_eff": 34.025190399181376,
            "alpha_iso": 10.688541486653834,
            "c6_ii": 36.9709252126075,
            "c8_ii": 991.5157982185988,
            "c10_ii": 33316.04326439915,
            "slater_b_init": 36.37661725902532
        },
        {
            "index": 1,
            "element": "C",
            "charge": -0.1747028072088126,
            "dipole": [
                0.06892943391061955,
                0.028154250346259988,
                -0.01724265981618941
            ],
            "quadrupole": [
                [
                    -4.610912944459065,
                    -4.596549944145892,
                    0.03939706759344928
                ],
                [
                    -4.596549944145892,
                    -0.03495694106959089,
                    -4.537619970810617
                ],
                [
                    0.03939706759344928,
                    -4.537619970810617,
                    0.02004708127263199
                ]
            ],
            "volume_eff": 33.633833497778156,
            "alpha_iso": 10.565602145898897,
            "c6_ii": 36.12533895606062,
            "c8_ii": 961.3948406327586,
            "c10_ii": 32055.761877684916,
            "slater_b_init": 36.51716400619374
        },
        {
            "index": 2,
            "element": "C",
            "charge": -0.5019506650008161,
            "dipole": [
                -0.08767978536190317,
                -0.04529822165470263,
                -0.012631990058739969
            ],
            "quadrupole": [
                [
                    -5.143521348608473,
                    -5.196511298341022,
                    -0.041687204020626485
                ],
                [
                    -5.196511298341022,
                    -0.019108025347415684,
                    -5.104310406009799
                ],
                [
                    -0.041687204020626485,
                    -5.104310406009799,
                    0.0008987016447473634
                ]
            ],
            "volume_eff": 38.612243086979994,
            "alpha_iso": 12.129500446171726,
            "c6_ii": 47.61121387523258,
            "c8_ii": 1389.200353590135,
            "c10_ii": 50784.94376457063,
            "slater_b_init": 34.8749950600341
        },
        {
            "index": 3,
            "element": "S",
            "charge": 1.280203083821224,
            "dipole": [
                0.12271151494677017,
                0.03135287839367418,
                0.02866463599991319
            ],
            "quadrupole": [
                [
                    -7.366079295542769,
                    -7.382314359120433,
                    0.011605691175206321
                ],
                [
                    -7.382314359120433,
                    -0.007088477787102403,
                    -7.425296542365131
                ],
                [
                    0.011605691175206321,
                    -7.425296542365131,
                    0.015161774519973035
                ]
            ],
            "volume_eff": 56.085188550440876,
            "alpha_iso": 14.617948079636186,
            "c6_ii": 74.53589757366164,
            "c8_ii": 1829.816647358424,
            "c10_ii": 45145.63072698322,
            "slater_b_init": 37.49172899868938
        },
        {
            "index": 4,
            "element": "O",
            "charge": -0.6289385771492917,
            "dipole": [
                0.1249135006336256,
                0.05273664767237227,
                -0.13101231505789332
            ],
            "quadrupole": [
                [
                    -4.3802084725998744,
                    -4.3716061603670795,
                    -0.0010194105769361433
                ],
                [
                    -4.3716061603670795,
                    -0.008376237904978184,
                    -4.368938277736171
                ],
                [
                    -0.0010194105769361433,
                    -4.368938277736171,
                    0.02387545531623114
                ]
            ],
            "volume_eff": 25.338260440422797,
            "alpha_iso": 7.5594810153747565,
            "c6_ii": 30.571802135125417,
            "c8_ii": 1324.3080393706641,
            "c10_ii": 55241.641446250054,
            "slater_b_init": 33.075187672765736
        },
        {
            "index": 5,
            "element": "O",
            "charge": -0.6294326823948673,
            "dipole": [
                0.06453925665321238,
                -0.008476480606254276,
                0.1781842055091718
            ],
            "quadrupole": [
                [
                    -4.369018147045783,
                    -4.36386076480017,
                    -0.006471394013928886
                ],
                [
                    -4.36386076480017,
                    0.010449846873898787,
                    -4.391650435446388
                ],
                [
                    -0.006471394013928886,
                    -4.391650435446388,
                    -0.02113596891734421
                ]
            ],
            "volume_eff": 25.350308456420674,
            "alpha_iso": 7.5630754510868305,
            "c6_ii": 30.600882042173637,
            "c8_ii": 1325.9878818376121,
            "c10_ii": 55329.24565314255,
            "slater_b_init": 33.06994705887513
        },
        {
            "index": 6,
            "element": "C",
            "charge": -0.4847586467863536,
            "dipole": [
                -0.08783948729423129,
                -0.004082814423640996,
                -0.03469564246842992
            ],
            "quadrupole": [
                [
                    -5.119729719835505,
                    -5.115277425962838,
                    -0.02465815413224316
                ],
                [
                    -5.115277425962838,
                    0.028389389289166712,
                    -5.0643602569933766
                ],
                [
                    -0.02465815413224316,
                    -5.0643602569933766,
                    -0.016665107584497598
                ]
            ],
            "volume_eff": 38.106992674639834,
            "alpha_iso": 11.970783039153872,
            "c6_ii": 46.3733578485071,
            "c8_ii": 1341.2526860971254,
            "c10_ii": 48603.45308922549,
            "slater_b_init": 35.02845157269154
        },
        {
            "index": 7,
            "element": "H",
            "charge": 0.13239240855761847,
            "dipole": [
                0.019375413587024975,
                -0.00039049951283949303,
                -0.04876151056240687
            ],