{
    "molecule": "HFDEC",
    "atoms": [
        {
            "index": 0,
            "element": "F",
            "charge": -0.2527731295351714,
            "dipole": [
                -0.0077309554791125746,
                -0.04512950987979314,
                -0.022390445544480483
            ],
            "quadrupole": [
                [
                    -3.5848089573525814,
                    -3.5055686984646646,
                    0.003924275632215294
                ],
                [
                    -3.5055686984646646,
                    0.005907628027901705,
                    -3.6054370969034926
                ],
                [
                    0.003924275632215294,
                    -3.6054370969034926,
                    -0.00012960350014961394
                ]
            ],
            "volume_eff": 18.026706068259223,
            "alpha_iso": 5.661279591684714,
            "c6_ii": 21.08558329949069,
            "c8_ii": 926.4727797715134,
            "c10_ii": 37766.20595255121,
            "slater_b_init": 33.271567418640664
        },
        {
            "index": 1,
            "element": "C",
            "charge": 0.7061958522925798,
            "dipole": [
                -0.012022486724386936,
                -0.02706326497116144,
                -0.17271190820662752
            ],
            "quadrupole": [
                [
                    -3.3544936289733776,
                    -3.319419415765272,
                    -0.024666037388425145
                ],
                [
                    -3.319419415765272,
                    0.0022671198135983464,
                    -3.3911514343316482
                ],
                [
                    -0.024666037388425145,
                    -3.3911514343316482,
                    0.00032262952741228605
                ]
            ],
            "volume_eff": 23.560747918780326,
            "alpha_iso": 7.401282068726804,
            "c6_ii": 17.727085373305087,
            "c8_ii": 372.10798929726593,
            "c10_ii": 9786.2231076659,
            "slater_b_init": 41.11744698069132
        },
        {
            "index": 2,
            "element": "F",
            "charge": -0.25149393339262005,
            "dipole": [
                0.023866352578547734,
                0.011048104257967086,
                -0.04285294742291683
            ],
            "quadrupole": [
                [
                    -3.5150040664554574,
                    -3.5835015497864866,
                    -0.017171799536106716
                ],
                [
                    -3.5835015497864866,
                    0.01565198883525598,
                    -3.5931478871953417
                ],
                [
                    -0.017171799536106716,
                    -3.5931478871953417,
                    -0.029611583172466562
                ]
            ],
            "volume_eff": 18.014531843873616,
            "alpha_iso": 5.657456281547086,
            "c6_ii": 21.057112880010912,
            "c8_ii": 924.8052182177732,
            "c10_ii": 37681.25567271079,
            "slater_b_init": 33.27906070831055
        },
        {
            "index": 3,
            "element": "O",
            "charge": -0.4656041507869837,
            "dipole": [
                0.024614471696360864,
                0.023816712805455772,
                -0.07738213131834829
            ],
            "quadrupole": [
                [
                    -4.060753808406294,
                    -4.088693434348224,
                    0.013127827923222658
                ],
                [
                    -4.088693434348224,
                    -0.016945723514003433,
                    -4.136422394270633
                ],
                [
                    0.013127827923222658,
                    -4.136422394270633,
                    0.000274345792020257
                ]
            ],
            "volume_eff": 23.24383964141186,
            "alpha_iso": 6.934626191360444,
            "c6_ii": 25.726647135009436,
            "c8_ii": 1052.1360024886353,
            "c10_ii": 41435.268509598594,
            "slater_b_init": 34.04018869359055
        },
        {
            "index": 4,
            "element": "C",
            "charge": 1.009577953531135,
            "dipole": [
                -0.00017982425389114097,
                0.0221261836746623,
                -0.06775956572893502
            ],
            "quadrupole": [
                [
                    -2.872749066761674,
                    -2.746362358047235,
                    0.05825623197140629
                ],
                [
                    -2.746362358047235,
                    0.03603800945793368,
                    -2.841382218464052
                ],
                [
                    0.05825623197140629,
                    -2.841382218464052,
                    0.01789427203770514
                ]
            ],
            "volume_eff": 18.86352005540212,
            "alpha_iso": 5.9257131064090425,
            "c6_ii": 11.363305091577807,
            "c8_ii": 205.66423245226525,
            "c10_ii": 4663.66482935961,
            "slater_b_init": 44.28074502381814
        },
        {
            "index": 5,
            "element": "O",
            "charge": -0.6302028087908162,
            "dipole": [
                -0.005718837895134892,
                -0.10214738307445141,
                0.1666059860190198
            ],
            "quadrupole": [
                [
                    -4.457362705262226,
                    -4.342831917566262,
                    0.03613547456169307
                ],
                [
                    -4.342831917566262,
                    0.03015392882566362,
                    -4.405595148635632
                ],
                [
                    0.03613547456169307,
                    -4.405595148635632,
                    0.015025400467920226
                ]
            ],
            "volume_eff": 25.697723036813226,
            "alpha_iso": 7.666723999933228,
            "c6_ii": 31.44537199938181,
            "c8_ii": 1375.001835027192,
            "c10_ii": 57897.44549101684,
            "slater_b_init": 32.92024315450385
        },
        {
            "index": 6,
            "element": "O",
            "charge": -0.46650274410011683,
            "dipole": [
                -0.030970353134486518,
                0.03506065069709816,
                -0.07079451526873419
            ],
            "quadrupole": [
                [
                    -4.05590591762032,
                    -4.099063708124066,
                    0.01273239920250747
                ],
                [
                    -4.099063708124066,
                    0.004738456607952364,
                    -4.1338744066712465
                ],
                [
                    0.01273239920250747,
                    -4.1338744066712465,
                    -0.015254174731135411
                ]
            ],
            "volume_eff": 23.253738554359963,
            "alpha_iso": 6.937579458206839,
            "c6_ii": 25.7485643459315,
            "c8_ii": 1053.3312954555352,
            "c10_ii": 41494.1182165079,
            "slater_b_init": 34.03535780458602
        },
        {
            "index": 7,
            "element": "C",
            "charge": 0.7141891157254152,
            "dipole": [
                -0.031496021830538186,
                -0.023166703658960786,
                -0.17021769136042855
            ],