{
    "molecule": "SN",
    "atoms": [
        {
            "index": 0,
            "element": "N",
            "charge": -0.4262201619328323,
            "dipole": [
                0.07234800542094898,
                -0.09222491030082755,
                -0.0054564015300817715
            ],
            "quadrupole": [
                [
                    -4.703565533876072,
                    -4.769195908358103,
                    0.0003115246422961771
                ],
                [
                    -4.769195908358103,
                    0.18615879802536917,
                    -4.554090751931568
                ],
                [
                    0.0003115246422961771,
                    -4.554090751931568,
                    -0.007280885540037847
                ]
            ],
            "volume_eff": 30.700907698105585,
            "alpha_iso": 8.944358935668557,
            "c6_ii": 35.35496117304218,
            "c8_ii": 1259.8734497570576,
            "c10_ii": 48906.323065861245,
            "slater_b_init": 33.79584692307052
        },
        {
            "index": 1,
            "element": "C",
            "charge": 0.35383204907413024,
            "dipole": [
                -0.06530600733180132,
                0.05450077572591193,
                -0.0009527339880798462
            ],
            "quadrupole": [
                [
                    -3.6084384692573304,
                    -3.691442823629523,
                    0.000934073612825381
                ],
                [
                    -3.691442823629523,
                    0.1532439994686436,
                    -3.500050462224899
                ],
                [
                    0.000934073612825381,
                    -3.500050462224899,
                    -0.0113333022738984
                ]
            ],
            "volume_eff": 24.740616318738343,
            "alpha_iso": 7.771921356671729,
            "c6_ii": 19.54700478723556,
            "c8_ii": 423.8961824041042,
            "c10_ii": 11517.368200585242,
            "slater_b_init": 40.45314836058791
        },
        {
            "index": 2,
            "element": "C",
            "charge": -0.28609179426405706,
            "dipole": [
                -0.040674365646977434,
                -0.04844935429474637,
                0.04060030850728128
            ],
            "quadrupole": [
                [
                    -4.697613365208852,
                    -4.704292631754467,
                    0.02644287699557131
                ],
                [
                    -4.704292631754467,
                    0.002861195844837623,
                    -4.689229939542341
                ],
                [
                    0.02644287699557131,
                    -4.689229939542341,
                    0.03046368417460186
                ]
            ],
            "volume_eff": 34.266593804097496,
            "alpha_iso": 10.764375016993977,
            "c6_ii": 37.497392076403884,
            "c8_ii": 1010.3859489287968,
            "c10_ii": 34110.49265458551,
            "slater_b_init": 36.29099313050364
        },
        {
            "index": 3,
            "element": "C",
            "charge": -0.2895666923594682,
            "dipole": [
                0.04032168063255151,
                -0.018085994962506333,
                -0.05893445490732206
            ],
            "quadrupole": [
                [
                    -4.7083718174974925,
                    -4.682966998095569,
                    -0.01837909344659495
                ],
                [
                    -4.682966998095569,
                    -0.021261000180300076,
                    -4.727092868504892
                ],
                [
                    -0.01837909344659495,
                    -4.727092868504892,
                    0.024267833712358564
                ]
            ],
            "volume_eff": 34.358658832766075,
            "alpha_iso": 10.793295968408191,
            "c6_ii": 37.69915336356384,
            "c8_ii": 1017.6411865046131,
            "c10_ii": 34416.936771611254,
            "slater_b_init": 36.258549877414644
        },
        {
            "index": 4,
            "element": "C",
            "charge": 0.35354336359609384,
            "dipole": [
                0.06581350758919174,
                0.04703226730183,
                0.03239329301006133
            ],
            "quadrupole": [
                [
                    -3.602174429969471,
                    -3.6335839153156826,
                    -0.09293354288673879
                ],
                [
                    -3.6335839153156826,
                    -0.12036372481173727,
                    -3.5628964300477266
                ],
                [
                    -0.09293354288673879,
                    -3.5628964300477266,
                    -0.09559569526038719
                ]
            ],
            "volume_eff": 24.72901368664139,
            "alpha_iso": 7.768276550777399,
            "c6_ii": 19.528675128695024,
            "c8_ii": 423.3662694903287,
            "c10_ii": 11499.37367623257,
            "slater_b_init": 40.45947412318797
        },
        {
            "index": 5,
            "element": "N",
            "charge": -0.4262511850004129,
            "dipole": [
                -0.07021363865345438,
                -0.08072886411079541,
                -0.04843389804425591
            ],
            "quadrupole": [
                [
                    -4.696260296113369,
                    -4.705786085338757,
                    -0.10338055473990915
                ],
                [
                    -4.705786085338757,
                    -0.1493262814801485,
                    -4.624380695542127
                ],
                [
                    -0.10338055473990915,
                    -4.624380695542127,
                    -0.1091900677803228
                ]
            ],
            "volume_eff": 30.697916360577075,
            "alpha_iso": 8.943487443632693,
            "c6_ii": 35.34807189986957,
            "c8_ii": 1259.5461282092274,
            "c10_ii": 48890.440941489076,
            "slater_b_init": 33.79694462516963
        },
        {
            "index": 6,
            "element": "H",
            "charge": 0.18615695732128212,
            "dipole": [
                -0.021912118168036294,
                0.007326673603734431,
                -0.04995093608454952
            ],
            "quadrupole": [
                [
                    -0.42876439205478367,
                    -0.43653552533912127,
                    0.0016465307580029065
                ],
                [
                    -0.43653552533912127,
                    -0.002850810637852985,
                    -0.43782493596059524
                ],
                [
                    0.0016465307580029065,
                    -0.43782493596059524,
                    -0.005362904755725325
                ]
            ],
            "volume_eff": 2.3451669187485096,
            "alpha_iso": 0.7484575272601626,
            "c6_ii": 0.1798136471965719,
            "c8_ii": 1.0407971751816771,
            "c10_ii": 8.314759934714091,
            "slater_b_init": 72.73472074618117
        },
        {
            "index": 7,
            "element": "H",
            "charge": 0.17674604939066096,
            "dipole": [
                0.02394167341905007,
                0.04194103118120485,
                0.025144682916822512
            ],