{
    "molecule": "PEO",
    "atoms": [
        {
            "index": 0,
            "element": "C",
            "charge": -0.5017191220443298,
            "dipole": [
                0.05049877854477974,
                -0.005351351511523635,
                0.00633075870536036
            ],
            "quadrupole": [
                [
                    -5.253027489895565,
                    -5.189520992711475,
                    -0.0021056158779982842
                ],
                [
                    -5.189520992711475,
                    -0.014884365077287574,
                    -5.197229528896744
                ],
                [
                    -0.0021056158779982842,
                    -5.197229528896744,
                    -0.042471268698198554
                ]
            ],
            "volume_eff": 39.548899067430334,
            "alpha_iso": 12.423737926941463,
            "c6_ii": 49.94913684724506,
            "c8_ii": 1480.8913506214524,
            "c10_ii": 55008.88791186099,
            "slater_b_init": 34.597471945766856
        },
        {
            "index": 1,
            "element": "C",
            "charge": 0.11512154998245538,
            "dipole": [
                0.026190581181549346,
                -0.05809988479210341,
                -0.12504892515505345
            ],
            "quadrupole": [
                [
                    -4.189273551081365,
                    -4.127406149303492,
                    -0.010022234366540294
                ],
                [
                    -4.127406149303492,
                    -0.019218514263325916,
                    -4.170704331755976
                ],
                [
                    -0.010022234366540294,
                    -4.170704331755976,
                    -0.0852390955854864
                ]
            ],
            "volume_eff": 30.245173662149053,
            "alpha_iso": 9.501101673973524,
            "c6_ii": 29.212676935374336,
            "c8_ii": 724.2931102267834,
            "c10_ii": 22499.445340323786,
            "slater_b_init": 37.83297305996616
        },
        {
            "index": 2,
            "element": "O",
            "charge": -0.35159272601447,
            "dipole": [
                0.022553027996190245,
                0.03419038874521759,
                0.0725638793906439
            ],
            "quadrupole": [
                [
                    -3.932028384194805,
                    -4.083106917992738,
                    0.01407786418657743
                ],
                [
                    -4.083106917992738,
                    -0.030814255600919622,
                    -4.086527601922654
                ],
                [
                    0.01407786418657743,
                    -4.086527601922654,
                    -0.034086352824279686
                ]
            ],
            "volume_eff": 22.99086558860717,
            "alpha_iso": 6.8591532695292114,
            "c6_ii": 25.16970314706224,
            "c8_ii": 1021.876519199323,
            "c10_ii": 39951.06217233728,
            "slater_b_init": 34.164584360052935
        },
        {
            "index": 3,
            "element": "C",
            "charge": -0.03677265053144296,
            "dipole": [
                -0.13292727391545223,
                0.015005382006614242,
                -0.044829608893009854
            ],
            "quadrupole": [
                [
                    -4.414180664093845,
                    -4.54347384914136,
                    0.0327665977043201
                ],
                [
                    -4.54347384914136,
                    0.0011196708810032694,
                    -4.4405009933994775
                ],
                [
                    0.0327665977043201,
                    -4.4405009933994775,
                    0.034715984257163955
                ]
            ],
            "volume_eff": 33.15996233285378,
            "alpha_iso": 10.416742094090191,
            "c6_ii": 35.11456138078637,
            "c8_ii": 925.6970439174993,
            "c10_ii": 30574.89438332516,
            "slater_b_init": 36.6902909606066
        },
        {
            "index": 4,
            "element": "C",
            "charge": 0.01911371318176336,
            "dipole": [
                0.136373591001725,
                -0.011894659845473993,
                0.059410382122000845
            ],
            "quadrupole": [
                [
                    -4.271596694112707,
                    -4.447755183484105,
                    0.02603790898086579
                ],
                [
                    -4.447755183484105,
                    0.01821854607694599,
                    -4.304961633439527
                ],
                [
                    0.02603790898086579,
                    -4.304961633439527,
                    0.06060487856382585
                ]
            ],
            "volume_eff": 31.917208077418433,
            "alpha_iso": 10.02634808714715,
            "c6_ii": 32.531866444112445,
            "c8_ii": 836.0479516104889,
            "c10_ii": 26919.553571181794,
            "slater_b_init": 37.1604416583156
        },
        {
            "index": 5,
            "element": "O",
            "charge": -0.6106675863431477,
            "dipole": [
                -0.109123702420619,
                0.048443292845126926,
                0.051250557648117145
            ],
            "quadrupole": [
                [
                    -4.349520255938322,
                    -4.477884021478026,
                    0.07075986526559462
                ],
                [
                    -4.477884021478026,
                    -0.045390908675105784,
                    -4.438043685675072
                ],
                [
                    0.07075986526559462,
                    -4.438043685675072,
                    -0.029585661424209427
                ]
            ],
            "volume_eff": 26.040726914167504,
            "alpha_iso": 7.769056648425664,
            "c6_ii": 32.29041710632967,
            "c8_ii": 1424.489225416038,
            "c10_ii": 60513.777787106206,
            "slater_b_init": 32.775063966088275
        },
        {
            "index": 6,
            "element": "H",
            "charge": 0.1524377745737273,
            "dipole": [
                -0.0026165596737935722,
                -0.04423268490279543,
                -0.009388092578596201
            ],
            "quadrupole": [
                [
                    -0.47615772050455496,
                    -0.48810496997700104,
                    -0.003189999610882506
                ],
                [
                    -0.48810496997700104,
                    -0.004998503363127117,
                    -0.48250749591734177
                ],
                [
                    -0.003189999610882506,
                    -0.48250749591734177,
                    0.0030264509796675094
                ]
            ],
            "volume_eff": 2.7104128062700235,
            "alpha_iso": 0.865025363703199,
            "c6_ii": 0.2401850725443969,
            "c8_ii": 1.5310777841446346,
            "c10_ii": 13.4706531041262,
            "slater_b_init": 69.30872058636618
        },
        {
            "index": 7,
            "element": "H",
            "charge": 0.15168043288536381,
            "dipole": [
                0.005960119334829115,
                0.021661668626494872,
                -0.03955395416060269
            ],