{
    "molecule": "DME",
    "atoms": [
        {
            "index": 0,
            "element": "C",
            "charge": -0.09187197601740316,
            "dipole": [
                -0.14022603555659835,
                -0.05998474033618304,
                0.04566512282999074
            ],
            "quadrupole": [
                [
                    -4.469598000853162,
                    -4.53948776264282,
                    0.0027550074593609007
                ],
                [
                    -4.53948776264282,
                    0.04333281871713149,
                    -4.556229892443696
                ],
                [
                    0.0027550074593609007,
                    -4.556229892443696,
                    -0.035713851970726164
                ]
            ],
            "volume_eff": 33.44471232798107,
            "alpha_iso": 10.506192354339603,
            "c6_ii": 35.720219616982575,
            "c8_ii": 947.0466526853144,
            "c10_ii": 31458.86764063884,
            "slater_b_init": 36.585866366051306
        },
        {
            "index": 1,
            "element": "O",
            "charge": -0.3497875398311052,
            "dipole": [
                0.017829959010568754,
                0.05584661447203455,
                -0.06930097968690192
            ],
            "quadrupole": [
                [
                    -3.932234007816627,
                    -4.098885115216852,
                    -0.002957988170463796
                ],
                [
                    -4.098885115216852,
                    0.002844890444343744,
                    -4.0902919959942725
                ],
                [
                    -0.002957988170463796,
                    -4.0902919959942725,
                    0.03638178591672588
                ]
            ],
            "volume_eff": 23.05514998761331,
            "alpha_iso": 6.878332040503418,
            "c6_ii": 25.31065315112785,
            "c8_ii": 1029.5136249550899,
            "c10_ii": 40324.633470911744,
            "slater_b_init": 34.13280123421548
        },
        {
            "index": 2,
            "element": "C",
            "charge": 0.019252949829200006,
            "dipole": [
                0.0671085208150004,
                -0.0574258307219961,
                0.09469005947119809
            ],
            "quadrupole": [
                [
                    -4.3223987221938485,
                    -4.339374136434944,
                    0.023069876871817736
                ],
                [
                    -4.339374136434944,
                    -0.06251387658639157,
                    -4.324240147410829
                ],
                [
                    0.023069876871817736,
                    -4.324240147410829,
                    0.07955065551082778
                ]
            ],
            "volume_eff": 31.804550838991,
            "alpha_iso": 9.990958378740626,
            "c6_ii": 32.302618184575714,
            "c8_ii": 828.2018158566773,
            "c10_ii": 26604.131901674402,
            "slater_b_init": 37.20426619865531
        },
        {
            "index": 3,
            "element": "C",
            "charge": 0.0192524319050289,
            "dipole": [
                -0.06711433852970838,
                0.05743653332387872,
                -0.09468055419659377
            ],
            "quadrupole": [
                [
                    -4.322385335165666,
                    -4.339381760038567,
                    0.023070015514707595
                ],
                [
                    -4.339381760038567,
                    -0.0625201531005572,
                    -4.324239952767747
                ],
                [
                    0.023070015514707595,
                    -4.324239952767747,
                    0.07954263080062589
                ]
            ],
            "volume_eff": 31.804506609705957,
            "alpha_iso": 9.990944484724384,
            "c6_ii": 32.30252834078443,
            "c8_ii": 828.1987445367337,
            "c10_ii": 26604.008577622448,
            "slater_b_init": 37.204283444820575
        },
        {
            "index": 4,
            "element": "O",
            "charge": -0.349778578373364,
            "dipole": [
                -0.017827568637919178,
                -0.05584414924684952,
                0.0693094541779071
            ],
            "quadrupole": [
                [
                    -3.9321972259843143,
                    -4.09887676329605,
                    -0.0029661261498638747
                ],
                [
                    -4.09887676329605,
                    0.0028085458886204233,
                    -4.0902841840074355
                ],
                [
                    -0.0029661261498638747,
                    -4.0902841840074355,
                    0.03636660165051581
                ]
            ],
            "volume_eff": 23.054993664585016,
            "alpha_iso": 6.878285402693872,
            "c6_ii": 25.310309919829248,
            "c8_ii": 1029.4950103689619,
            "c10_ii": 40323.72208828392,
            "slater_b_init": 34.1328783791914
        },
        {
            "index": 5,
            "element": "C",
            "charge": -0.09189660513785292,
            "dipole": [
                0.14022377011699008,
                0.0599530613129779,
                -0.045690272642806916
            ],
            "quadrupole": [
                [
                    -4.4696694512174675,
                    -4.539560344063014,
                    0.002754504273456576
                ],
                [
                    -4.539560344063014,
                    0.043315715979898736,
                    -4.5562754187454075
                ],
                [
                    0.002754504273456576,
                    -4.5562754187454075,
                    -0.035738966168062956
                ]
            ],
            "volume_eff": 33.44535469811052,
            "alpha_iso": 10.506394146003304,
            "c6_ii": 35.7215917814211,
            "c8_ii": 947.095159742744,
            "c10_ii": 31460.881779626605,
            "slater_b_init": 36.58563213503588
        },
        {
            "index": 6,
            "element": "H",
            "charge": 0.07773478877924234,
            "dipole": [
                0.008499893756933236,
                -0.025730576172448224,
                -0.05164663621858059
            ],
            "quadrupole": [
                [
                    -0.5408227538872634,
                    -0.5557190203773359,
                    -0.0010624061964962935
                ],
                [
                    -0.5557190203773359,
                    0.01135210964563122,
                    -0.5707900317795677
                ],
                [
                    -0.0010624061964962935,
                    -0.5707900317795677,
                    -0.0026523346553180742
                ]
            ],
            "volume_eff": 3.2344318551110858,
            "alpha_iso": 1.0322654856737508,
            "c6_ii": 0.34203546735487506,
            "c8_ii": 2.4529993222831767,
            "c10_ii": 24.280849044414786,
            "slater_b_init": 65.3431941818088
        },
        {
            "index": 7,
            "element": "H",
            "charge": 0.10996842680121699,
            "dipole": [
                0.03248943048996784,
                -0.026540238827842958,
                0.04349594951970092
            ],