{
    "molecule": "TMP",
    "atoms": [
        {
            "index": 0,
            "element": "C",
            "charge": -0.06593581028456086,
            "dipole": [
                0.1786545069588664,
                -0.016643919372407667,
                -0.06326471377484037
            ],
            "quadrupole": [
                [
                    -4.329981516935374,
                    -4.4715768734458115,
                    -0.004405126751973176
                ],
                [
                    -4.4715768734458115,
                    -0.04340656676006168,
                    -4.425174709805569
                ],
                [
                    -0.004405126751973176,
                    -4.425174709805569,
                    -0.048121023209474985
                ]
            ],
            "volume_eff": 32.06116336142779,
            "alpha_iso": 10.071569642333337,
            "c6_ii": 32.82598334592544,
            "c8_ii": 846.1412596177603,
            "c10_ii": 27326.40245804186,
            "slater_b_init": 37.10474115994717
        },
        {
            "index": 1,
            "element": "O",
            "charge": -0.5582595386464799,
            "dipole": [
                -0.12773217622825522,
                -0.15632399721595272,
                -0.016305348364100157
            ],
            "quadrupole": [
                [
                    -4.216658414626453,
                    -4.281882890711232,
                    -0.02447542474220481
                ],
                [
                    -4.281882890711232,
                    -0.011799356764731473,
                    -4.231576746919227
                ],
                [
                    -0.02447542474220481,
                    -4.231576746919227,
                    -0.007787012554283439
                ]
            ],
            "volume_eff": 24.340189029310544,
            "alpha_iso": 7.26171385404845,
            "c6_ii": 28.21079610185306,
            "c8_ii": 1189.7291011665968,
            "c10_ii": 48315.93754411955,
            "slater_b_init": 33.52122904040944
        },
        {
            "index": 2,
            "element": "P",
            "charge": 1.7752559997557427,
            "dipole": [
                0.008469489750584895,
                -0.027089737455900965,
                -0.0766859869641351
            ],
            "quadrupole": [
                [
                    -6.20185941778412,
                    -6.18765694903358,
                    -0.015285011994696632
                ],
                [
                    -6.18765694903358,
                    -3.068846516675515e-05,
                    -6.2258298193514925
                ],
                [
                    -0.015285011994696632,
                    -6.2258298193514925,
                    -0.0024332999054542917
                ]
            ],
            "volume_eff": 49.51220022071025,
            "alpha_iso": 19.043153931042404,
            "c6_ii": 107.3419466458472,
            "c8_ii": 3387.622625060973,
            "c10_ii": 60546.283483390485,
            "slater_b_init": 36.13385660766653
        },
        {
            "index": 3,
            "element": "O",
            "charge": -0.8680559351377646,
            "dipole": [
                -0.01869857630751787,
                0.11823155990030225,
                0.3007718159120774
            ],
            "quadrupole": [
                [
                    -4.7784173692834795,
                    -4.782447155044812,
                    -0.012281927647126841
                ],
                [
                    -4.782447155044812,
                    7.781876248397405e-05,
                    -4.811200520958036
                ],
                [
                    -0.012281927647126841,
                    -4.811200520958036,
                    0.0003422949011993718
                ]
            ],
            "volume_eff": 28.707086811176055,
            "alpha_iso": 8.564545236483465,
            "c6_ii": 39.241508493869574,
            "c8_ii": 1847.3756736260016,
            "c10_ii": 83747.97812862926,
            "slater_b_init": 31.727185038389326
        },
        {
            "index": 4,
            "element": "O",
            "charge": -0.5601895957763254,
            "dipole": [
                0.1895054764230775,
                -0.059149813648806164,
                -0.03614396857183132
            ],
            "quadrupole": [
                [
                    -4.267089042074291,
                    -4.2289407650564215,
                    -0.0024020702350965608
                ],
                [
                    -4.2289407650564215,
                    0.00764855588493857,
                    -4.253042324888926
                ],
                [
                    -0.0024020702350965608,
                    -4.253042324888926,
                    0.03685798815215136
                ]
            ],
            "volume_eff": 24.402206786629193,
            "alpha_iso": 7.280216389381085,
            "c6_ii": 28.35473904488759,
            "c8_ii": 1197.8299514774649,
            "c10_ii": 48727.515210999176,
            "slater_b_init": 33.49280708758646
        },
        {
            "index": 5,
            "element": "C",
            "charge": -0.07182880925326529,
            "dipole": [
                -0.08688270678249958,
                0.10577163818030079,
                -0.12700259452523197
            ],
            "quadrupole": [
                [
                    -4.473151244601891,
                    -4.406775217352209,
                    -0.05962723003335534
                ],
                [
                    -4.406775217352209,
                    -0.01681821624523378,
                    -4.390519616729471
                ],
                [
                    -0.05962723003335534,
                    -4.390519616729471,
                    0.05337764540769816
                ]
            ],
            "volume_eff": 32.19965132475957,
            "alpha_iso": 10.115073714584158,
            "c6_ii": 33.1101790091567,
            "c8_ii": 855.9227790201431,
            "c10_ii": 27721.843033992103,
            "slater_b_init": 37.05146993587022
        },
        {
            "index": 6,
            "element": "O",
            "charge": -0.5570845694846298,
            "dipole": [
                -0.05064927019954095,
                0.14664572597887104,
                -0.12998442929154355
            ],
            "quadrupole": [
                [
                    -4.235285985052388,
                    -4.218348985860624,
                    0.015291857958874167
                ],
                [
                    -4.218348985860624,
                    0.005579188109422563,
                    -4.270038265552676
                ],
                [
                    0.015291857958874167,
                    -4.270038265552676,
                    -0.02599577698909946
                ]
            ],
            "volume_eff": 24.31806249337979,
            "alpha_iso": 7.255112567085684,
            "c6_ii": 28.159529164366255,
            "c8_ii": 1186.8472122155592,
            "c10_ii": 48169.68683432728,
            "slater_b_init": 33.53139273165989
        },
        {
            "index": 7,
            "element": "C",
            "charge": -0.07511456781665071,
            "dipole": [
                -0.07545183874558191,
                -0.1698093444413965,
                -0.01884194320712537
            ],