{
    "molecule": "EC",
    "atoms": [
        {
            "index": 0,
            "element": "O",
            "charge": -0.6037955731632287,
            "dipole": [
                0.166357303924673,
                -0.025385636581828068,
                0.023127761440412824
            ],
            "quadrupole": [
                [
                    -4.386478273453983,
                    -4.4362756348165755,
                    -0.04831551687935111
                ],
                [
                    -4.4362756348165755,
                    -0.0003701827534101263,
                    -4.328873971991752
                ],
                [
                    -0.04831551687935111,
                    -4.328873971991752,
                    -0.014298684549372132
                ]
            ],
            "volume_eff": 25.622179496065794,
            "alpha_iso": 7.644186147997529,
            "c6_ii": 31.260763960826534,
            "c8_ii": 1364.2493169369131,
            "c10_ii": 57332.05206381708,
            "slater_b_init": 32.95256504211092
        },
        {
            "index": 1,
            "element": "C",
            "charge": 0.9835268972308473,
            "dipole": [
                -0.0356977590699037,
                0.006657526117554048,
                -0.00491765925779661
            ],
            "quadrupole": [
                [
                    -2.9356783084894915,
                    -2.861170761329142,
                    -0.04150557245879884
                ],
                [
                    -2.861170761329142,
                    0.01676546565500357,
                    -2.7831308005693143
                ],
                [
                    -0.04150557245879884,
                    -2.7831308005693143,
                    -0.030354203617967895
                ]
            ],
            "volume_eff": 19.198770042016577,
            "alpha_iso": 6.031027238329814,
            "c6_ii": 11.77080064587214,
            "c8_ii": 215.55621649264856,
            "c10_ii": 4945.720390097518,
            "slater_b_init": 44.02148577513757
        },
        {
            "index": 2,
            "element": "O",
            "charge": -0.4015510925700365,
            "dipole": [
                -0.07210640995363937,
                0.055573613830805633,
                0.0014133167880287188
            ],
            "quadrupole": [
                [
                    -4.009973632203958,
                    -4.070384263076625,
                    -0.01785686554792679
                ],
                [
                    -4.070384263076625,
                    -0.029553439076172017,
                    -4.072804743723222
                ],
                [
                    -0.01785686554792679,
                    -4.072804743723222,
                    0.004197934929176111
                ]
            ],
            "volume_eff": 22.977818125531314,
            "alpha_iso": 6.855260656235862,
            "c6_ii": 25.141143318689686,
            "c8_ii": 1020.3307932556656,
            "c10_ii": 39875.537253955685,
            "slater_b_init": 34.17104967956425
        },
        {
            "index": 3,
            "element": "C",
            "charge": -0.01519061009174294,
            "dipole": [
                0.12071427170565706,
                0.020337446181975905,
                0.06308740389937206
            ],
            "quadrupole": [
                [
                    -4.2150948926569605,
                    -4.355415455637739,
                    0.03429506903281739
                ],
                [
                    -4.355415455637739,
                    0.05825448321425157,
                    -4.258302305435055
                ],
                [
                    0.03429506903281739,
                    -4.258302305435055,
                    0.0404910156484576
                ]
            ],
            "volume_eff": 30.76273472282311,
            "alpha_iso": 9.66368630036328,
            "c6_ii": 30.221016761744643,
            "c8_ii": 757.817520648419,
            "c10_ii": 23808.64457654726,
            "slater_b_init": 37.61960101208538
        },
        {
            "index": 4,
            "element": "C",
            "charge": -0.0049133230351774415,
            "dipole": [
                0.12401924520170673,
                -0.05698083505142226,
                -0.028861851275683015
            ],
            "quadrupole": [
                [
                    -4.221478695224407,
                    -4.286655213139977,
                    0.019567196205544316
                ],
                [
                    -4.286655213139977,
                    -0.09741245769456322,
                    -4.2547725852578
                ],
                [
                    0.019567196205544316,
                    -4.2547725852578,
                    -0.023516260554016646
                ]
            ],
            "volume_eff": 30.56393927852609,
            "alpha_iso": 9.601237469694059,
            "c6_ii": 29.83168930725489,
            "c8_ii": 744.8285969418769,
            "c10_ii": 23299.644656997745,
            "slater_b_init": 37.70098722053514
        },
        {
            "index": 5,
            "element": "O",
            "charge": -0.4008380967627847,
            "dipole": [
                -0.08388666075062476,
                -0.0301516219596397,
                -0.023070386377505733
            ],
            "quadrupole": [
                [
                    -3.992415619417876,
                    -4.081421550463473,
                    -0.011647755343566005
                ],
                [
                    -4.081421550463473,
                    0.009738890214480548,
                    -4.072090527974837
                ],
                [
                    -0.011647755343566005,
                    -4.072090527974837,
                    0.010317634301847296
                ]
            ],
            "volume_eff": 22.9585849090642,
            "alpha_iso": 6.849522569555066,
            "c6_ii": 25.099072946542172,
            "c8_ii": 1018.0549105485674,
            "c10_ii": 39764.38858413692,
            "slater_b_init": 34.18058911413204
        },
        {
            "index": 6,
            "element": "H",
            "charge": 0.12141013266077749,
            "dipole": [
                -0.040167097830547144,
                0.0215904998780817,
                0.04127687189262544
            ],
            "quadrupole": [
                [
                    -0.48009460065873594,
                    -0.493937120767502,
                    0.001552439326680563
                ],
                [
                    -0.493937120767502,
                    0.0066318870841401084,
                    -0.49120536977306706
                ],
                [
                    0.001552439326680563,
                    -0.49120536977306706,
                    0.009506153868101467
                ]
            ],
            "volume_eff": 2.6984601400160635,
            "alpha_iso": 0.8612106829838501,
            "c6_ii": 0.2380713562052253,
            "c8_ii": 1.5131387947926205,
            "c10_ii": 13.273655481436792,
            "slater_b_init": 69.41090279553202
        },
        {
            "index": 7,
            "element": "H",
            "charge": 0.10369165663651803,
            "dipole": [
                0.01008144729346481,
                0.026757417021328007,
                -0.053956404220766065
            ],