{
    "molecule": "BF4",
    "atoms": [
        {
            "index": 0,
            "element": "B",
            "charge": 1.2005235766817868,
            "dipole": [
                0.0008246922949870531,
                -0.0007920900574210828,
                0.001139443620169684
            ],
            "quadrupole": [
                [
                    -2.804380021956609,
                    -2.8056905676950916,
                    0.0009158439460673432
                ],
                [
                    -2.8056905676950916,
                    0.001127459746238355,
                    -2.807108597142089
                ],
                [
                    0.0009158439460673432,
                    -2.807108597142089,
                    -4.454193606082989e-05
                ]
            ],
            "volume_eff": 24.17326157881008,
            "alpha_iso": 11.012263608124593,
            "c6_ii": 28.712337900285814,
            "c8_ii": 667.4140503329006,
            "c10_ii": 10080.895503940146,
            "slater_b_init": 41.8251978901556
        },
        {
            "index": 1,
            "element": "F",
            "charge": -0.5503239911129043,
            "dipole": [
                -0.03025529060254579,
                0.07139552122093118,
                -0.04769500755495719
            ],
            "quadrupole": [
                [
                    -3.9965293426301765,
                    -4.002300126979596,
                    0.00378434574478245
                ],
                [
                    -4.002300126979596,
                    0.0019442137647485138,
                    -3.9990003330503407
                ],
                [
                    0.00378434574478245,
                    -3.9990003330503407,
                    -0.0008275114837597118
                ]
            ],
            "volume_eff": 21.2665131040602,
            "alpha_iso": 6.678739652514772,
            "c6_ii": 29.34576535925865,
            "c8_ii": 1439.6129971033338,
            "c10_ii": 65519.37194498077,
            "slater_b_init": 31.488112184890284
        },
        {
            "index": 2,
            "element": "F",
            "charge": -0.55114832831363,
            "dipole": [
                0.07476425819914702,
                -0.03892603449089922,
                -0.03329742321969814
            ],
            "quadrupole": [
                [
                    -4.00416394450129,
                    -3.9985628676147686,
                    -0.0014359297744142446
                ],
                [
                    -3.9985628676147686,
                    0.0034057451188001376,
                    -3.9978955398526588
                ],
                [
                    -0.0014359297744142446,
                    -3.9978955398526588,
                    0.0033911223765390954
                ]
            ],
            "volume_eff": 21.27475367717497,
            "alpha_iso": 6.681327601096271,
            "c6_ii": 29.368512179717673,
            "c8_ii": 1441.1010413570407,
            "c10_ii": 65604.0373366776,
            "slater_b_init": 31.48404611979054
        },
        {
            "index": 3,
            "element": "F",
            "charge": -0.5472413228077393,
            "dipole": [
                -0.06970186848903308,
                -0.06053461407791578,
                0.01451981641337097
            ],
            "quadrupole": [
                [
                    -3.9912158941961704,
                    -3.991079093514063,
                    0.0015138813960063242
                ],
                [
                    -3.991079093514063,
                    -0.008634726090870997,
                    -3.9832925363930993
                ],
                [
                    0.0015138813960063242,
                    -3.9832925363930993,
                    0.0019284473050737434
                ]
            ],
            "volume_eff": 21.178697292585166,
            "alpha_iso": 6.651161133208565,
            "c6_ii": 29.10391080256858,
            "c8_ii": 1423.8152456100029,
            "c10_ii": 64621.87809349834,
            "slater_b_init": 31.531573168868988
        },
        {
            "index": 4,
            "element": "F",
            "charge": -0.5514841491840272,
            "dipole": [
                0.027622264263328703,
                0.02624179029955481,
                0.08094544685682405
            ],
            "quadrupole": [
                [
                    -3.993502999843792,
                    -3.9938290737312188,
                    -0.004311692191586642
                ],
                [
                    -3.9938290737312188,
                    -0.0014402944934026967,
                    -4.003363196580035
                ],
                [
                    -0.004311692191586642,
                    -4.003363196580035,
                    -0.004079509886379115
                ]
            ],
            "volume_eff": 21.24644029715111,
            "alpha_iso": 6.672435795799522,
            "c6_ii": 29.29039437438606,
            "c8_ii": 1435.9923629008103,
            "c10_ii": 65313.45978681133,
            "slater_b_init": 31.49802530985765
        }
    ]
}