{
    "molecule": "FRAG_CS_eqO__eqO_C",
    "atoms": [
        {
            "index": 0,
            "element": "C",
            "charge": -0.6948818788116533,
            "dipole": [
                -0.05176881729349635,
                0.028996024271811655,
                -0.013655816314281137
            ],
            "quadrupole": [
                [
                    -5.484268563730707,
                    -5.456720011635202,
                    0.013492039872671814
                ],
                [
                    -5.456720011635202,
                    0.054781680852683125,
                    -5.407526662646592
                ],
                [
                    0.013492039872671814,
                    -5.407526662646592,
                    -0.019682495903069003
                ]
            ],
            "volume_eff": 41.0513129702695,
            "alpha_iso": 12.895700409508741,
            "c6_ii": 53.816232984819884,
            "c8_ii": 1635.6998206044382,
            "c10_ii": 62288.57234766817,
            "slater_b_init": 34.170144444330724
        },
        {
            "index": 1,
            "element": "S",
            "charge": 1.2827851289078556,
            "dipole": [
                0.0018422895834916007,
                -0.1307687035885976,
                -0.004315891598639931
            ],
            "quadrupole": [
                [
                    -7.4390353526635575,
                    -7.469236153298531,
                    -0.0009504592251404777
                ],
                [
                    -7.469236153298531,
                    -0.00913941424908548,
                    -7.462930003271513
                ],
                [
                    -0.0009504592251404777,
                    -7.462930003271513,
                    0.0019763322709704686
                ]
            ],
            "volume_eff": 56.91057710097713,
            "alpha_iso": 14.833075946531274,
            "c6_ii": 76.745884612572,
            "c8_ii": 1902.5104692841182,
            "c10_ii": 47398.55217680895,
            "slater_b_init": 37.30959493936178
        },
        {
            "index": 2,
            "element": "O",
            "charge": -0.6213250006298292,
            "dipole": [
                -0.03758218423424215,
                -0.10454519943895303,
                0.15361858444981388
            ],
            "quadrupole": [
                [
                    -4.335828829118046,
                    -4.359285441750319,
                    0.02617484759838085
                ],
                [
                    -4.359285441750319,
                    -0.005834423181207552,
                    -4.369861273215465
                ],
                [
                    0.02617484759838085,
                    -4.369861273215465,
                    0.009729161766430657
                ]
            ],
            "volume_eff": 25.15903819738243,
            "alpha_iso": 7.50601139590415,
            "c6_ii": 30.140851521841913,
            "c8_ii": 1299.4761671616875,
            "c10_ii": 53949.90742877592,
            "slater_b_init": 33.153539754326175
        },
        {
            "index": 3,
            "element": "O",
            "charge": -0.6213166754732828,
            "dipole": [
                0.04581332093841472,
                -0.09208709976715934,
                -0.15930087738293097
            ],
            "quadrupole": [
                [
                    -4.3382338250267445,
                    -4.352710827748582,
                    -0.02404302331575378
                ],
                [
                    -4.352710827748582,
                    0.007036818341721352,
                    -4.373823710935304
                ],
                [
                    -0.02404302331575378,
                    -4.373823710935304,
                    0.012433105757732495
                ]
            ],
            "volume_eff": 25.158718449615684,
            "alpha_iso": 7.505916001542801,
            "c6_ii": 30.14008540283174,
            "c8_ii": 1299.43212730096,
            "c10_ii": 53947.621953670525,
            "slater_b_init": 33.153680205642736
        },
        {
            "index": 4,
            "element": "C",
            "charge": -0.7035220488851923,
            "dipole": [
                0.05464233932189672,
                0.03493097169314865,
                0.014817399557850703
            ],
            "quadrupole": [
                [
                    -5.509729497187314,
                    -5.485548793950841,
                    -0.019397756263940708
                ],
                [
                    -5.485548793950841,
                    -0.061736223765763674,
                    -5.428005627812134
                ],
                [
                    -0.019397756263940708,
                    -5.428005627812134,
                    -0.022640377427480818
                ]
            ],
            "volume_eff": 41.31723552538265,
            "alpha_iso": 12.979236290696118,
            "c6_ii": 54.51571375375764,
            "c8_ii": 1664.1079023062882,
            "c10_ii": 63643.744424851095,
            "slater_b_init": 34.096678926664715
        },
        {
            "index": 5,
            "element": "H",
            "charge": 0.23895272213246577,
            "dipole": [
                -0.032688772733561085,
                -0.028035505132235156,
                -0.009716655719348035
            ],
            "quadrupole": [
                [
                    -0.39569643596243054,
                    -0.3869196926637354,
                    -0.0005709743265690037
                ],
                [
                    -0.3869196926637354,
                    -0.002726999890781243,
                    -0.3913501196093026
                ],
                [
                    -0.0005709743265690037,
                    -0.3913501196093026,
                    -0.0013631446565521461
                ]
            ],
            "volume_eff": 2.071147272471372,
            "alpha_iso": 0.6610044486610762,
            "c6_ii": 0.14024813469003786,
            "c8_ii": 0.7472490356797096,
            "c10_ii": 5.495077067758202,
            "slater_b_init": 75.81050130458799
        },
        {
            "index": 6,
            "element": "H",
            "charge": 0.21728625998776996,
            "dipole": [
                0.01171391672796517,
                0.022593266287412553,
                -0.0350229311024701
            ],
            "quadrupole": [
                [
                    -0.40672449899225266,
                    -0.41530685468016504,
                    0.004250709898335509
                ],
                [
                    -0.41530685468016504,
                    -0.0012317263598958315,
                    -0.4139562119252029
                ],
                [
                    0.004250709898335509,
                    -0.4139562119252029,
                    -0.001678993043538215
                ]
            ],
            "volume_eff": 2.2135524334070786,
            "alpha_iso": 0.706452904278855,
            "c6_ii": 0.16019714018598463,
            "c8_ii": 0.8922274558108537,
            "c10_ii": 6.858617176924944,
            "slater_b_init": 74.14862312281744
        },
        {
            "index": 7,
            "element": "H",
            "charge": 0.21727531761329244,
            "dipole": [
                -0.007603451985333797,
                0.019760852546724435,
                0.03773655678911942
            ],